Depth,AvgAmplitude,MaxAmplitude,Dominant Frequency
0.0,0.0,0.0,109.0
1.0,0.0,0.0,109.0
2.0,0.0,0.0,90.0
3.0,0.0,0.0,90.0
4.0,0.0,0.0,102.0
5.0,2.305976629257202,423.57421875,102.0
6.0,4.921080589294434,529.4677734375,102.0
7.0,7.0496344566345215,529.4677734375,120.0
8.0,8.301819801330566,525.1328125,120.0
9.0,11.072407722473145,674.666015625,120.0
10.0,11.561935424804688,1079.46484375,123.0
11.0,14.162186622619629,1484.263671875,123.0
12.0,19.79037857055664,1094.8828125,99.0
13.0,24.043516159057617,1581.49609375,99.0
14.0,36.03921890258789,2231.8203125,99.0
15.0,53.07797622680664,3643.19140625,118.0
16.0,80.1128921508789,4452.7890625,118.0
17.0,107.72984313964844,3913.05859375,118.0
18.0,169.90719604492188,3884.576171875,118.0
19.0,248.14669799804688,3616.673828125,118.0
20.0,336.17108154296875,5393.46484375,103.0
21.0,408.51043701171875,5393.46484375,100.0
22.0,500.6584777832031,5893.8359375,100.0
23.0,603.504150390625,7457.51171875,114.0
24.0,746.9437866210938,9438.41015625,114.0
25.0,936.1431884765625,10664.34765625,114.0
26.0,1094.592041015625,8699.70703125,75.0
27.0,1140.1324462890625,8431.80859375,75.0
28.0,1184.3502197265625,8460.91796875,117.0
29.0,1254.437744140625,9739.89453125,117.0
30.0,1413.43798828125,9478.171875,117.0
31.0,1587.7591552734375,9698.03125,117.0
32.0,1742.473388671875,10771.51171875,95.0
33.0,1840.8232421875,12000.61328125,95.0
34.0,1902.5413818359375,11798.921875,113.0
35.0,2068.22509765625,12297.84765625,113.0
36.0,2255.8779296875,12199.46484375,113.0
37.0,2428.22998046875,12014.921875,113.0
38.0,2408.02978515625,12133.3125,137.0
39.0,2351.513427734375,12541.15625,120.0
40.0,2523.6064453125,11277.2421875,120.0
41.0,2740.26611328125,12088.91796875,125.0
42.0,2876.570068359375,12687.03125,99.0
43.0,2986.68896484375,12926.41015625,99.0
44.0,3021.853271484375,12716.66015625,99.0
45.0,2966.738525390625,12092.609375,99.0
46.0,2968.393310546875,11724.56640625,129.0
47.0,3019.27587890625,12418.1875,129.0
48.0,3181.862548828125,13305.203125,129.0
49.0,3319.322021484375,12660.5078125,120.0
50.0,3390.7060546875,12892.3203125,104.0
51.0,3362.42724609375,13262.08203125,104.0
52.0,3239.189208984375,14312.54296875,104.0
53.0,3110.09765625,12203.47265625,104.0
54.0,3041.66357421875,12438.39453125,104.0
55.0,3205.477294921875,12279.90625,136.0
56.0,3424.46044921875,11335.16015625,136.0
57.0,3548.451171875,13084.14453125,136.0
58.0,3607.224609375,13587.140625,136.0
59.0,3524.777587890625,12749.0,96.0
60.0,3350.80224609375,12002.015625,94.0
61.0,3233.50537109375,11650.828125,94.0
62.0,3117.912841796875,10968.1875,94.0
63.0,3237.0068359375,11624.14453125,113.0
64.0,3419.70751953125,12979.3359375,119.0
65.0,3398.080322265625,12729.1640625,119.0
66.0,3265.226806640625,13586.296875,120.0
67.0,3156.7734375,13367.1640625,123.0
68.0,3101.575439453125,12642.28125,113.0
69.0,3254.396728515625,13027.015625,113.0
70.0,3302.460205078125,14332.47265625,113.0
71.0,3244.536865234375,13384.0,120.0
72.0,3168.839599609375,13872.07421875,120.0
73.0,3276.8115234375,13339.79296875,120.0
74.0,3396.441650390625,12141.28125,131.0
75.0,3519.464599609375,14134.1328125,131.0
76.0,3470.968017578125,14243.69921875,131.0
77.0,3298.910888671875,12657.79296875,83.0
78.0,3422.54443359375,12631.14453125,108.0
79.0,3731.949951171875,15486.03515625,83.0
80.0,3871.330810546875,18304.71875,83.0
81.0,3882.30224609375,18590.73046875,95.0
82.0,3836.121826171875,14859.9765625,95.0
83.0,3916.75537109375,15291.140625,95.0
84.0,4259.45166015625,16612.29296875,131.0
85.0,4446.7265625,20272.6328125,131.0
86.0,4331.8466796875,18583.24609375,100.0
87.0,4194.88037109375,20035.921875,98.0
88.0,4069.52001953125,22659.0234375,109.0
89.0,4332.951171875,20870.265625,109.0
90.0,4572.599609375,19076.25390625,116.0
91.0,4613.14404296875,18514.890625,99.0
92.0,4380.4228515625,17531.43359375,99.0
93.0,4045.19384765625,22304.9765625,99.0
94.0,3899.019775390625,20369.375,99.0
95.0,4015.96142578125,18343.3046875,119.0
96.0,4206.857421875,19782.484375,114.0
97.0,4163.35498046875,19090.3359375,114.0
98.0,3905.541259765625,22535.3203125,101.0
99.0,3499.10888671875,21576.37109375,96.0
100.0,3478.8603515625,14493.921875,96.0
101.0,3550.771728515625,14387.2578125,96.0
102.0,3661.063720703125,17462.7109375,96.0
103.0,3724.55078125,16662.89453125,94.0
104.0,3497.65283203125,15183.37109375,94.0
105.0,3381.968505859375,13744.9453125,94.0
106.0,3449.896484375,12379.6640625,94.0
107.0,3382.337158203125,14681.97265625,143.0
108.0,3433.8779296875,15381.1171875,143.0
109.0,3422.79052734375,13783.5703125,125.0
110.0,3330.937744140625,12361.4765625,125.0
111.0,3291.50830078125,13744.02734375,125.0
112.0,3332.634033203125,14737.6953125,125.0
113.0,3290.356689453125,17198.96875,84.0
114.0,3277.754150390625,17198.96875,130.0
115.0,3457.61181640625,13550.8203125,129.0
116.0,3588.884765625,13713.04296875,95.0
117.0,3611.405517578125,14649.921875,89.0
118.0,3608.00537109375,14793.34765625,89.0
119.0,3621.56982421875,13635.60546875,109.0
120.0,3834.08837890625,14626.94921875,133.0
121.0,3810.023193359375,17171.765625,89.0
122.0,3793.866455078125,16375.18359375,131.0
123.0,3936.3232421875,17983.99609375,127.0
124.0,3956.860107421875,18410.38671875,127.0
125.0,3726.837158203125,17483.24609375,126.0
126.0,3717.65185546875,14434.234375,127.0
127.0,3855.441650390625,17044.67578125,97.0
128.0,3969.386474609375,15984.7421875,146.0
129.0,3784.291015625,15525.21875,108.0
130.0,3690.329345703125,15806.76953125,106.0
131.0,3721.3466796875,15323.44921875,100.0
132.0,3764.74658203125,14772.05078125,132.0
133.0,3764.055419921875,16496.25390625,132.0
134.0,3725.509765625,18837.765625,108.0
135.0,3593.983642578125,19035.58984375,108.0
136.0,3433.005615234375,15897.48046875,142.0
137.0,3452.056640625,13867.4921875,142.0
138.0,3592.04736328125,14495.38671875,94.0
139.0,3600.000732421875,15500.40625,94.0
140.0,3571.9775390625,15628.03125,94.0
141.0,3561.88232421875,12481.40625,135.0
142.0,3626.19384765625,14440.74609375,132.0
143.0,3712.87744140625,12425.8046875,114.0
144.0,3808.289794921875,12109.92578125,114.0
145.0,3819.810791015625,14531.5390625,116.0
146.0,3756.752197265625,18162.0,93.0
147.0,3684.072021484375,14557.75,76.0
148.0,3676.509521484375,13087.55859375,122.0
149.0,3803.02587890625,14285.0625,122.0
150.0,3869.58154296875,20778.55859375,122.0
151.0,3797.74609375,21051.34375,122.0
152.0,3512.043212890625,13595.65625,145.0
153.0,3196.17529296875,11671.921875,127.0
154.0,3247.547119140625,12188.37890625,163.0
155.0,3392.96630859375,13276.26171875,110.0
156.0,3525.417724609375,13644.17578125,110.0
157.0,3644.186767578125,12561.18359375,110.0
158.0,3490.603515625,13735.125,110.0
159.0,3424.527587890625,11538.9765625,110.0
160.0,3195.020751953125,11864.7421875,110.0
161.0,3199.218017578125,11248.546875,97.0
162.0,3391.514892578125,11842.21484375,97.0
163.0,3782.026123046875,12306.6171875,79.0
164.0,3923.2177734375,12902.2421875,80.0
165.0,3474.234130859375,14118.89453125,80.0
166.0,3289.021728515625,12805.5078125,80.0
167.0,3291.063232421875,11130.02734375,148.0
168.0,3687.525390625,13345.8359375,119.0
169.0,3944.443359375,14819.9453125,90.0
170.0,3711.50732421875,15918.24609375,141.0
171.0,3355.101318359375,11642.05078125,119.0
172.0,3270.289794921875,11481.94140625,119.0
173.0,3554.064208984375,11426.22265625,119.0
174.0,3635.806884765625,14177.8515625,127.0
175.0,3548.427978515625,17459.7578125,127.0
176.0,3425.00537109375,14712.83984375,127.0
177.0,3419.52197265625,13558.109375,119.0
178.0,3368.063720703125,13961.359375,137.0
179.0,3337.733642578125,12264.421875,137.0
180.0,3541.9013671875,13607.47265625,98.0
181.0,4015.416259765625,14067.86328125,98.0
182.0,4052.90283203125,16326.8984375,98.0
183.0,3779.204833984375,15002.08984375,117.0
184.0,3894.05419921875,13189.60546875,117.0
185.0,4013.159423828125,15755.09375,117.0
186.0,3928.782958984375,13971.49609375,117.0
187.0,3911.23779296875,14047.328125,129.0
188.0,4005.922119140625,12321.40625,110.0
189.0,3952.013916015625,14974.74609375,135.0
190.0,3701.722412109375,16472.21875,135.0
191.0,3601.359375,12858.5859375,129.0
192.0,3909.3857421875,14151.3984375,129.0
193.0,4278.181640625,13622.984375,135.0
194.0,4395.5126953125,16498.92578125,135.0
195.0,4151.248046875,18626.59375,117.0
196.0,4195.65234375,19947.578125,117.0
197.0,4183.05859375,18387.83203125,117.0
198.0,4372.13232421875,17595.23828125,117.0
199.0,4503.255859375,16093.21484375,108.0
200.0,4213.21728515625,17618.859375,124.0
201.0,3896.69384765625,16973.3828125,124.0
202.0,3650.92724609375,15625.62109375,68.0
203.0,3886.374755859375,15576.93359375,68.0
204.0,3923.55078125,14833.5703125,68.0
205.0,3854.692626953125,13507.08203125,108.0
206.0,3701.97607421875,11514.1015625,108.0
207.0,3648.4609375,12214.0234375,108.0
208.0,3647.64306640625,12010.7890625,117.0
209.0,3776.767822265625,12301.359375,119.0
210.0,3770.236328125,13957.3203125,119.0
211.0,3579.182373046875,13945.2578125,115.0
212.0,3514.28369140625,12480.83984375,118.0
213.0,3528.317626953125,10471.44921875,118.0
214.0,3685.211669921875,11929.875,76.0
215.0,3529.438232421875,12939.80078125,76.0
216.0,3200.893310546875,14105.546875,76.0
217.0,3119.421142578125,11491.203125,125.0
218.0,3160.52099609375,13863.38671875,125.0
219.0,3192.07861328125,13381.1796875,125.0
220.0,3101.807373046875,12643.046875,125.0
221.0,3123.5107421875,12233.76171875,90.0
222.0,3108.56298828125,12146.3984375,90.0
223.0,3073.546875,11276.4140625,90.0
224.0,3097.5732421875,12416.76953125,131.0
225.0,3266.696533203125,13310.55078125,150.0
226.0,3236.843994140625,11203.046875,96.0
227.0,3138.35400390625,10893.828125,96.0
228.0,2930.27685546875,11859.140625,80.0
229.0,3026.244384765625,13093.72265625,90.0
230.0,3219.327392578125,13310.1484375,102.0
231.0,3225.430908203125,10953.15625,132.0
232.0,3098.493896484375,13767.265625,107.0
233.0,3270.15625,10943.08203125,130.0
234.0,3348.590576171875,11170.7109375,71.0
235.0,3209.577392578125,14067.63671875,149.0
236.0,3168.43505859375,14895.73046875,144.0
237.0,3206.88818359375,12459.5859375,109.0
238.0,3053.094970703125,14735.83203125,108.0
239.0,3015.474853515625,12834.43359375,143.0
240.0,3103.847412109375,12968.58203125,144.0
241.0,3285.479248046875,13971.0234375,144.0
242.0,3213.492431640625,11642.67578125,105.0
243.0,3159.76025390625,10351.83203125,109.0
244.0,3566.2080078125,13397.3046875,97.0
245.0,3935.286865234375,13825.71484375,109.0
246.0,3882.74169921875,15650.88671875,137.0
247.0,3616.61083984375,13141.96875,114.0
248.0,3582.388427734375,13268.47265625,114.0
249.0,3730.220458984375,17533.33984375,138.0
250.0,3981.1923828125,14453.15625,138.0
251.0,3895.5849609375,14695.109375,106.0
252.0,3608.29638671875,12196.125,128.0
253.0,3493.56591796875,13540.078125,128.0
254.0,3778.627197265625,13587.08203125,128.0
255.0,3650.7666015625,12869.984375,84.0
256.0,3528.0322265625,13770.375,128.0
257.0,3745.2470703125,14108.125,112.0
258.0,3901.3984375,15760.78125,112.0
259.0,3910.9423828125,15013.69921875,75.0
260.0,3982.490234375,14068.90234375,90.0
261.0,3835.955322265625,15002.296875,118.0
262.0,3745.31640625,13773.3828125,118.0
263.0,3939.735107421875,12310.30078125,94.0
264.0,4149.13525390625,14857.34765625,111.0
265.0,4083.717041015625,13153.71484375,94.0
266.0,3900.041748046875,13890.32421875,94.0
267.0,4071.11376953125,14747.64453125,94.0
268.0,4329.7197265625,13633.87890625,94.0
269.0,4128.61865234375,17258.078125,133.0
270.0,3898.636474609375,14085.63671875,133.0
271.0,3969.42333984375,12614.21484375,133.0
272.0,4238.24365234375,15262.97265625,133.0
273.0,4218.64697265625,13904.109375,124.0
274.0,3716.90966796875,13347.67578125,108.0
275.0,3403.55224609375,13036.71484375,108.0
276.0,3538.847900390625,12152.8671875,87.0
277.0,3773.968505859375,12992.73828125,81.0
278.0,3734.777587890625,12444.58984375,88.0
279.0,3731.32861328125,14650.09765625,88.0
280.0,3805.85888671875,13030.78515625,109.0
281.0,3701.63232421875,14538.48046875,113.0
282.0,3486.208984375,13183.87109375,113.0
283.0,3505.4453125,14064.09375,113.0
284.0,3903.7607421875,15118.8984375,113.0
285.0,4086.7265625,15780.87109375,113.0
286.0,3742.007568359375,13661.0546875,113.0
287.0,3401.111572265625,10559.40234375,133.0
288.0,3481.587890625,12767.41015625,137.0
289.0,3661.140380859375,13562.65234375,100.0
290.0,3587.104248046875,13662.15234375,100.0
291.0,3347.606689453125,14111.65234375,107.0
292.0,3305.10888671875,13009.74609375,98.0
293.0,3645.6015625,13229.14453125,133.0
294.0,3770.802734375,14868.70703125,126.0
295.0,3340.732666015625,13840.76171875,132.0
296.0,3037.738525390625,12661.796875,132.0
297.0,3348.255615234375,12360.6484375,126.0
298.0,3700.23095703125,12224.9609375,126.0
299.0,3427.739013671875,14001.88671875,126.0
300.0,3110.896728515625,14412.66015625,126.0
301.0,3316.14111328125,11305.625,105.0
302.0,3524.42822265625,13623.171875,105.0
303.0,3411.007568359375,13965.4453125,116.0
304.0,3254.947998046875,15070.2109375,104.0
305.0,3469.715576171875,13050.234375,104.0
306.0,3587.15283203125,11847.9140625,100.0
307.0,3501.02685546875,12712.359375,100.0
308.0,3255.30419921875,14322.328125,100.0
309.0,3418.268310546875,13957.3203125,100.0
310.0,3603.140380859375,12344.40625,100.0
311.0,3554.451904296875,11642.109375,100.0
312.0,3201.242431640625,10658.82421875,100.0
313.0,3123.3984375,12520.90234375,103.0
314.0,3471.37255859375,13657.90625,98.0
315.0,3604.635498046875,11767.953125,98.0
316.0,3314.32470703125,13253.2265625,147.0
317.0,3185.7080078125,13203.54296875,147.0
318.0,3258.863037109375,11862.1796875,97.0
319.0,3516.2822265625,12309.91015625,116.0
320.0,3624.7890625,13630.984375,116.0
321.0,3564.92822265625,14383.9921875,143.0
322.0,3611.092529296875,15287.55859375,107.0
323.0,3806.354248046875,14088.875,96.0
324.0,3953.650146484375,14321.75,96.0
325.0,3908.621826171875,14383.9921875,106.0
326.0,3846.86376953125,13853.57421875,106.0
327.0,3978.379638671875,14554.625,106.0
328.0,4142.83642578125,15136.80859375,106.0
329.0,4059.634033203125,13441.86328125,106.0
330.0,3807.048095703125,13565.96484375,106.0
331.0,3791.8388671875,13363.26171875,150.0
332.0,3837.462158203125,14618.98828125,98.0
333.0,3918.517822265625,13162.9609375,98.0
334.0,3799.076171875,16797.8984375,98.0
335.0,3848.38916015625,14145.59765625,93.0
336.0,3644.1240234375,12718.515625,131.0
337.0,3521.793701171875,11841.37890625,131.0
338.0,3625.66455078125,16453.69921875,93.0
339.0,3786.6669921875,14958.1875,93.0
340.0,3475.84130859375,12741.42578125,93.0
341.0,3274.303466796875,12346.92578125,93.0
342.0,3213.82666015625,11782.796875,91.0
343.0,3416.04052734375,14267.80859375,93.0
344.0,3524.504150390625,13566.25,93.0
345.0,3674.587158203125,13830.625,93.0
346.0,3693.425537109375,14212.53515625,102.0
347.0,3535.640625,12208.36328125,102.0
348.0,3330.6142578125,11955.65625,102.0
349.0,3792.769775390625,12175.0078125,102.0
350.0,4184.3720703125,14338.01171875,102.0
351.0,3941.832763671875,13965.2109375,91.0
352.0,3392.6953125,14396.65234375,95.0
353.0,3301.451416015625,12782.19140625,95.0
354.0,3837.084228515625,13722.1640625,119.0
355.0,3986.188232421875,15252.2578125,119.0
356.0,3578.275390625,12475.5390625,146.0
357.0,3306.526611328125,11523.046875,87.0
358.0,3495.279296875,12432.046875,87.0
359.0,3671.70947265625,14819.9453125,87.0
360.0,3551.8330078125,14170.8984375,87.0
361.0,3407.83984375,11269.1328125,87.0
362.0,3341.614501953125,13607.1640625,87.0
363.0,3489.89453125,14155.25,87.0
364.0,3589.174072265625,13969.72265625,102.0
365.0,3724.929931640625,13857.85546875,102.0
366.0,3797.037109375,12305.4453125,102.0
367.0,3514.650634765625,13158.52734375,102.0
368.0,3335.811767578125,13351.515625,102.0
369.0,3393.971923828125,16541.703125,142.0
370.0,3786.41015625,14692.6640625,142.0
371.0,3886.470703125,14682.19140625,142.0
372.0,3595.509765625,14999.58984375,142.0
373.0,3452.5693359375,12923.62109375,90.0
374.0,3549.04443359375,11523.5625,90.0
375.0,3432.43896484375,10702.88671875,103.0
376.0,3443.541259765625,12433.12890625,82.0
377.0,3677.796630859375,15723.47265625,136.0
378.0,3619.769775390625,16427.5078125,73.0
379.0,3174.95751953125,12283.375,73.0
380.0,3191.858154296875,12510.70703125,105.0
381.0,3699.59912109375,11851.64453125,89.0
382.0,3785.95263671875,15521.1953125,89.0
383.0,3735.019287109375,12788.58984375,118.0
384.0,3642.125244140625,16919.2421875,118.0
385.0,3689.512939453125,15251.1484375,110.0
386.0,3506.79638671875,12937.4453125,118.0
387.0,3669.221923828125,13555.35546875,118.0
388.0,3790.619873046875,11676.66015625,118.0
389.0,3412.0029296875,14572.93359375,104.0
390.0,3178.98681640625,15158.1953125,104.0
391.0,3487.379638671875,15278.50390625,85.0
392.0,3675.397216796875,13170.73828125,85.0
393.0,3331.46240234375,13930.58984375,114.0
394.0,3057.2314453125,11768.13671875,114.0
395.0,3479.955322265625,12257.64453125,132.0
396.0,3741.075439453125,12186.1875,132.0
397.0,3372.84228515625,13420.99609375,132.0
398.0,3160.737060546875,13088.2421875,132.0
399.0,3461.631591796875,11287.08984375,86.0
400.0,3646.310791015625,12885.1640625,115.0
401.0,3605.9931640625,13364.66015625,115.0
402.0,3600.502197265625,12124.74609375,111.0
403.0,3695.545166015625,12811.375,94.0
404.0,3692.195068359375,12381.8359375,80.0
405.0,3766.519775390625,12823.5078125,80.0
406.0,3886.766357421875,12407.45703125,80.0
407.0,3794.317626953125,15222.09375,105.0
408.0,3448.646728515625,12838.02734375,132.0
409.0,3640.883544921875,12727.28515625,110.0
410.0,3983.8583984375,15154.25390625,86.0
411.0,3783.958984375,14068.671875,98.0
412.0,3519.6611328125,12238.4453125,102.0
413.0,3580.709716796875,12156.33984375,102.0
414.0,3661.8603515625,16338.59375,92.0
415.0,3677.00537109375,15310.2890625,83.0
416.0,3824.6396484375,14671.0859375,102.0
417.0,3827.74853515625,17237.9609375,102.0
418.0,3642.2919921875,13627.3046875,102.0
419.0,3430.343994140625,14104.48828125,139.0
420.0,3736.619384765625,13983.9375,87.0
421.0,3957.074462890625,13511.80859375,140.0
422.0,3821.439208984375,12277.94921875,126.0
423.0,3454.919921875,15068.89453125,126.0
424.0,3598.365234375,16515.51171875,126.0
425.0,3957.072021484375,14300.0,90.0
426.0,3936.21240234375,12889.0703125,136.0
427.0,3708.458251953125,12222.7578125,136.0
428.0,3748.30126953125,13310.1484375,136.0
429.0,3845.528564453125,12886.1328125,114.0
430.0,3904.557373046875,12765.078125,114.0
431.0,3907.236328125,13948.015625,129.0
432.0,3828.98828125,12377.05078125,129.0
433.0,3480.064453125,12495.45703125,130.0
434.0,3494.343017578125,13712.59375,130.0
435.0,3848.068359375,15510.171875,130.0
436.0,4237.9833984375,14167.2421875,150.0
437.0,4146.37646484375,14758.609375,150.0
438.0,3701.57958984375,12843.3984375,98.0
439.0,3575.41845703125,15267.82421875,98.0
440.0,4036.526611328125,14721.03125,98.0
441.0,4274.05810546875,15810.703125,140.0
442.0,3856.015625,13568.88671875,140.0
443.0,3621.302734375,12069.515625,140.0
444.0,3974.89990234375,15453.4921875,110.0
445.0,4054.965576171875,12885.375,114.0
446.0,3733.69873046875,13353.0703125,114.0
447.0,3700.4677734375,15720.34375,108.0
448.0,3773.6669921875,12945.8203125,108.0
449.0,3760.800048828125,12128.9765625,108.0
450.0,3755.932861328125,13219.15625,127.0
451.0,3613.98291015625,11504.62109375,147.0
452.0,3392.812255859375,12122.5390625,147.0
453.0,3233.8125,13449.2578125,147.0
454.0,3715.90283203125,11999.671875,136.0
455.0,3832.3193359375,11685.17578125,136.0
456.0,3566.45458984375,11979.921875,136.0
457.0,3376.91162109375,11400.56640625,136.0
458.0,3640.099853515625,12687.03125,128.0
459.0,3855.21142578125,13427.92578125,109.0
460.0,3802.254638671875,12739.03515625,109.0
461.0,3577.501953125,13772.5859375,109.0
462.0,3586.228759765625,13019.39453125,135.0
463.0,3733.44091796875,12980.29296875,135.0
464.0,3896.749267578125,13148.390625,135.0
465.0,4140.0126953125,14235.63671875,96.0
466.0,4127.4580078125,15158.83203125,74.0
467.0,3823.656982421875,14450.20703125,74.0
468.0,3737.187744140625,12866.4296875,74.0
469.0,4104.70849609375,14674.34375,74.0
470.0,4292.546875,18975.2421875,74.0
471.0,4045.169921875,19972.015625,81.0
472.0,3686.873779296875,14233.63671875,81.0
473.0,3761.525390625,12537.48828125,94.0
474.0,3702.32177734375,15130.31640625,94.0
475.0,3688.39794921875,19173.65625,96.0
476.0,3725.118408203125,14120.13671875,96.0
477.0,3602.185546875,12830.55078125,96.0
478.0,3447.935791015625,13476.96875,96.0
479.0,3485.872802734375,15161.58984375,155.0
480.0,3797.54248046875,11520.3828125,109.0
481.0,3694.802001953125,16227.765625,155.0
482.0,3552.35498046875,15373.54296875,150.0
483.0,3617.896728515625,13027.734375,150.0
484.0,3674.391845703125,13930.15625,130.0
485.0,3699.856689453125,12163.2265625,105.0
486.0,3700.2978515625,12224.9609375,105.0
487.0,3676.59912109375,12214.7734375,124.0
488.0,3478.478271484375,12087.53515625,124.0
489.0,3371.650634765625,11831.50390625,110.0
490.0,3280.677490234375,10765.63671875,124.0
491.0,3425.152587890625,12152.2109375,94.0
492.0,3646.230712890625,12992.19140625,147.0
493.0,3665.333740234375,12005.22265625,147.0
494.0,3388.359375,13086.77734375,147.0
495.0,3342.4150390625,11953.890625,147.0
496.0,3649.123291015625,11717.76953125,139.0
497.0,3839.762939453125,11863.015625,139.0
498.0,3895.126708984375,13387.58984375,139.0
499.0,3863.696533203125,14712.453125,108.0
500.0,3471.0966796875,11627.4453125,108.0
501.0,3143.320556640625,10878.23046875,146.0
502.0,3667.07470703125,14518.45703125,98.0
503.0,3935.89794921875,17269.74609375,95.0
504.0,3674.03271484375,13819.984375,95.0
505.0,3187.8623046875,11436.24609375,158.0
506.0,3364.113525390625,15688.0,103.0
507.0,3813.099853515625,16734.25,103.0
508.0,3898.68359375,14450.22265625,102.0
509.0,3483.5166015625,12184.56640625,102.0
510.0,3509.455322265625,13131.20703125,124.0
511.0,3607.150146484375,11380.9921875,104.0
512.0,3500.75048828125,13885.7578125,104.0
513.0,3562.895263671875,12787.79296875,124.0
514.0,3778.016357421875,13544.54296875,111.0
515.0,3601.53271484375,16049.9609375,111.0
516.0,3511.21630859375,13517.8046875,125.0
517.0,3789.671875,12430.921875,123.0
518.0,3825.7734375,13404.49609375,123.0
519.0,3698.968505859375,15325.7421875,130.0
520.0,3748.9130859375,14654.81640625,130.0
521.0,3745.87451171875,14402.1484375,130.0
522.0,3437.67724609375,13669.2265625,106.0
523.0,3419.422607421875,12903.0234375,146.0
524.0,3489.5166015625,12596.08984375,146.0
525.0,3600.269287109375,14921.15625,146.0
526.0,3392.034423828125,11139.0390625,112.0
527.0,3156.602783203125,13342.65234375,75.0
528.0,3259.44189453125,12184.8203125,91.0
529.0,3642.9248046875,13403.64453125,162.0
530.0,3654.943359375,13278.375,114.0
531.0,3252.951171875,11854.875,114.0
532.0,3476.38818359375,11893.40234375,114.0
533.0,4077.4541015625,16269.67578125,94.0
534.0,4084.916259765625,14854.921875,109.0
535.0,3659.313720703125,13270.23828125,88.0
536.0,3491.57470703125,15248.33984375,105.0
537.0,4109.0126953125,14525.59765625,173.0
538.0,4153.916015625,14825.1171875,126.0
539.0,3787.177490234375,12288.24609375,136.0
540.0,3430.332275390625,14452.95703125,136.0
541.0,3439.0712890625,15547.87890625,136.0
542.0,3499.263671875,15504.4453125,116.0
543.0,3266.904052734375,13210.39453125,116.0
544.0,3331.95263671875,14233.375,105.0
545.0,3464.656982421875,13228.51171875,107.0
546.0,3302.6875,11659.40234375,107.0
547.0,3336.676025390625,13811.80859375,153.0
548.0,3551.75341796875,13495.5078125,124.0
549.0,3722.601318359375,13881.41796875,130.0
550.0,3459.904052734375,12159.36328125,130.0
551.0,3289.0576171875,14394.99609375,130.0
552.0,3548.70751953125,13119.3984375,124.0
553.0,3613.314453125,11947.125,113.0
554.0,3334.43408203125,11916.375,87.0
555.0,3307.4501953125,14529.6953125,138.0
556.0,3537.569091796875,13337.98046875,138.0
557.0,3510.841796875,12197.0234375,97.0
558.0,3328.09228515625,14883.30859375,139.0
559.0,3563.29052734375,13214.4609375,139.0
560.0,3706.100830078125,15664.09375,139.0
561.0,3547.06787109375,14619.37890625,139.0
562.0,3615.613525390625,13312.19921875,136.0
563.0,3845.877197265625,12030.671875,105.0
564.0,3774.48486328125,14051.80859375,140.0
565.0,3518.010986328125,13129.984375,112.0
566.0,3619.093994140625,13963.6328125,91.0
567.0,3637.976806640625,13218.8046875,136.0
568.0,3757.8349609375,14246.53125,136.0
569.0,3757.565673828125,16211.5703125,135.0
570.0,3563.419921875,14510.0,135.0
571.0,3480.939697265625,13974.09765625,95.0
572.0,3492.276123046875,14919.48828125,95.0
573.0,3615.288330078125,16784.421875,95.0
574.0,3574.583740234375,14510.0,112.0
575.0,3492.2041015625,14359.77734375,104.0
576.0,3426.613037109375,14650.7265625,104.0
577.0,3501.55224609375,19510.09765625,122.0
578.0,3549.82470703125,14776.02734375,122.0
579.0,3314.031982421875,14249.890625,112.0
580.0,3459.998046875,12279.96484375,112.0
581.0,3695.077880859375,12711.109375,87.0
582.0,3814.40673828125,13088.09375,133.0
583.0,3675.674560546875,15378.59375,123.0
584.0,3788.804931640625,14674.27734375,94.0
585.0,4087.32275390625,13870.9375,94.0
586.0,4140.34765625,13633.828125,94.0
587.0,4135.4619140625,13228.015625,94.0
588.0,3984.119873046875,15846.10546875,112.0
589.0,4138.8271484375,16097.6328125,89.0
590.0,4031.34326171875,15957.80078125,89.0
591.0,3648.274169921875,14593.11328125,116.0
592.0,3461.16162109375,14719.546875,116.0
593.0,3694.232666015625,14945.4765625,116.0
594.0,3691.5224609375,17142.66796875,99.0
595.0,3650.9052734375,17087.66015625,112.0
596.0,3524.16357421875,18257.22265625,92.0
597.0,3612.194580078125,15485.84765625,121.0
598.0,3433.78955078125,12236.75390625,121.0
599.0,3440.846435546875,13704.68359375,121.0
600.0,3634.414306640625,13295.515625,121.0
601.0,3706.47607421875,12766.9609375,83.0
602.0,3492.07958984375,15137.17578125,83.0
603.0,3656.24609375,15941.6171875,83.0
604.0,3881.453369140625,13662.73828125,162.0
605.0,4122.130859375,15013.0703125,91.0
606.0,4183.2841796875,14907.48828125,91.0
607.0,4098.615234375,13042.2109375,102.0
608.0,4008.765625,12381.85546875,102.0
609.0,4011.5341796875,17175.96875,119.0
610.0,4165.14111328125,15776.4453125,119.0
611.0,4309.18603515625,13298.453125,103.0
612.0,3828.91162109375,14204.59765625,100.0
613.0,3490.1923828125,11515.1640625,105.0
614.0,3753.6103515625,15080.80859375,121.0
615.0,3835.1279296875,14105.546875,121.0
616.0,3464.791259765625,15288.0,130.0
617.0,3329.3115234375,14926.86328125,130.0
618.0,3690.384765625,15141.4296875,87.0
619.0,3779.962890625,13969.28515625,87.0
620.0,3393.597900390625,14224.4375,110.0
621.0,3236.597900390625,12707.34375,93.0
622.0,3586.11572265625,12675.19140625,141.0
623.0,3884.56982421875,14543.6328125,93.0
624.0,3794.31103515625,12616.6015625,93.0
625.0,3612.934326171875,12547.0859375,119.0
626.0,3697.45458984375,14312.44140625,93.0
627.0,3838.462890625,15691.8359375,119.0
628.0,3856.474609375,12590.8828125,112.0
629.0,3765.313232421875,13449.28515625,112.0
630.0,3772.19091796875,16236.8046875,116.0
631.0,3607.18701171875,16451.1171875,116.0
632.0,3668.1328125,12945.04296875,116.0
633.0,3849.34033203125,12889.60546875,116.0
634.0,3928.29638671875,14833.5703125,87.0
635.0,3761.61376953125,13709.05078125,87.0
636.0,3775.796630859375,14825.9453125,87.0
637.0,3700.311767578125,15047.23046875,87.0
638.0,3634.850830078125,14047.66015625,87.0
639.0,3610.286376953125,13820.64453125,105.0
640.0,3603.825439453125,12746.3125,105.0
641.0,3257.7685546875,13641.52734375,150.0
642.0,3181.292236328125,11553.58203125,150.0
643.0,3583.995849609375,12513.97265625,150.0
644.0,3798.39990234375,15381.6171875,119.0
645.0,3651.20458984375,15079.953125,119.0
646.0,3543.6904296875,14760.62890625,109.0
647.0,3834.4638671875,12373.5,114.0
648.0,4150.19287109375,15228.0625,114.0
649.0,3998.174560546875,15124.91015625,95.0
650.0,3729.50537109375,12678.234375,95.0
651.0,3424.44189453125,15821.91015625,114.0
652.0,3637.3388671875,15953.38671875,114.0
653.0,3809.45068359375,14374.72265625,114.0
654.0,3686.703369140625,13372.26171875,114.0
655.0,3270.118408203125,13247.3671875,114.0
656.0,3278.41650390625,12355.1953125,114.0
657.0,3449.45458984375,13834.9921875,114.0
658.0,3531.69091796875,13717.79296875,114.0
659.0,3519.833740234375,12284.6796875,
660.0,3421.390625,16025.29296875,
661.0,3368.141845703125,18476.02734375,
662.0,3416.308837890625,15363.2265625,
663.0,3470.1875,11338.3046875,
664.0,3503.68896484375,17558.1484375,
665.0,3659.47412109375,18533.6015625,
666.0,3788.0830078125,14912.71484375,
667.0,3545.659423828125,13711.2265625,
668.0,3435.863525390625,15221.78515625,
669.0,3801.774658203125,12347.3828125,
670.0,3950.655517578125,14548.62890625,
671.0,3680.46630859375,14841.1640625,
672.0,3669.623779296875,13594.9609375,
673.0,3859.359619140625,12622.734375,
674.0,3729.228759765625,12981.29296875,
675.0,3682.9912109375,14312.890625,
676.0,3816.6884765625,13838.61328125,
677.0,3917.976806640625,12000.671875,
678.0,3841.97119140625,10621.953125,
679.0,3684.5478515625,13625.31640625,
680.0,3613.819091796875,13190.13671875,
681.0,3763.14404296875,13514.26953125,
682.0,3869.456298828125,12082.45703125,
683.0,3617.254638671875,11856.1875,
684.0,3300.39501953125,13753.81640625,
685.0,3296.720703125,12876.7890625,
686.0,3455.15087890625,11854.41796875,
687.0,3302.34033203125,10936.0859375,
688.0,3056.822998046875,11526.4296875,
689.0,3174.348876953125,12519.09765625,
690.0,3499.24853515625,14841.8359375,
691.0,3399.543212890625,15559.9921875,
692.0,3307.51220703125,12602.359375,
693.0,3397.187744140625,12859.8671875,
694.0,3734.169677734375,13676.5,
695.0,3821.573486328125,14841.83984375,
696.0,3728.548095703125,13278.61328125,
697.0,3617.791015625,12038.98828125,
698.0,3710.429443359375,13600.19140625,
699.0,3594.599853515625,16481.59375,
700.0,3615.089111328125,12224.75390625,
701.0,3602.106689453125,11550.1015625,
702.0,3608.537841796875,13772.5859375,
703.0,3521.730224609375,13962.05859375,
704.0,3528.258056640625,13662.89453125,
705.0,3507.234130859375,12329.203125,
706.0,3774.45361328125,13021.05078125,
707.0,4043.55224609375,12160.5625,
708.0,4038.933349609375,14100.10546875,
709.0,3678.54443359375,13405.2265625,
710.0,3308.385009765625,11923.3203125,
711.0,3575.556884765625,12870.03515625,
712.0,3929.33544921875,14665.29296875,
713.0,3658.551513671875,14668.08984375,
714.0,3462.361572265625,12506.45703125,
715.0,3647.76708984375,12087.2890625,
716.0,3811.7939453125,15364.1328125,
717.0,3614.818359375,14722.1484375,
718.0,3582.685791015625,14722.1484375,
719.0,3835.9267578125,14015.58984375,
720.0,3954.471923828125,16657.875,
721.0,3727.7705078125,15748.3828125,
722.0,3571.941162109375,12660.87109375,
723.0,3803.939208984375,14110.390625,
724.0,3629.169677734375,12311.77734375,
725.0,3527.48779296875,12937.57421875,
726.0,3851.231689453125,15638.578125,
727.0,4124.25634765625,15545.44140625,
728.0,3812.760986328125,11523.48828125,
729.0,3488.2392578125,13124.6796875,
730.0,3677.94873046875,13871.61328125,
731.0,3856.99609375,14108.046875,
732.0,3690.419921875,13649.609375,
733.0,3414.135498046875,11694.68359375,
734.0,3403.5361328125,13170.48046875,
735.0,3630.668701171875,14153.50390625,
736.0,3583.634765625,11637.40625,
737.0,3458.59326171875,10892.0078125,
738.0,3545.4580078125,12561.01953125,
739.0,3588.1904296875,14869.5625,
740.0,3437.6923828125,12691.6328125,
741.0,3620.441162109375,14438.1875,
742.0,3648.057373046875,13639.7109375,
743.0,3452.456787109375,12277.14453125,
744.0,3209.074462890625,11728.21484375,
745.0,3357.077880859375,10939.73046875,
746.0,3340.607421875,13529.0390625,
747.0,3321.05322265625,14759.3984375,
748.0,3477.844482421875,15346.21875,
749.0,3555.2041015625,13081.8125,
750.0,3629.923828125,11563.7421875,
751.0,3572.05126953125,13728.81640625,
752.0,3514.0986328125,12751.0,
753.0,3493.00146484375,12093.3515625,
754.0,3715.156982421875,11460.1015625,
755.0,3642.775146484375,13222.77734375,
756.0,3508.832763671875,13910.6484375,
757.0,3484.696044921875,13666.296875,
758.0,3816.6376953125,13402.73828125,
759.0,3699.904052734375,15797.125,
760.0,3282.818603515625,15673.51953125,
761.0,3324.477294921875,12514.1875,
762.0,3472.14501953125,11754.546875,
763.0,3507.620361328125,13924.875,
764.0,3460.404052734375,14017.12890625,
765.0,3408.645263671875,13438.48828125,
766.0,3287.283447265625,11438.96484375,
767.0,3102.89892578125,12883.64453125,
768.0,3287.511474609375,11221.23828125,
769.0,3537.0107421875,12758.265625,
770.0,3579.302734375,11598.421875,
771.0,3402.25,12507.4609375,
772.0,3371.1279296875,11717.515625,
773.0,3271.572021484375,10331.0078125,
774.0,3358.48486328125,12608.6796875,
775.0,3674.57470703125,12345.3359375,
776.0,3755.730712890625,12371.53515625,
777.0,3447.111083984375,14189.95703125,
778.0,3346.289794921875,15015.921875,
779.0,3719.836181640625,13473.015625,
780.0,3844.6669921875,14051.1328125,
781.0,3571.03076171875,12845.48046875,
782.0,3240.35888671875,12284.67578125,
783.0,3337.426025390625,12519.7109375,
784.0,3625.72412109375,14570.2421875,
785.0,3744.57275390625,15244.7578125,
786.0,3614.68701171875,12343.0078125,
787.0,3311.712158203125,13194.9296875,
788.0,3430.72119140625,12892.23046875,
789.0,3720.439208984375,14391.1171875,
790.0,3821.93896484375,13522.1953125,
791.0,3639.731689453125,14168.328125,
792.0,3340.965087890625,13653.87109375,
793.0,3399.868408203125,14064.25,
794.0,3570.3623046875,12895.27734375,
795.0,3542.93017578125,13096.3828125,
796.0,3412.963134765625,14517.65625,
797.0,3342.71728515625,13150.00390625,
798.0,3511.09375,12676.12890625,
799.0,3559.924560546875,12902.63671875,
800.0,3356.6005859375,12284.78515625,
801.0,3498.385498046875,11742.0078125,
802.0,3809.045166015625,12030.58984375,
803.0,4008.4384765625,14048.50390625,
804.0,3862.696044921875,13298.43359375,
805.0,3650.80908203125,12996.0234375,
806.0,3761.515625,13772.8671875,
807.0,3854.449951171875,13811.390625,
808.0,4003.630126953125,13579.6953125,
809.0,3976.597900390625,14233.73828125,
810.0,3827.9541015625,14976.3671875,
811.0,3694.391845703125,14224.4375,
812.0,3731.30419921875,13019.828125,
813.0,4179.98046875,16055.66796875,
814.0,4194.861328125,13987.890625,
815.0,3860.9814453125,13966.83203125,
816.0,3711.81494140625,14844.140625,
817.0,4076.734130859375,14231.56640625,
818.0,4258.30029296875,15934.48828125,
819.0,4195.22412109375,12714.328125,
820.0,3737.48828125,11705.9921875,
821.0,3570.13427734375,11466.328125,
822.0,3877.79541015625,13411.51171875,
823.0,4069.5341796875,12538.734375,
824.0,3686.50390625,14784.2734375,
825.0,3583.0048828125,12111.09375,
826.0,3800.87060546875,13465.34375,
827.0,3901.565185546875,13507.046875,
828.0,3393.154296875,13655.703125,
829.0,3220.3330078125,12685.078125,
830.0,3503.1484375,12475.2890625,
831.0,3728.11376953125,14098.80078125,
832.0,3690.6611328125,13260.15625,
833.0,3594.76025390625,11540.5546875,
834.0,3511.226806640625,11618.46484375,
835.0,3684.696044921875,11775.7265625,
836.0,3830.439697265625,11823.1015625,
837.0,3843.44677734375,11823.1015625,
838.0,3920.498046875,13521.46875,
839.0,3829.74267578125,14094.6484375,
840.0,3658.435791015625,13214.60546875,
841.0,3561.4013671875,12987.3046875,
842.0,3602.684326171875,13399.93359375,
843.0,3657.4052734375,12690.859375,
844.0,3738.2919921875,12857.875,
845.0,3976.177978515625,12570.09375,
846.0,3857.79296875,14249.6015625,
847.0,3538.681396484375,16442.8359375,
848.0,3514.641845703125,14751.76953125,
849.0,3813.953369140625,17089.6796875,
850.0,4030.87548828125,16948.44140625,
851.0,3747.936767578125,15403.92578125,
852.0,3603.90673828125,15535.58203125,
853.0,3629.06640625,13769.703125,
854.0,3596.199951171875,15554.44140625,
855.0,3687.167724609375,13698.1015625,
856.0,3719.310791015625,13904.109375,
857.0,3888.922607421875,14464.7578125,
858.0,3786.112548828125,12730.42578125,
859.0,3467.111083984375,12353.421875,
860.0,3494.014892578125,12315.28125,
861.0,3876.45556640625,12446.421875,
862.0,3903.2109375,13103.62109375,
863.0,3620.538330078125,12669.96484375,
864.0,3546.18359375,12101.37890625,
865.0,3587.227294921875,11738.33984375,
866.0,3793.3447265625,13468.76171875,
867.0,3742.129638671875,14001.88671875,
868.0,3637.1015625,14573.078125,
869.0,3508.874755859375,12343.40625,
870.0,3630.323486328125,13932.89453125,
871.0,3588.08203125,13497.31640625,
872.0,3337.34228515625,15165.4765625,
873.0,3360.91455078125,13300.5,
874.0,3422.393310546875,11365.51171875,
875.0,3511.935546875,12536.69921875,
876.0,3470.102783203125,12953.9375,
877.0,3556.791015625,12049.2578125,
878.0,3556.438232421875,13614.140625,
879.0,3730.08642578125,11636.69921875,
880.0,3598.31298828125,12798.81640625,
881.0,3318.14599609375,12441.171875,
882.0,3535.097900390625,13052.40625,
883.0,3780.33544921875,12705.2734375,
884.0,3569.250732421875,13589.1171875,
885.0,3330.35009765625,13088.75,
886.0,3484.938232421875,13944.87890625,
887.0,3765.315673828125,11846.16796875,
888.0,3699.27734375,14144.484375,
889.0,3733.43994140625,14825.015625,
890.0,3707.49853515625,14085.8046875,
891.0,3525.39404296875,14525.984375,
892.0,3423.466552734375,14133.11328125,
893.0,3510.251220703125,12663.796875,
894.0,3652.84716796875,11592.4375,
895.0,3437.21630859375,11683.55859375,
896.0,3347.563232421875,10553.7421875,
897.0,3490.6943359375,12389.5625,
898.0,3590.33642578125,14259.4765625,
899.0,3485.1416015625,14392.4375,
900.0,3332.47802734375,14729.76171875,
901.0,3468.631591796875,13735.87890625,
902.0,3595.604736328125,13075.015625,
903.0,3646.04248046875,11847.73828125,
904.0,3485.388427734375,13380.46875,
905.0,3629.54541015625,14700.23828125,
906.0,3783.53955078125,13553.51171875,
907.0,3805.452880859375,13277.63671875,
908.0,3588.5205078125,12148.515625,
909.0,3509.793212890625,16182.6171875,
910.0,3672.3193359375,16553.2109375,
911.0,3774.832275390625,12902.70703125,
912.0,3479.868408203125,11534.5625,
913.0,3272.95751953125,12069.87109375,
914.0,3506.275146484375,14823.76953125,
915.0,3697.318359375,15650.66796875,
916.0,3595.127197265625,17112.15625,
917.0,3615.856689453125,14389.2265625,
918.0,3672.872802734375,12014.921875,
919.0,3720.565185546875,14682.4921875,
920.0,3772.2109375,15318.203125,
921.0,3729.148681640625,14060.73828125,
922.0,3800.601318359375,14703.74609375,
923.0,3787.5361328125,12023.8125,
924.0,3951.304931640625,13113.11328125,
925.0,4049.19580078125,14700.46875,
926.0,3824.60009765625,14572.76953125,
927.0,3858.077880859375,11461.9375,
928.0,4048.435791015625,13538.82421875,
929.0,4024.183349609375,14353.203125,
930.0,3865.997314453125,13662.375,
931.0,3794.021728515625,14231.640625,
932.0,3892.251220703125,14708.5703125,
933.0,3922.00634765625,14676.5390625,
934.0,3815.720458984375,13760.82421875,
935.0,3866.36376953125,14687.05078125,
936.0,3906.34228515625,14633.42578125,
937.0,3926.097900390625,13702.38671875,
938.0,3630.618408203125,14201.171875,
939.0,3728.2412109375,11897.66015625,
940.0,3877.072021484375,13536.55078125,
941.0,4036.12060546875,13351.51953125,
942.0,3759.2177734375,13348.28125,
943.0,3561.537109375,12240.0546875,
944.0,3529.487548828125,11467.54296875,
945.0,3599.097900390625,13456.8125,
946.0,3654.24462890625,13434.265625,
947.0,3676.048583984375,13684.171875,
948.0,3587.49609375,15047.0078125,
949.0,3538.25830078125,15577.9921875,
950.0,3544.84912109375,15097.68359375,
951.0,3606.1015625,12897.8359375,
952.0,3662.43359375,12448.734375,
953.0,3817.70068359375,13783.5703125,
954.0,3821.8828125,14905.28515625,
955.0,3711.09228515625,13694.13671875,
956.0,3856.5966796875,14709.62109375,
957.0,3871.52587890625,16484.921875,
958.0,3815.90185546875,12387.80078125,
959.0,3732.16796875,12387.80078125,
960.0,3722.781494140625,12179.4375,
961.0,3718.656005859375,14020.87109375,
962.0,3626.92529296875,15794.64453125,
963.0,3497.819091796875,14553.49609375,
964.0,3379.028076171875,10440.1875,
965.0,3424.014404296875,14441.39453125,
966.0,3812.62890625,15511.59375,
967.0,3872.52001953125,16045.3515625,
968.0,3472.46923828125,12868.00390625,
969.0,3170.09814453125,13067.5078125,
970.0,3369.899169921875,14651.46875,
971.0,3636.326904296875,12454.203125,
972.0,3601.393310546875,13218.8046875,
973.0,3321.29541015625,12419.1015625,
974.0,3283.20458984375,12531.3203125,
975.0,3425.0625,12787.80078125,
976.0,3333.602783203125,13469.7578125,
977.0,3313.187744140625,12939.453125,
978.0,3430.37548828125,13968.43359375,
979.0,3630.400634765625,13362.16796875,
980.0,3608.345947265625,12772.34375,
981.0,3597.7958984375,14540.1484375,
982.0,3722.422607421875,13141.79296875,
983.0,3684.96044921875,12791.33984375,
984.0,3603.264892578125,16038.09375,
985.0,3695.0029296875,18618.0625,
986.0,3827.41650390625,19423.88671875,
987.0,3772.879638671875,14303.62109375,
988.0,3478.006103515625,11968.2734375,
989.0,3400.37548828125,16053.4765625,
990.0,3685.572509765625,17163.57421875,
991.0,3886.808349609375,13893.4765625,
992.0,3647.32861328125,12936.51953125,
993.0,3432.64404296875,12625.8984375,
994.0,3582.6767578125,13723.42578125,
995.0,3943.80126953125,14881.6484375,
996.0,3980.47802734375,15103.76171875,
997.0,3722.54736328125,12679.58984375,
998.0,3507.437744140625,14792.0625,
999.0,3717.254150390625,14270.9609375,
1000.0,3705.154052734375,13509.77734375,
1001.0,3551.462890625,12493.671875,
1002.0,3614.880859375,12412.39453125,
1003.0,3641.758056640625,13977.078125,
1004.0,3598.787109375,13592.63671875,
1005.0,3357.877197265625,13349.91015625,
1006.0,3484.565185546875,13174.55859375,
1007.0,3697.91015625,14114.390625,
1008.0,3610.51171875,15497.7890625,
1009.0,3496.32666015625,15399.5234375,
1010.0,3480.225830078125,12689.5078125,
1011.0,3494.28564453125,13371.109375,
1012.0,3234.5068359375,13962.90234375,
1013.0,3363.305419921875,13870.8671875,
1014.0,3556.9501953125,13144.6953125,
1015.0,3506.748779296875,12856.3828125,
1016.0,3364.15478515625,12085.19140625,
1017.0,3387.919921875,12676.2421875,
1018.0,3505.14111328125,13158.6171875,
1019.0,3556.972412109375,12456.75390625,
1020.0,3343.638916015625,13208.453125,
1021.0,3225.2001953125,11312.859375,
1022.0,3438.96142578125,13145.1953125,
1023.0,3637.54638671875,13017.76953125,
1024.0,3643.0185546875,15283.95703125,
1025.0,3457.57666015625,14348.42578125,
1026.0,3339.53759765625,12339.98046875,
1027.0,3239.863037109375,12487.3671875,
1028.0,3209.12109375,13245.56640625,
1029.0,3191.667724609375,11628.81640625,
1030.0,3178.058837890625,12105.69921875,
1031.0,3208.218017578125,12602.53515625,
1032.0,3302.00830078125,13686.140625,
1033.0,3227.451171875,12905.9375,
1034.0,2948.81005859375,11775.47265625,
1035.0,3152.211669921875,12417.58203125,
1036.0,3604.8759765625,13312.83203125,
1037.0,3855.49169921875,12931.1484375,
1038.0,3905.07861328125,14322.0078125,
1039.0,3661.134033203125,11618.390625,
1040.0,3400.136962890625,12512.1953125,
1041.0,3444.39501953125,13455.1640625,
1042.0,3978.704833984375,13770.4765625,
1043.0,4223.29150390625,14876.35546875,
1044.0,3780.02587890625,14197.91796875,
1045.0,3460.887451171875,12373.9453125,
1046.0,3729.960205078125,12786.08984375,
1047.0,3810.313720703125,13922.1171875,
1048.0,3564.68017578125,12259.77734375,
1049.0,3239.86767578125,11424.88671875,
1050.0,3545.05810546875,11496.3125,
1051.0,3522.27587890625,12462.80078125,
1052.0,3139.34375,12646.203125,
1053.0,3055.138427734375,12158.6796875,
1054.0,3415.24267578125,12404.30859375,
1055.0,3506.62109375,11239.81640625,
1056.0,3238.787109375,11758.3046875,
1057.0,3198.482666015625,12226.8828125,
1058.0,3363.378662109375,10332.66015625,
1059.0,3467.978271484375,11216.22265625,
1060.0,3462.658203125,12215.125,
1061.0,3612.009765625,12996.0234375,
1062.0,3681.66455078125,12417.10546875,
1063.0,3603.2607421875,10739.71484375,
1064.0,3597.68359375,14177.84765625,
1065.0,3695.082763671875,16766.875,
1066.0,3699.0751953125,16294.5703125,
1067.0,3706.852783203125,12089.98828125,
1068.0,3614.4833984375,12862.90625,
1069.0,3564.797119140625,15448.85546875,
1070.0,3624.8623046875,16399.5546875,
1071.0,3801.50634765625,15759.7109375,
1072.0,3757.002685546875,12583.16796875,
1073.0,3646.906005859375,12656.8515625,
1074.0,3531.078857421875,14169.859375,
1075.0,3804.43896484375,15552.28515625,
1076.0,4032.410888671875,16017.7890625,
1077.0,3894.02392578125,14692.91015625,
1078.0,3735.504150390625,14141.51953125,
1079.0,3775.269287109375,12902.43359375,
1080.0,4141.3564453125,12629.66015625,
1081.0,4152.5546875,15379.6484375,
1082.0,3913.90673828125,17589.69140625,
1083.0,3717.14599609375,14872.58203125,
1084.0,3755.396728515625,14541.515625,
1085.0,3970.918701171875,16897.8203125,
1086.0,3983.643310546875,15656.8203125,
1087.0,3649.621826171875,15664.0859375,
1088.0,3417.262451171875,12899.30859375,
1089.0,3786.101318359375,12427.65234375,
1090.0,4011.07861328125,16109.921875,
1091.0,3848.08984375,14003.9921875,
1092.0,3896.609375,13771.0390625,
1093.0,4148.61865234375,13106.171875,
1094.0,4201.54931640625,14148.1875,
1095.0,4195.6455078125,12796.16015625,
1096.0,4445.61181640625,17179.71484375,
1097.0,4950.76416015625,16528.05859375,
1098.0,4683.13671875,16877.80859375,
1099.0,4268.0791015625,15141.23046875,
1100.0,4474.82568359375,17304.26171875,
1101.0,4782.9052734375,20135.53125,
1102.0,4447.427734375,18151.796875,
1103.0,4444.869140625,16147.86328125,
1104.0,4927.37109375,17668.19140625,
1105.0,4844.689453125,16437.98046875,
1106.0,4151.15625,14382.5234375,
1107.0,3935.448486328125,16147.8671875,
1108.0,4504.57666015625,19147.63671875,
1109.0,4802.47021484375,18971.5859375,
1110.0,4431.8056640625,14105.546875,
1111.0,3711.162841796875,14846.40234375,
1112.0,3942.6787109375,15262.2734375,
1113.0,4336.919921875,14280.9140625,
1114.0,4228.576171875,14922.359375,
1115.0,3988.16357421875,12527.79296875,
1116.0,3529.509033203125,14369.2890625,
1117.0,3532.687744140625,14396.41796875,
1118.0,3966.44091796875,13522.17578125,
1119.0,4198.28662109375,12317.73828125,
1120.0,3810.32275390625,14141.13671875,
1121.0,3473.17041015625,12969.96875,
1122.0,3760.298095703125,13966.50390625,
1123.0,4184.15283203125,14717.296875,
1124.0,4133.77734375,12814.79296875,
1125.0,3720.49853515625,12252.22265625,
