holeid,from,to,TEMP,start_x,start_y,start_z,mid_x,mid_y,mid_z,end_x,end_y,end_z
REZOVACCKE_KRCCEVINE-1,670.0,680.0,42.13271485148515,689340.7057,5072557.328,-525.8436919,689340.7057,5072557.328,-530.8436919,689340.7057,5072557.328,-535.8436919
REZOVACCKE_KRCCEVINE-1,680.0,690.0,42.434082499999995,689340.7057,5072557.328,-535.8436919,689340.7057,5072557.328,-540.8436919,689340.7057,5072557.328,-545.8436919
REZOVACCKE_KRCCEVINE-1,690.0,700.0,42.8345785,689340.7057,5072557.328,-545.8436919,689340.7057,5072557.328,-550.8436919,689340.7057,5072557.328,-555.8436919
REZOVACCKE_KRCCEVINE-1,700.0,710.0,43.2350755,689340.7057,5072557.328,-555.8436919,689340.7057,5072557.328,-560.8436919,689340.7057,5072557.328,-565.8436919
REZOVACCKE_KRCCEVINE-1,710.0,720.0,43.635571500000005,689340.7057,5072557.328,-565.8436919,689340.7057,5072557.328,-570.8436919,689340.7057,5072557.328,-575.8436919
REZOVACCKE_KRCCEVINE-1,720.0,730.0,44.036069499999996,689340.7057,5072557.328,-575.8436919,689340.7057,5072557.328,-580.8436919,689340.7057,5072557.328,-585.8436919
REZOVACCKE_KRCCEVINE-1,730.0,740.0,44.4365675,689340.7057,5072557.328,-585.8436919,689340.7057,5072557.328,-590.8436919,689340.7057,5072557.328,-595.8436919
REZOVACCKE_KRCCEVINE-1,740.0,750.0,44.83706650000001,689340.7057,5072557.328,-595.8436919,689340.7057,5072557.328,-600.8436919,689340.7057,5072557.328,-605.8436919
REZOVACCKE_KRCCEVINE-1,750.0,760.0,45.23756349999999,689340.7057,5072557.328,-605.8436919,689340.7057,5072557.328,-610.8436919,689340.7057,5072557.328,-615.8436919
REZOVACCKE_KRCCEVINE-1,760.0,770.0,45.63805949999999,689340.7057,5072557.328,-615.8436919,689340.7057,5072557.328,-620.8436919,689340.7057,5072557.328,-625.8436919
REZOVACCKE_KRCCEVINE-1,770.0,780.0,46.038557499999996,689340.7057,5072557.328,-625.8436919,689340.7057,5072557.328,-630.8436919,689340.7057,5072557.328,-635.8436919
REZOVACCKE_KRCCEVINE-1,780.0,790.0,46.43905650000001,689340.7057,5072557.328,-635.8436919,689340.7057,5072557.328,-640.8436919,689340.7057,5072557.328,-645.8436919
REZOVACCKE_KRCCEVINE-1,790.0,800.0,46.83955449999999,689340.7057,5072557.328,-645.8436919,689340.7057,5072557.328,-650.8436919,689340.7057,5072557.328,-655.8436919
REZOVACCKE_KRCCEVINE-1,800.0,810.0,47.24005050000001,689340.7057,5072557.328,-655.8436919,689340.7057,5072557.328,-660.8436919,689340.7057,5072557.328,-665.8436919
REZOVACCKE_KRCCEVINE-1,810.0,820.0,47.6405485,689340.7057,5072557.328,-665.8436919,689340.7057,5072557.328,-670.8436919,689340.7057,5072557.328,-675.8436919
REZOVACCKE_KRCCEVINE-1,820.0,830.0,48.041043499999994,689340.7057,5072557.328,-675.8436919,689340.7057,5072557.328,-680.8436919,689340.7057,5072557.328,-685.8436919
REZOVACCKE_KRCCEVINE-1,830.0,840.0,48.4415425,689340.7057,5072557.328,-685.8436919,689340.7057,5072557.328,-690.8436919,689340.7057,5072557.328,-695.8436919
REZOVACCKE_KRCCEVINE-1,840.0,850.0,48.842041500000015,689340.7057,5072557.328,-695.8436919,689340.7057,5072557.328,-700.8436919,689340.7057,5072557.328,-705.8436919
REZOVACCKE_KRCCEVINE-1,850.0,860.0,49.24253850000001,689340.7057,5072557.328,-705.8436919,689340.7057,5072557.328,-710.8436919,689340.7057,5072557.328,-715.8436919
REZOVACCKE_KRCCEVINE-1,860.0,870.0,49.64303549999999,689340.7057,5072557.328,-715.8436919,689340.7057,5072557.328,-720.8436919,689340.7057,5072557.328,-725.8436919
REZOVACCKE_KRCCEVINE-1,870.0,880.0,50.0435325,689340.7057,5072557.328,-725.8436919,689340.7057,5072557.328,-730.8436919,689340.7057,5072557.328,-735.8436919
REZOVACCKE_KRCCEVINE-1,880.0,890.0,50.4440315,689340.7057,5072557.328,-735.8436919,689340.7057,5072557.328,-740.8436919,689340.7057,5072557.328,-745.8436919
REZOVACCKE_KRCCEVINE-1,890.0,900.0,50.844528499999996,689340.7057,5072557.328,-745.8436919,689340.7057,5072557.328,-750.8436919,689340.7057,5072557.328,-755.8436919
REZOVACCKE_KRCCEVINE-1,900.0,910.0,51.24502549999999,689340.7057,5072557.328,-755.8436919,689340.7057,5072557.328,-760.8436919,689340.7057,5072557.328,-765.8436919
REZOVACCKE_KRCCEVINE-1,910.0,920.0,51.645522500000006,689340.7057,5072557.328,-765.8436919,689340.7057,5072557.328,-770.8436919,689340.7057,5072557.328,-775.8436919
REZOVACCKE_KRCCEVINE-1,920.0,930.0,52.0460195,689340.7057,5072557.328,-775.8436919,689340.7057,5072557.328,-780.8436919,689340.7057,5072557.328,-785.8436919
REZOVACCKE_KRCCEVINE-1,930.0,940.0,52.44651749999999,689340.7057,5072557.328,-785.8436919,689340.7057,5072557.328,-790.8436919,689340.7057,5072557.328,-795.8436919
REZOVACCKE_KRCCEVINE-1,940.0,950.0,52.8470165,689340.7057,5072557.328,-795.8436919,689340.7057,5072557.328,-800.8436919,689340.7057,5072557.328,-805.8436919
REZOVACCKE_KRCCEVINE-1,950.0,960.0,53.24751249999999,689340.7057,5072557.328,-805.8436919,689340.7057,5072557.328,-810.8436919,689340.7057,5072557.328,-815.8436919
REZOVACCKE_KRCCEVINE-1,960.0,970.0,53.648009499999986,689340.7057,5072557.328,-815.8436919,689340.7057,5072557.328,-820.8436919,689340.7057,5072557.328,-825.8436919
REZOVACCKE_KRCCEVINE-1,970.0,980.0,54.04850750000001,689340.7057,5072557.328,-825.8436919,689340.7057,5072557.328,-830.8436919,689340.7057,5072557.328,-835.8436919
REZOVACCKE_KRCCEVINE-1,980.0,990.0,54.44900750000001,689340.7057,5072557.328,-835.8436919,689340.7057,5072557.328,-840.8436919,689340.7057,5072557.328,-845.8436919
REZOVACCKE_KRCCEVINE-1,990.0,1000.0,54.84950349999999,689340.7057,5072557.328,-845.8436919,689340.7057,5072557.328,-850.8436919,689340.7057,5072557.328,-855.8436919
REZOVACCKE_KRCCEVINE-1,1000.0,1010.0,55.25000099999999,689340.7057,5072557.328,-855.8436919,689340.7057,5072557.328,-860.8436919,689340.7057,5072557.328,-865.8436919
REZOVACCKE_KRCCEVINE-1,1010.0,1020.0,55.65049750000001,689340.7057,5072557.328,-865.8436919,689340.7057,5072557.328,-870.8436919,689340.7057,5072557.328,-875.8436919
REZOVACCKE_KRCCEVINE-1,1020.0,1030.0,56.050995500000006,689340.7057,5072557.328,-875.8436919,689340.7057,5072557.328,-880.8436919,689340.7057,5072557.328,-885.8436919
REZOVACCKE_KRCCEVINE-1,1030.0,1040.0,56.4514925,689340.7057,5072557.328,-885.8436919,689340.7057,5072557.328,-890.8436919,689340.7057,5072557.328,-895.8436919
REZOVACCKE_KRCCEVINE-1,1040.0,1050.0,56.8519895,689340.7057,5072557.328,-895.8436919,689340.7057,5072557.328,-900.8436919,689340.7057,5072557.328,-905.8436919
REZOVACCKE_KRCCEVINE-1,1050.0,1060.0,57.25248750000001,689340.7057,5072557.328,-905.8436919,689340.7057,5072557.328,-910.8436919,689340.7057,5072557.328,-915.8436919
REZOVACCKE_KRCCEVINE-1,1060.0,1070.0,57.65298749999999,689340.7057,5072557.328,-915.8436919,689340.7057,5072557.328,-920.8436919,689340.7057,5072557.328,-925.8436919
REZOVACCKE_KRCCEVINE-1,1070.0,1080.0,58.053485499999994,689340.7057,5072557.328,-925.8436919,689340.7057,5072557.328,-930.8436919,689340.7057,5072557.328,-935.8436919
REZOVACCKE_KRCCEVINE-1,1080.0,1090.0,58.453983500000014,689340.7057,5072557.328,-935.8436919,689340.7057,5072557.328,-940.8436919,689340.7057,5072557.328,-945.8436919
REZOVACCKE_KRCCEVINE-1,1090.0,1100.0,58.8544795,689340.7057,5072557.328,-945.8436919,689340.7057,5072557.328,-950.8436919,689340.7057,5072557.328,-955.8436919
REZOVACCKE_KRCCEVINE-1,1100.0,1110.0,59.25497649999999,689340.7057,5072557.328,-955.8436919,689340.7057,5072557.328,-960.8436919,689340.7057,5072557.328,-965.8436919
REZOVACCKE_KRCCEVINE-1,1110.0,1120.0,59.655473500000014,689340.7057,5072557.328,-965.8436919,689340.7057,5072557.328,-970.8436919,689340.7057,5072557.328,-975.8436919
REZOVACCKE_KRCCEVINE-1,1120.0,1130.0,60.0559705,689340.7057,5072557.328,-975.8436919,689340.7057,5072557.328,-980.8436919,689340.7057,5072557.328,-985.8436919
REZOVACCKE_KRCCEVINE-1,1130.0,1140.0,60.45646849999999,689340.7057,5072557.328,-985.8436919,689340.7057,5072557.328,-990.8436919,689340.7057,5072557.328,-995.8436919
REZOVACCKE_KRCCEVINE-1,1140.0,1150.0,60.85696349999999,689340.7057,5072557.328,-995.8436919,689340.7057,5072557.328,-1000.8436919,689340.7057,5072557.328,-1005.8436919
REZOVACCKE_KRCCEVINE-1,1150.0,1160.0,61.25746250000001,689340.7057,5072557.328,-1005.8436919,689340.7057,5072557.328,-1010.8436919,689340.7057,5072557.328,-1015.8436919
REZOVACCKE_KRCCEVINE-1,1160.0,1170.0,61.657962500000004,689340.7057,5072557.328,-1015.8436919,689340.7057,5072557.328,-1020.8436919,689340.7057,5072557.328,-1025.8436919
REZOVACCKE_KRCCEVINE-1,1170.0,1180.0,62.05846149999999,689340.7057,5072557.328,-1025.8436919,689340.7057,5072557.328,-1030.8436919,689340.7057,5072557.328,-1035.8436919
REZOVACCKE_KRCCEVINE-1,1180.0,1190.0,62.45895750000002,689340.7057,5072557.328,-1035.8436919,689340.7057,5072557.328,-1040.8436919,689340.7057,5072557.328,-1045.8436919
REZOVACCKE_KRCCEVINE-1,1190.0,1200.0,62.8594545,689340.7057,5072557.328,-1045.8436919,689340.7057,5072557.328,-1050.8436919,689340.7057,5072557.328,-1055.8436919
REZOVACCKE_KRCCEVINE-1,1200.0,1210.0,63.259951499999985,689340.7057,5072557.328,-1055.8436919,689340.7057,5072557.328,-1060.8436919,689340.7057,5072557.328,-1065.8436919
REZOVACCKE_KRCCEVINE-1,1210.0,1220.0,63.660448499999994,689340.7057,5072557.328,-1065.8436919,689340.7057,5072557.328,-1070.8436919,689340.7057,5072557.328,-1075.8436919
REZOVACCKE_KRCCEVINE-1,1220.0,1230.0,64.06094650000001,689340.7057,5072557.328,-1075.8436919,689340.7057,5072557.328,-1080.8436919,689340.7057,5072557.328,-1085.8436919
REZOVACCKE_KRCCEVINE-1,1230.0,1240.0,64.4614425,689340.7057,5072557.328,-1085.8436919,689340.7057,5072557.328,-1090.8436919,689340.7057,5072557.328,-1095.8436919
REZOVACCKE_KRCCEVINE-1,1240.0,1250.0,64.8619395,689340.7057,5072557.328,-1095.8436919,689340.7057,5072557.328,-1100.8436919,689340.7057,5072557.328,-1105.8436919
REZOVACCKE_KRCCEVINE-1,1250.0,1260.0,65.26243750000002,689340.7057,5072557.328,-1105.8436919,689340.7057,5072557.328,-1110.8436919,689340.7057,5072557.328,-1115.8436919
REZOVACCKE_KRCCEVINE-1,1260.0,1270.0,65.6629365,689340.7057,5072557.328,-1115.8436919,689340.7057,5072557.328,-1120.8436919,689340.7057,5072557.328,-1125.8436919
REZOVACCKE_KRCCEVINE-1,1270.0,1280.0,66.06343549999998,689340.7057,5072557.328,-1125.8436919,689340.7057,5072557.328,-1130.8436919,689340.7057,5072557.328,-1135.8436919
REZOVACCKE_KRCCEVINE-1,1280.0,1290.0,66.46393450000001,689340.7057,5072557.328,-1135.8436919,689340.7057,5072557.328,-1140.8436919,689340.7057,5072557.328,-1145.8436919
REZOVACCKE_KRCCEVINE-1,1290.0,1300.0,66.86442950000001,689340.7057,5072557.328,-1145.8436919,689340.7057,5072557.328,-1150.8436919,689340.7057,5072557.328,-1155.8436919
REZOVACCKE_KRCCEVINE-1,1300.0,1310.0,67.2649285,689340.7057,5072557.328,-1155.8436919,689340.7057,5072557.328,-1160.8436919,689340.7057,5072557.328,-1165.8436919
REZOVACCKE_KRCCEVINE-1,1310.0,1320.0,67.6654235,689340.7057,5072557.328,-1165.8436919,689340.7057,5072557.328,-1170.8436919,689340.7057,5072557.328,-1175.8436919
REZOVACCKE_KRCCEVINE-1,1320.0,1330.0,68.06592150000002,689340.7057,5072557.328,-1175.8436919,689340.7057,5072557.328,-1180.8436919,689340.7057,5072557.328,-1185.8436919
REZOVACCKE_KRCCEVINE-1,1330.0,1340.0,68.46641749999999,689340.7057,5072557.328,-1185.8436919,689340.7057,5072557.328,-1190.8436919,689340.7057,5072557.328,-1195.8436919
REZOVACCKE_KRCCEVINE-1,1340.0,1350.0,68.86691449999998,689340.7057,5072557.328,-1195.8436919,689340.7057,5072557.328,-1200.8436919,689340.7057,5072557.328,-1205.8436919
REZOVACCKE_KRCCEVINE-1,1350.0,1360.0,69.2674125,689340.7057,5072557.328,-1205.8436919,689340.7057,5072557.328,-1210.8436919,689340.7057,5072557.328,-1215.8436919
REZOVACCKE_KRCCEVINE-1,1360.0,1370.0,69.6679125,689340.7057,5072557.328,-1215.8436919,689340.7057,5072557.328,-1220.8436919,689340.7057,5072557.328,-1225.8436919
REZOVACCKE_KRCCEVINE-1,1370.0,1380.0,70.06841049999998,689340.7057,5072557.328,-1225.8436919,689340.7057,5072557.328,-1230.8436919,689340.7057,5072557.328,-1235.8436919
REZOVACCKE_KRCCEVINE-1,1380.0,1390.0,70.46890950000001,689340.7057,5072557.328,-1235.8436919,689340.7057,5072557.328,-1240.8436919,689340.7057,5072557.328,-1245.8436919
REZOVACCKE_KRCCEVINE-1,1390.0,1400.0,70.8694055,689340.7057,5072557.328,-1245.8436919,689340.7057,5072557.328,-1250.8436919,689340.7057,5072557.328,-1255.8436919
REZOVACCKE_KRCCEVINE-1,1400.0,1410.0,71.26990249999999,689340.7057,5072557.328,-1255.8436919,689340.7057,5072557.328,-1260.8436919,689340.7057,5072557.328,-1265.8436919
REZOVACCKE_KRCCEVINE-1,1410.0,1420.0,71.6703995,689340.7057,5072557.328,-1265.8436919,689340.7057,5072557.328,-1270.8436919,689340.7057,5072557.328,-1275.8436919
REZOVACCKE_KRCCEVINE-1,1420.0,1430.0,72.07089700000002,689340.7057,5072557.328,-1275.8436919,689340.7057,5072557.328,-1280.8436919,689340.7057,5072557.328,-1285.8436919
REZOVACCKE_KRCCEVINE-1,1430.0,1440.0,72.4713925,689340.7057,5072557.328,-1285.8436919,689340.7057,5072557.328,-1290.8436919,689340.7057,5072557.328,-1295.8436919
REZOVACCKE_KRCCEVINE-1,1440.0,1450.0,72.87189049999999,689340.7057,5072557.328,-1295.8436919,689340.7057,5072557.328,-1300.8436919,689340.7057,5072557.328,-1305.8436919
REZOVACCKE_KRCCEVINE-1,1450.0,1460.0,73.27238750000001,689340.7057,5072557.328,-1305.8436919,689340.7057,5072557.328,-1310.8436919,689340.7057,5072557.328,-1315.8436919
REZOVACCKE_KRCCEVINE-1,1460.0,1470.0,73.67288750000002,689340.7057,5072557.328,-1315.8436919,689340.7057,5072557.328,-1320.8436919,689340.7057,5072557.328,-1325.8436919
REZOVACCKE_KRCCEVINE-1,1470.0,1480.0,74.0733865,689340.7057,5072557.328,-1325.8436919,689340.7057,5072557.328,-1330.8436919,689340.7057,5072557.328,-1335.8436919
REZOVACCKE_KRCCEVINE-1,1480.0,1490.0,74.4738845,689340.7057,5072557.328,-1335.8436919,689340.7057,5072557.328,-1340.8436919,689340.7057,5072557.328,-1345.8436919
REZOVACCKE_KRCCEVINE-1,1490.0,1500.0,74.8743815,689340.7057,5072557.328,-1345.8436919,689340.7057,5072557.328,-1350.8436919,689340.7057,5072557.328,-1355.8436919
REZOVACCKE_KRCCEVINE-1,1500.0,1510.0,75.2748785,689340.7057,5072557.328,-1355.8436919,689340.7057,5072557.328,-1360.8436919,689340.7057,5072557.328,-1365.8436919
REZOVACCKE_KRCCEVINE-1,1510.0,1520.0,75.67537349999999,689340.7057,5072557.328,-1365.8436919,689340.7057,5072557.328,-1370.8436919,689340.7057,5072557.328,-1375.8436919
REZOVACCKE_KRCCEVINE-1,1520.0,1530.0,76.0758715,689340.7057,5072557.328,-1375.8436919,689340.7057,5072557.328,-1380.8436919,689340.7057,5072557.328,-1385.8436919
REZOVACCKE_KRCCEVINE-1,1530.0,1540.0,76.47636750000001,689340.7057,5072557.328,-1385.8436919,689340.7057,5072557.328,-1390.8436919,689340.7057,5072557.328,-1395.8436919
REZOVACCKE_KRCCEVINE-1,1540.0,1550.0,76.8768655,689340.7057,5072557.328,-1395.8436919,689340.7057,5072557.328,-1400.8436919,689340.7057,5072557.328,-1405.8436919
REZOVACCKE_KRCCEVINE-1,1550.0,1560.0,77.2773635,689340.7057,5072557.328,-1405.8436919,689340.7057,5072557.328,-1410.8436919,689340.7057,5072557.328,-1415.8436919
REZOVACCKE_KRCCEVINE-1,1560.0,1570.0,77.6778625,689340.7057,5072557.328,-1415.8436919,689340.7057,5072557.328,-1420.8436919,689340.7057,5072557.328,-1425.8436919
REZOVACCKE_KRCCEVINE-1,1570.0,1580.0,78.0783615,689340.7057,5072557.328,-1425.8436919,689340.7057,5072557.328,-1430.8436919,689340.7057,5072557.328,-1435.8436919
REZOVACCKE_KRCCEVINE-1,1580.0,1590.0,78.47885949999998,689340.7057,5072557.328,-1435.8436919,689340.7057,5072557.328,-1440.8436919,689340.7057,5072557.328,-1445.8436919
REZOVACCKE_KRCCEVINE-1,1590.0,1600.0,78.87935650000001,689340.7057,5072557.328,-1445.8436919,689340.7057,5072557.328,-1450.8436919,689340.7057,5072557.328,-1455.8436919
REZOVACCKE_KRCCEVINE-1,1600.0,1610.0,79.27751549999999,689340.7057,5072557.328,-1455.8436919,689340.7057,5072557.328,-1460.8436919,689340.7057,5072557.328,-1465.8436919
REZOVACCKE_KRCCEVINE-1,1610.0,1620.0,79.5985765,689340.7057,5072557.328,-1465.8436919,689340.7057,5072557.328,-1470.8436919,689340.7057,5072557.328,-1475.8436919
REZOVACCKE_KRCCEVINE-1,1620.0,1630.0,79.88226250000001,689340.7057,5072557.328,-1475.8436919,689340.7057,5072557.328,-1480.8436919,689340.7057,5072557.328,-1485.8436919
REZOVACCKE_KRCCEVINE-1,1630.0,1640.0,80.1659405,689340.7057,5072557.328,-1485.8436919,689340.7057,5072557.328,-1490.8436919,689340.7057,5072557.328,-1495.8436919
REZOVACCKE_KRCCEVINE-1,1640.0,1650.0,80.4496255,689340.7057,5072557.328,-1495.8436919,689340.7057,5072557.328,-1500.8436919,689340.7057,5072557.328,-1505.8436919
REZOVACCKE_KRCCEVINE-1,1650.0,1660.0,80.733308,689340.7057,5072557.328,-1505.8436919,689340.7057,5072557.328,-1510.8436919,689340.7057,5072557.328,-1515.8436919
REZOVACCKE_KRCCEVINE-1,1660.0,1670.0,81.01698749999998,689340.7057,5072557.328,-1515.8436919,689340.7057,5072557.328,-1520.8436919,689340.7057,5072557.328,-1525.8436919
REZOVACCKE_KRCCEVINE-1,1670.0,1680.0,81.3006705,689340.7057,5072557.328,-1525.8436919,689340.7057,5072557.328,-1530.8436919,689340.7057,5072557.328,-1535.8436919
REZOVACCKE_KRCCEVINE-1,1680.0,1690.0,81.58435349999999,689340.7057,5072557.328,-1535.8436919,689340.7057,5072557.328,-1540.8436919,689340.7057,5072557.328,-1545.8436919
REZOVACCKE_KRCCEVINE-1,1690.0,1700.0,81.86803449999998,689340.7057,5072557.328,-1545.8436919,689340.7057,5072557.328,-1550.8436919,689340.7057,5072557.328,-1555.8436919
REZOVACCKE_KRCCEVINE-1,1700.0,1710.0,82.15171749999999,689340.7057,5072557.328,-1555.8436919,689340.7057,5072557.328,-1560.8436919,689340.7057,5072557.328,-1565.8436919
REZOVACCKE_KRCCEVINE-1,1710.0,1720.0,82.43539799999999,689340.7057,5072557.328,-1565.8436919,689340.7057,5072557.328,-1570.8436919,689340.7057,5072557.328,-1575.8436919
REZOVACCKE_KRCCEVINE-1,1720.0,1730.0,82.71908249999998,689340.7057,5072557.328,-1575.8436919,689340.7057,5072557.328,-1580.8436919,689340.7057,5072557.328,-1585.8436919
REZOVACCKE_KRCCEVINE-1,1730.0,1740.0,83.00276249999999,689340.7057,5072557.328,-1585.8436919,689340.7057,5072557.328,-1590.8436919,689340.7057,5072557.328,-1595.8436919
REZOVACCKE_KRCCEVINE-1,1740.0,1750.0,83.28644549999999,689340.7057,5072557.328,-1595.8436919,689340.7057,5072557.328,-1600.8436919,689340.7057,5072557.328,-1605.8436919
REZOVACCKE_KRCCEVINE-1,1750.0,1760.0,83.57012649999999,689340.7057,5072557.328,-1605.8436919,689340.7057,5072557.328,-1610.8436919,689340.7057,5072557.328,-1615.8436919
REZOVACCKE_KRCCEVINE-1,1760.0,1770.0,83.8538085,689340.7057,5072557.328,-1615.8436919,689340.7057,5072557.328,-1620.8436919,689340.7057,5072557.328,-1625.8436919
REZOVACCKE_KRCCEVINE-1,1770.0,1780.0,84.13749399999999,689340.7057,5072557.328,-1625.8436919,689340.7057,5072557.328,-1630.8436919,689340.7057,5072557.328,-1635.8436919
REZOVACCKE_KRCCEVINE-1,1780.0,1790.0,84.4211725,689340.7057,5072557.328,-1635.8436919,689340.7057,5072557.328,-1640.8436919,689340.7057,5072557.328,-1645.8436919
REZOVACCKE_KRCCEVINE-1,1790.0,1800.0,84.70485649999999,689340.7057,5072557.328,-1645.8436919,689340.7057,5072557.328,-1650.8436919,689340.7057,5072557.328,-1655.8436919
REZOVACCKE_KRCCEVINE-1,1800.0,1810.0,84.98853650000001,689340.7057,5072557.328,-1655.8436919,689340.7057,5072557.328,-1660.8436919,689340.7057,5072557.328,-1665.8436919
REZOVACCKE_KRCCEVINE-1,1810.0,1820.0,85.27221850000004,689340.7057,5072557.328,-1665.8436919,689340.7057,5072557.328,-1670.8436919,689340.7057,5072557.328,-1675.8436919
REZOVACCKE_KRCCEVINE-1,1820.0,1830.0,85.555902,689340.7057,5072557.328,-1675.8436919,689340.7057,5072557.328,-1680.8436919,689340.7057,5072557.328,-1685.8436919
REZOVACCKE_KRCCEVINE-1,1830.0,1840.0,85.83958450000002,689340.7057,5072557.328,-1685.8436919,689340.7057,5072557.328,-1690.8436919,689340.7057,5072557.328,-1695.8436919
REZOVACCKE_KRCCEVINE-1,1840.0,1850.0,86.12326550000002,689340.7057,5072557.328,-1695.8436919,689340.7057,5072557.328,-1700.8436919,689340.7057,5072557.328,-1705.8436919
REZOVACCKE_KRCCEVINE-1,1850.0,1860.0,86.40694750000003,689340.7057,5072557.328,-1705.8436919,689340.7057,5072557.328,-1710.8436919,689340.7057,5072557.328,-1715.8436919
REZOVACCKE_KRCCEVINE-1,1860.0,1870.0,86.6906295,689340.7057,5072557.328,-1715.8436919,689340.7057,5072557.328,-1720.8436919,689340.7057,5072557.328,-1725.8436919
REZOVACCKE_KRCCEVINE-1,1870.0,1880.0,86.974312,689340.7057,5072557.328,-1725.8436919,689340.7057,5072557.328,-1730.8436919,689340.7057,5072557.328,-1735.8436919
REZOVACCKE_KRCCEVINE-1,1880.0,1890.0,87.2579925,689340.7057,5072557.328,-1735.8436919,689340.7057,5072557.328,-1740.8436919,689340.7057,5072557.328,-1745.8436919
REZOVACCKE_KRCCEVINE-1,1890.0,1900.0,87.5416765,689340.7057,5072557.328,-1745.8436919,689340.7057,5072557.328,-1750.8436919,689340.7057,5072557.328,-1755.8436919
REZOVACCKE_KRCCEVINE-1,1900.0,1910.0,87.82535549999999,689340.7057,5072557.328,-1755.8436919,689340.7057,5072557.328,-1760.8436919,689340.7057,5072557.328,-1765.8436919
REZOVACCKE_KRCCEVINE-1,1910.0,1920.0,88.10903949999997,689340.7057,5072557.328,-1765.8436919,689340.7057,5072557.328,-1770.8436919,689340.7057,5072557.328,-1775.8436919
REZOVACCKE_KRCCEVINE-1,1920.0,1930.0,88.39272449999997,689340.7057,5072557.328,-1775.8436919,689340.7057,5072557.328,-1780.8436919,689340.7057,5072557.328,-1785.8436919
REZOVACCKE_KRCCEVINE-1,1930.0,1940.0,88.676403,689340.7057,5072557.328,-1785.8436919,689340.7057,5072557.328,-1790.8436919,689340.7057,5072557.328,-1795.8436919
REZOVACCKE_KRCCEVINE-1,1940.0,1950.0,88.9600865,689340.7057,5072557.328,-1795.8436919,689340.7057,5072557.328,-1800.8436919,689340.7057,5072557.328,-1805.8436919
REZOVACCKE_KRCCEVINE-1,1950.0,1960.0,89.2437665,689340.7057,5072557.328,-1805.8436919,689340.7057,5072557.328,-1810.8436919,689340.7057,5072557.328,-1815.8436919
REZOVACCKE_KRCCEVINE-1,1960.0,1970.0,89.5274505,689340.7057,5072557.328,-1815.8436919,689340.7057,5072557.328,-1820.8436919,689340.7057,5072557.328,-1825.8436919
REZOVACCKE_KRCCEVINE-1,1970.0,1980.0,89.81113150000002,689340.7057,5072557.328,-1825.8436919,689340.7057,5072557.328,-1830.8436919,689340.7057,5072557.328,-1835.8436919
REZOVACCKE_KRCCEVINE-1,1980.0,1990.0,90.0948135,689340.7057,5072557.328,-1835.8436919,689340.7057,5072557.328,-1840.8436919,689340.7057,5072557.328,-1845.8436919
REZOVACCKE_KRCCEVINE-1,1990.0,2000.0,90.378496,689340.7057,5072557.328,-1845.8436919,689340.7057,5072557.328,-1850.8436919,689340.7057,5072557.328,-1855.8436919
REZOVACCKE_KRCCEVINE-1,2000.0,2010.0,90.66217650000003,689340.7057,5072557.328,-1855.8436919,689340.7057,5072557.328,-1860.8436919,689340.7057,5072557.328,-1865.8436919
REZOVACCKE_KRCCEVINE-1,2010.0,2020.0,90.94586149999999,689340.7057,5072557.328,-1865.8436919,689340.7057,5072557.328,-1870.8436919,689340.7057,5072557.328,-1875.8436919
REZOVACCKE_KRCCEVINE-1,2020.0,2030.0,91.22954150000001,689340.7057,5072557.328,-1875.8436919,689340.7057,5072557.328,-1880.8436919,689340.7057,5072557.328,-1885.8436919
REZOVACCKE_KRCCEVINE-1,2030.0,2040.0,91.51322350000002,689340.7057,5072557.328,-1885.8436919,689340.7057,5072557.328,-1890.8436919,689340.7057,5072557.328,-1895.8436919
REZOVACCKE_KRCCEVINE-1,2040.0,2050.0,91.79690700000003,689340.7057,5072557.328,-1895.8436919,689340.7057,5072557.328,-1900.8436919,689340.7057,5072557.328,-1905.8436919
REZOVACCKE_KRCCEVINE-1,2050.0,2060.0,92.08058750000001,689340.7057,5072557.328,-1905.8436919,689340.7057,5072557.328,-1910.8436919,689340.7057,5072557.328,-1915.8436919
REZOVACCKE_KRCCEVINE-1,2060.0,2070.0,92.36427150000002,689340.7057,5072557.328,-1915.8436919,689340.7057,5072557.328,-1920.8436919,689340.7057,5072557.328,-1925.8436919
REZOVACCKE_KRCCEVINE-1,2070.0,2080.0,92.64795350000003,689340.7057,5072557.328,-1925.8436919,689340.7057,5072557.328,-1930.8436919,689340.7057,5072557.328,-1935.8436919
REZOVACCKE_KRCCEVINE-1,2080.0,2090.0,92.93163249999999,689340.7057,5072557.328,-1935.8436919,689340.7057,5072557.328,-1940.8436919,689340.7057,5072557.328,-1945.8436919
REZOVACCKE_KRCCEVINE-1,2090.0,2100.0,93.2153155,689340.7057,5072557.328,-1945.8436919,689340.7057,5072557.328,-1950.8436919,689340.7057,5072557.328,-1955.8436919
REZOVACCKE_KRCCEVINE-1,2100.0,2110.0,93.498997,689340.7057,5072557.328,-1955.8436919,689340.7057,5072557.328,-1960.8436919,689340.7057,5072557.328,-1965.8436919
REZOVACCKE_KRCCEVINE-1,2110.0,2120.0,93.78268050000001,689340.7057,5072557.328,-1965.8436919,689340.7057,5072557.328,-1970.8436919,689340.7057,5072557.328,-1975.8436919
REZOVACCKE_KRCCEVINE-1,2120.0,2130.0,94.06636250000001,689340.7057,5072557.328,-1975.8436919,689340.7057,5072557.328,-1980.8436919,689340.7057,5072557.328,-1985.8436919
REZOVACCKE_KRCCEVINE-1,2130.0,2140.0,94.35004449999998,689340.7057,5072557.328,-1985.8436919,689340.7057,5072557.328,-1990.8436919,689340.7057,5072557.328,-1995.8436919
REZOVACCKE_KRCCEVINE-1,2140.0,2150.0,94.63372649999998,689340.7057,5072557.328,-1995.8436919,689340.7057,5072557.328,-2000.8436919,689340.7057,5072557.328,-2005.8436919
REZOVACCKE_KRCCEVINE-1,2150.0,2160.0,94.91740699999998,689340.7057,5072557.328,-2005.8436919,689340.7057,5072557.328,-2010.8436919,689340.7057,5072557.328,-2015.8436919
REZOVACCKE_KRCCEVINE-1,2160.0,2170.0,95.20109049999998,689340.7057,5072557.328,-2015.8436919,689340.7057,5072557.328,-2020.8436919,689340.7057,5072557.328,-2025.8436919
REZOVACCKE_KRCCEVINE-1,2170.0,2180.0,95.4847715,689340.7057,5072557.328,-2025.8436919,689340.7057,5072557.328,-2030.8436919,689340.7057,5072557.328,-2035.8436919
REZOVACCKE_KRCCEVINE-1,2180.0,2190.0,95.76845349999998,689340.7057,5072557.328,-2035.8436919,689340.7057,5072557.328,-2040.8436919,689340.7057,5072557.328,-2045.8436919
REZOVACCKE_KRCCEVINE-1,2190.0,2200.0,96.0521365,689340.7057,5072557.328,-2045.8436919,689340.7057,5072557.328,-2050.8436919,689340.7057,5072557.328,-2055.8436919
REZOVACCKE_KRCCEVINE-1,2200.0,2210.0,96.33581749999999,689340.7057,5072557.328,-2055.8436919,689340.7057,5072557.328,-2060.8436919,689340.7057,5072557.328,-2065.8436919
REZOVACCKE_KRCCEVINE-1,2210.0,2220.0,96.619501,689340.7057,5072557.328,-2065.8436919,689340.7057,5072557.328,-2070.8436919,689340.7057,5072557.328,-2075.8436919
REZOVACCKE_KRCCEVINE-1,2220.0,2230.0,96.9031835,689340.7057,5072557.328,-2075.8436919,689340.7057,5072557.328,-2080.8436919,689340.7057,5072557.328,-2085.8436919
REZOVACCKE_KRCCEVINE-1,2230.0,2240.0,97.1868625,689340.7057,5072557.328,-2085.8436919,689340.7057,5072557.328,-2090.8436919,689340.7057,5072557.328,-2095.8436919
REZOVACCKE_KRCCEVINE-1,2240.0,2250.0,97.47054550000003,689340.7057,5072557.328,-2095.8436919,689340.7057,5072557.328,-2100.8436919,689340.7057,5072557.328,-2105.8436919
REZOVACCKE_KRCCEVINE-1,2250.0,2260.0,97.75422750000001,689340.7057,5072557.328,-2105.8436919,689340.7057,5072557.328,-2110.8436919,689340.7057,5072557.328,-2115.8436919
REZOVACCKE_KRCCEVINE-1,2260.0,2270.0,98.03791100000002,689340.7057,5072557.328,-2115.8436919,689340.7057,5072557.328,-2120.8436919,689340.7057,5072557.328,-2125.8436919
REZOVACCKE_KRCCEVINE-1,2270.0,2280.0,98.32159250000001,689340.7057,5072557.328,-2125.8436919,689340.7057,5072557.328,-2130.8436919,689340.7057,5072557.328,-2135.8436919
REZOVACCKE_KRCCEVINE-1,2280.0,2290.0,98.60527450000004,689340.7057,5072557.328,-2135.8436919,689340.7057,5072557.328,-2140.8436919,689340.7057,5072557.328,-2145.8436919
REZOVACCKE_KRCCEVINE-1,2290.0,2300.0,98.88895550000002,689340.7057,5072557.328,-2145.8436919,689340.7057,5072557.328,-2150.8436919,689340.7057,5072557.328,-2155.8436919
REZOVACCKE_KRCCEVINE-1,2300.0,2310.0,99.17263650000001,689340.7057,5072557.328,-2155.8436919,689340.7057,5072557.328,-2160.8436919,689340.7057,5072557.328,-2165.8436919
REZOVACCKE_KRCCEVINE-1,2310.0,2320.0,99.4563205,689340.7057,5072557.328,-2165.8436919,689340.7057,5072557.328,-2170.8436919,689340.7057,5072557.328,-2175.8436919
REZOVACCKE_KRCCEVINE-1,2320.0,2330.0,99.74000200000002,689340.7057,5072557.328,-2175.8436919,689340.7057,5072557.328,-2180.8436919,689340.7057,5072557.328,-2185.8436919
REZOVACCKE_KRCCEVINE-1,2330.0,2340.0,100.0236835,689340.7057,5072557.328,-2185.8436919,689340.7057,5072557.328,-2190.8436919,689340.7057,5072557.328,-2195.8436919
REZOVACCKE_KRCCEVINE-1,2340.0,2350.0,100.3073675,689340.7057,5072557.328,-2195.8436919,689340.7057,5072557.328,-2200.8436919,689340.7057,5072557.328,-2205.8436919
REZOVACCKE_KRCCEVINE-1,2350.0,2360.0,100.59104749999999,689340.7057,5072557.328,-2205.8436919,689340.7057,5072557.328,-2210.8436919,689340.7057,5072557.328,-2215.8436919
REZOVACCKE_KRCCEVINE-1,2360.0,2370.0,100.87472949999996,689340.7057,5072557.328,-2215.8436919,689340.7057,5072557.328,-2220.8436919,689340.7057,5072557.328,-2225.8436919
REZOVACCKE_KRCCEVINE-1,2370.0,2380.0,101.1584125,689340.7057,5072557.328,-2225.8436919,689340.7057,5072557.328,-2230.8436919,689340.7057,5072557.328,-2235.8436919
REZOVACCKE_KRCCEVINE-1,2380.0,2390.0,101.44209399999998,689340.7057,5072557.328,-2235.8436919,689340.7057,5072557.328,-2240.8436919,689340.7057,5072557.328,-2245.8436919
REZOVACCKE_KRCCEVINE-1,2390.0,2400.0,101.72577549999998,689340.7057,5072557.328,-2245.8436919,689340.7057,5072557.328,-2250.8436919,689340.7057,5072557.328,-2255.8436919
REZOVACCKE_KRCCEVINE-1,2400.0,2410.0,102.0094585,689340.7057,5072557.328,-2255.8436919,689340.7057,5072557.328,-2260.8436919,689340.7057,5072557.328,-2265.8436919
REZOVACCKE_KRCCEVINE-1,2410.0,2420.0,102.2931405,689340.7057,5072557.328,-2265.8436919,689340.7057,5072557.328,-2270.8436919,689340.7057,5072557.328,-2275.8436919
REZOVACCKE_KRCCEVINE-1,2420.0,2430.0,102.57682249999999,689340.7057,5072557.328,-2275.8436919,689340.7057,5072557.328,-2280.8436919,689340.7057,5072557.328,-2285.8436919
REZOVACCKE_KRCCEVINE-1,2430.0,2440.0,102.860504,689340.7057,5072557.328,-2285.8436919,689340.7057,5072557.328,-2290.8436919,689340.7057,5072557.328,-2295.8436919
REZOVACCKE_KRCCEVINE-1,2440.0,2450.0,103.14418549999999,689340.7057,5072557.328,-2295.8436919,689340.7057,5072557.328,-2300.8436919,689340.7057,5072557.328,-2305.8436919
REZOVACCKE_KRCCEVINE-1,2450.0,2460.0,103.4278695,689340.7057,5072557.328,-2305.8436919,689340.7057,5072557.328,-2310.8436919,689340.7057,5072557.328,-2315.8436919
REZOVACCKE_KRCCEVINE-1,2460.0,2470.0,103.71155050000002,689340.7057,5072557.328,-2315.8436919,689340.7057,5072557.328,-2320.8436919,689340.7057,5072557.328,-2325.8436919
REZOVACCKE_KRCCEVINE-1,2470.0,2480.0,103.9952325,689340.7057,5072557.328,-2325.8436919,689340.7057,5072557.328,-2330.8436919,689340.7057,5072557.328,-2335.8436919
REZOVACCKE_KRCCEVINE-1,2480.0,2490.0,104.27891350000002,689340.7057,5072557.328,-2335.8436919,689340.7057,5072557.328,-2340.8436919,689340.7057,5072557.328,-2345.8436919
REZOVACCKE_KRCCEVINE-1,2490.0,2500.0,104.56259700000001,689340.7057,5072557.328,-2345.8436919,689340.7057,5072557.328,-2350.8436919,689340.7057,5072557.328,-2355.8436919
REZOVACCKE_KRCCEVINE-1,2500.0,2510.0,104.84627850000001,689340.7057,5072557.328,-2355.8436919,689340.7057,5072557.328,-2360.8436919,689340.7057,5072557.328,-2365.8436919
REZOVACCKE_KRCCEVINE-1,2510.0,2520.0,105.12996150000001,689340.7057,5072557.328,-2365.8436919,689340.7057,5072557.328,-2370.8436919,689340.7057,5072557.328,-2375.8436919
REZOVACCKE_KRCCEVINE-1,2520.0,2530.0,105.4136415,689340.7057,5072557.328,-2375.8436919,689340.7057,5072557.328,-2380.8436919,689340.7057,5072557.328,-2385.8436919
REZOVACCKE_KRCCEVINE-1,2530.0,2540.0,105.69732549999999,689340.7057,5072557.328,-2385.8436919,689340.7057,5072557.328,-2390.8436919,689340.7057,5072557.328,-2395.8436919
REZOVACCKE_KRCCEVINE-1,2540.0,2550.0,105.98100600000002,689340.7057,5072557.328,-2395.8436919,689340.7057,5072557.328,-2400.8436919,689340.7057,5072557.328,-2405.8436919
REZOVACCKE_KRCCEVINE-1,2550.0,2560.0,106.26468950000002,689340.7057,5072557.328,-2405.8436919,689340.7057,5072557.328,-2410.8436919,689340.7057,5072557.328,-2415.8436919
REZOVACCKE_KRCCEVINE-1,2560.0,2570.0,106.54837050000002,689340.7057,5072557.328,-2415.8436919,689340.7057,5072557.328,-2420.8436919,689340.7057,5072557.328,-2425.8436919
REZOVACCKE_KRCCEVINE-1,2570.0,2580.0,106.83205249999999,689340.7057,5072557.328,-2425.8436919,689340.7057,5072557.328,-2430.8436919,689340.7057,5072557.328,-2435.8436919
REZOVACCKE_KRCCEVINE-1,2580.0,2590.0,107.11573449999996,689340.7057,5072557.328,-2435.8436919,689340.7057,5072557.328,-2440.8436919,689340.7057,5072557.328,-2445.8436919
REZOVACCKE_KRCCEVINE-1,2590.0,2600.0,107.39941649999999,689340.7057,5072557.328,-2445.8436919,689340.7057,5072557.328,-2450.8436919,689340.7057,5072557.328,-2455.8436919
REZOVACCKE_KRCCEVINE-1,2600.0,2610.0,107.68309899999998,689340.7057,5072557.328,-2455.8436919,689340.7057,5072557.328,-2460.8436919,689340.7057,5072557.328,-2465.8436919
REZOVACCKE_KRCCEVINE-1,2610.0,2620.0,107.96678249999997,689340.7057,5072557.328,-2465.8436919,689340.7057,5072557.328,-2470.8436919,689340.7057,5072557.328,-2475.8436919
REZOVACCKE_KRCCEVINE-1,2620.0,2630.0,108.25046249999997,689340.7057,5072557.328,-2475.8436919,689340.7057,5072557.328,-2480.8436919,689340.7057,5072557.328,-2485.8436919
REZOVACCKE_KRCCEVINE-1,2630.0,2640.0,108.53414349999998,689340.7057,5072557.328,-2485.8436919,689340.7057,5072557.328,-2490.8436919,689340.7057,5072557.328,-2495.8436919
REZOVACCKE_KRCCEVINE-1,2640.0,2650.0,108.8178275,689340.7057,5072557.328,-2495.8436919,689340.7057,5072557.328,-2500.8436919,689340.7057,5072557.328,-2505.8436919
REZOVACCKE_KRCCEVINE-1,2650.0,2660.0,109.101509,689340.7057,5072557.328,-2505.8436919,689340.7057,5072557.328,-2510.8436919,689340.7057,5072557.328,-2515.8436919
REZOVACCKE_KRCCEVINE-1,2660.0,2670.0,109.38519149999998,689340.7057,5072557.328,-2515.8436919,689340.7057,5072557.328,-2520.8436919,689340.7057,5072557.328,-2525.8436919
REZOVACCKE_KRCCEVINE-1,2670.0,2680.0,109.66887249999999,689340.7057,5072557.328,-2525.8436919,689340.7057,5072557.328,-2530.8436919,689340.7057,5072557.328,-2535.8436919
REZOVACCKE_KRCCEVINE-1,2680.0,2690.0,109.95255550000002,689340.7057,5072557.328,-2535.8436919,689340.7057,5072557.328,-2540.8436919,689340.7057,5072557.328,-2545.8436919
REZOVACCKE_KRCCEVINE-1,2690.0,2700.0,110.23623650000002,689340.7057,5072557.328,-2545.8436919,689340.7057,5072557.328,-2550.8436919,689340.7057,5072557.328,-2555.8436919
REZOVACCKE_KRCCEVINE-1,2700.0,2710.0,110.51991950000001,689340.7057,5072557.328,-2555.8436919,689340.7057,5072557.328,-2560.8436919,689340.7057,5072557.328,-2565.8436919
REZOVACCKE_KRCCEVINE-1,2710.0,2720.0,110.80360000000002,689340.7057,5072557.328,-2565.8436919,689340.7057,5072557.328,-2570.8436919,689340.7057,5072557.328,-2575.8436919
REZOVACCKE_KRCCEVINE-1,2720.0,2730.0,111.08728250000001,689340.7057,5072557.328,-2575.8436919,689340.7057,5072557.328,-2580.8436919,689340.7057,5072557.328,-2585.8436919
REZOVACCKE_KRCCEVINE-1,2730.0,2740.0,111.37096650000001,689340.7057,5072557.328,-2585.8436919,689340.7057,5072557.328,-2590.8436919,689340.7057,5072557.328,-2595.8436919
REZOVACCKE_KRCCEVINE-1,2740.0,2750.0,111.65464750000001,689340.7057,5072557.328,-2595.8436919,689340.7057,5072557.328,-2600.8436919,689340.7057,5072557.328,-2605.8436919
REZOVACCKE_KRCCEVINE-1,2750.0,2760.0,111.93832850000001,689340.7057,5072557.328,-2605.8436919,689340.7057,5072557.328,-2610.8436919,689340.7057,5072557.328,-2615.8436919
REZOVACCKE_KRCCEVINE-1,2760.0,2770.0,112.22201250000002,689340.7057,5072557.328,-2615.8436919,689340.7057,5072557.328,-2620.8436919,689340.7057,5072557.328,-2625.8436919
REZOVACCKE_KRCCEVINE-1,2770.0,2780.0,112.50569300000001,689340.7057,5072557.328,-2625.8436919,689340.7057,5072557.328,-2630.8436919,689340.7057,5072557.328,-2635.8436919
REZOVACCKE_KRCCEVINE-1,2780.0,2790.0,112.7893735,689340.7057,5072557.328,-2635.8436919,689340.7057,5072557.328,-2640.8436919,689340.7057,5072557.328,-2645.8436919
REZOVACCKE_KRCCEVINE-1,2790.0,2800.0,113.07305849999999,689340.7057,5072557.328,-2645.8436919,689340.7057,5072557.328,-2650.8436919,689340.7057,5072557.328,-2655.8436919
REZOVACCKE_KRCCEVINE-1,2800.0,2810.0,113.374842,689340.7057,5072557.328,-2655.8436919,689340.7057,5072557.328,-2660.8436919,689340.7057,5072557.328,-2665.8436919
REZOVACCKE_KRCCEVINE-1,2810.0,2820.0,113.72907899999998,689340.7057,5072557.328,-2665.8436919,689340.7057,5072557.328,-2670.8436919,689340.7057,5072557.328,-2675.8436919
REZOVACCKE_KRCCEVINE-1,2820.0,2830.0,114.08664149999998,689340.7057,5072557.328,-2675.8436919,689340.7057,5072557.328,-2680.8436919,689340.7057,5072557.328,-2685.8436919
REZOVACCKE_KRCCEVINE-1,2830.0,2840.0,114.444208,689340.7057,5072557.328,-2685.8436919,689340.7057,5072557.328,-2690.8436919,689340.7057,5072557.328,-2695.8436919
REZOVACCKE_KRCCEVINE-1,2840.0,2850.0,114.80177100000003,689340.7057,5072557.328,-2695.8436919,689340.7057,5072557.328,-2700.8436919,689340.7057,5072557.328,-2705.8436919
REZOVACCKE_KRCCEVINE-1,2850.0,2860.0,115.15933450000003,689340.7057,5072557.328,-2705.8436919,689340.7057,5072557.328,-2710.8436919,689340.7057,5072557.328,-2715.8436919
REZOVACCKE_KRCCEVINE-1,2860.0,2870.0,115.516899,689340.7057,5072557.328,-2715.8436919,689340.7057,5072557.328,-2720.8436919,689340.7057,5072557.328,-2725.8436919
REZOVACCKE_KRCCEVINE-1,2870.0,2880.0,115.87446149999998,689340.7057,5072557.328,-2725.8436919,689340.7057,5072557.328,-2730.8436919,689340.7057,5072557.328,-2735.8436919
REZOVACCKE_KRCCEVINE-1,2880.0,2890.0,116.23202700000002,689340.7057,5072557.328,-2735.8436919,689340.7057,5072557.328,-2740.8436919,689340.7057,5072557.328,-2745.8436919
REZOVACCKE_KRCCEVINE-1,2890.0,2900.0,116.58958900000003,689340.7057,5072557.328,-2745.8436919,689340.7057,5072557.328,-2750.8436919,689340.7057,5072557.328,-2755.8436919
REZOVACCKE_KRCCEVINE-1,2900.0,2910.0,116.9471555,689340.7057,5072557.328,-2755.8436919,689340.7057,5072557.328,-2760.8436919,689340.7057,5072557.328,-2765.8436919
REZOVACCKE_KRCCEVINE-1,2910.0,2920.0,117.30471699999998,689340.7057,5072557.328,-2765.8436919,689340.7057,5072557.328,-2770.8436919,689340.7057,5072557.328,-2775.8436919
REZOVACCKE_KRCCEVINE-1,2920.0,2930.0,117.662283,689340.7057,5072557.328,-2775.8436919,689340.7057,5072557.328,-2780.8436919,689340.7057,5072557.328,-2785.8436919
REZOVACCKE_KRCCEVINE-1,2930.0,2940.0,118.01984550000002,689340.7057,5072557.328,-2785.8436919,689340.7057,5072557.328,-2790.8436919,689340.7057,5072557.328,-2795.8436919
REZOVACCKE_KRCCEVINE-1,2940.0,2950.0,118.37740800000003,689340.7057,5072557.328,-2795.8436919,689340.7057,5072557.328,-2800.8436919,689340.7057,5072557.328,-2805.8436919
REZOVACCKE_KRCCEVINE-1,2950.0,2960.0,118.73497099999999,689340.7057,5072557.328,-2805.8436919,689340.7057,5072557.328,-2810.8436919,689340.7057,5072557.328,-2815.8436919
REZOVACCKE_KRCCEVINE-1,2960.0,2970.0,119.0925355,689340.7057,5072557.328,-2815.8436919,689340.7057,5072557.328,-2820.8436919,689340.7057,5072557.328,-2825.8436919
REZOVACCKE_KRCCEVINE-1,2970.0,2980.0,119.45010000000002,689340.7057,5072557.328,-2825.8436919,689340.7057,5072557.328,-2830.8436919,689340.7057,5072557.328,-2835.8436919
REZOVACCKE_KRCCEVINE-1,2980.0,2990.0,119.80766450000004,689340.7057,5072557.328,-2835.8436919,689340.7057,5072557.328,-2840.8436919,689340.7057,5072557.328,-2845.8436919
REZOVACCKE_KRCCEVINE-1,2990.0,3000.0,120.165229,689340.7057,5072557.328,-2845.8436919,689340.7057,5072557.328,-2850.8436919,689340.7057,5072557.328,-2855.8436919
REZOVACCKE_KRCCEVINE-1,3000.0,3010.0,120.52279200000001,689340.7057,5072557.328,-2855.8436919,689340.7057,5072557.328,-2860.8436919,689340.7057,5072557.328,-2865.8436919
REZOVACCKE_KRCCEVINE-1,3010.0,3020.0,120.8803545,689340.7057,5072557.328,-2865.8436919,689340.7057,5072557.328,-2870.8436919,689340.7057,5072557.328,-2875.8436919
REZOVACCKE_KRCCEVINE-1,3020.0,3030.0,121.23791900000003,689340.7057,5072557.328,-2875.8436919,689340.7057,5072557.328,-2880.8436919,689340.7057,5072557.328,-2885.8436919
REZOVACCKE_KRCCEVINE-1,3030.0,3040.0,121.59548299999997,689340.7057,5072557.328,-2885.8436919,689340.7057,5072557.328,-2890.8436919,689340.7057,5072557.328,-2895.8436919
REZOVACCKE_KRCCEVINE-1,3040.0,3050.0,121.95304850000001,689340.7057,5072557.328,-2895.8436919,689340.7057,5072557.328,-2900.8436919,689340.7057,5072557.328,-2905.8436919
REZOVACCKE_KRCCEVINE-1,3050.0,3060.0,122.310611,689340.7057,5072557.328,-2905.8436919,689340.7057,5072557.328,-2910.8436919,689340.7057,5072557.328,-2915.8436919
REZOVACCKE_KRCCEVINE-1,3060.0,3070.0,122.668175,689340.7057,5072557.328,-2915.8436919,689340.7057,5072557.328,-2920.8436919,689340.7057,5072557.328,-2925.8436919
REZOVACCKE_KRCCEVINE-1,3070.0,3080.0,123.02573849999997,689340.7057,5072557.328,-2925.8436919,689340.7057,5072557.328,-2930.8436919,689340.7057,5072557.328,-2935.8436919
REZOVACCKE_KRCCEVINE-1,3080.0,3090.0,123.38330099999997,689340.7057,5072557.328,-2935.8436919,689340.7057,5072557.328,-2940.8436919,689340.7057,5072557.328,-2945.8436919
REZOVACCKE_KRCCEVINE-1,3090.0,3100.0,123.74086550000004,689340.7057,5072557.328,-2945.8436919,689340.7057,5072557.328,-2950.8436919,689340.7057,5072557.328,-2955.8436919
REZOVACCKE_KRCCEVINE-1,3100.0,3110.0,124.09842900000001,689340.7057,5072557.328,-2955.8436919,689340.7057,5072557.328,-2960.8436919,689340.7057,5072557.328,-2965.8436919
REZOVACCKE_KRCCEVINE-1,3110.0,3120.0,124.45599200000001,689340.7057,5072557.328,-2965.8436919,689340.7057,5072557.328,-2970.8436919,689340.7057,5072557.328,-2975.8436919
REZOVACCKE_KRCCEVINE-1,3120.0,3130.0,124.81355849999998,689340.7057,5072557.328,-2975.8436919,689340.7057,5072557.328,-2980.8436919,689340.7057,5072557.328,-2985.8436919
REZOVACCKE_KRCCEVINE-1,3130.0,3140.0,125.17112100000003,689340.7057,5072557.328,-2985.8436919,689340.7057,5072557.328,-2990.8436919,689340.7057,5072557.328,-2995.8436919
REZOVACCKE_KRCCEVINE-1,3140.0,3150.0,125.52868600000002,689340.7057,5072557.328,-2995.8436919,689340.7057,5072557.328,-3000.8436919,689340.7057,5072557.328,-3005.8436919
REZOVACCKE_KRCCEVINE-1,3150.0,3160.0,125.88624749999997,689340.7057,5072557.328,-3005.8436919,689340.7057,5072557.328,-3010.8436919,689340.7057,5072557.328,-3015.8436919
REZOVACCKE_KRCCEVINE-1,3160.0,3170.0,126.24381299999999,689340.7057,5072557.328,-3015.8436919,689340.7057,5072557.328,-3020.8436919,689340.7057,5072557.328,-3025.8436919
REZOVACCKE_KRCCEVINE-1,3170.0,3180.0,126.60137599999999,689340.7057,5072557.328,-3025.8436919,689340.7057,5072557.328,-3030.8436919,689340.7057,5072557.328,-3035.8436919
REZOVACCKE_KRCCEVINE-1,3180.0,3190.0,126.9589395,689340.7057,5072557.328,-3035.8436919,689340.7057,5072557.328,-3040.8436919,689340.7057,5072557.328,-3045.8436919
REZOVACCKE_KRCCEVINE-1,3190.0,3200.0,127.31650500000002,689340.7057,5072557.328,-3045.8436919,689340.7057,5072557.328,-3050.8436919,689340.7057,5072557.328,-3055.8436919
REZOVACCKE_KRCCEVINE-1,3200.0,3210.0,127.674066,689340.7057,5072557.328,-3055.8436919,689340.7057,5072557.328,-3060.8436919,689340.7057,5072557.328,-3065.8436919
REZOVACCKE_KRCCEVINE-1,3210.0,3220.0,128.03162949999998,689340.7057,5072557.328,-3065.8436919,689340.7057,5072557.328,-3070.8436919,689340.7057,5072557.328,-3075.8436919
REZOVACCKE_KRCCEVINE-1,3220.0,3230.0,128.389197,689340.7057,5072557.328,-3075.8436919,689340.7057,5072557.328,-3080.8436919,689340.7057,5072557.328,-3085.8436919
REZOVACCKE_KRCCEVINE-1,3230.0,3240.0,128.74675950000002,689340.7057,5072557.328,-3085.8436919,689340.7057,5072557.328,-3090.8436919,689340.7057,5072557.328,-3095.8436919
REZOVACCKE_KRCCEVINE-1,3240.0,3250.0,129.104321,689340.7057,5072557.328,-3095.8436919,689340.7057,5072557.328,-3100.8436919,689340.7057,5072557.328,-3105.8436919
REZOVACCKE_KRCCEVINE-1,3250.0,3260.0,129.461886,689340.7057,5072557.328,-3105.8436919,689340.7057,5072557.328,-3110.8436919,689340.7057,5072557.328,-3115.8436919
REZOVACCKE_KRCCEVINE-1,3260.0,3270.0,129.8194505,689340.7057,5072557.328,-3115.8436919,689340.7057,5072557.328,-3120.8436919,689340.7057,5072557.328,-3125.8436919
REZOVACCKE_KRCCEVINE-1,3270.0,3280.0,130.17701599999998,689340.7057,5072557.328,-3125.8436919,689340.7057,5072557.328,-3130.8436919,689340.7057,5072557.328,-3135.8436919
REZOVACCKE_KRCCEVINE-1,3280.0,3290.0,130.534579,689340.7057,5072557.328,-3135.8436919,689340.7057,5072557.328,-3140.8436919,689340.7057,5072557.328,-3145.8436919
REZOVACCKE_KRCCEVINE-1,3290.0,3300.0,130.89213949999998,689340.7057,5072557.328,-3145.8436919,689340.7057,5072557.328,-3150.8436919,689340.7057,5072557.328,-3155.8436919
REZOVACCKE_KRCCEVINE-1,3300.0,3310.0,131.24970199999998,689340.7057,5072557.328,-3155.8436919,689340.7057,5072557.328,-3160.8436919,689340.7057,5072557.328,-3165.8436919
VIROVITICA-1,1500.0,1510.0,76.87659000000002,685448.7553,5073267.093,-1265.3655396,685448.7553,5073267.093,-1270.3655396,685448.7553,5073267.093,-1275.3655396
VIROVITICA-1,1510.0,1520.0,77.340205,685448.7553,5073267.093,-1275.3655396,685448.7553,5073267.093,-1280.3655396,685448.7553,5073267.093,-1285.3655396
VIROVITICA-1,1520.0,1530.0,77.9536575,685448.7553,5073267.093,-1285.3655396,685448.7553,5073267.093,-1290.3655396,685448.7553,5073267.093,-1295.3655396
VIROVITICA-1,1530.0,1540.0,78.30698749999999,685448.7553,5073267.093,-1295.3655396,685448.7553,5073267.093,-1300.3655396,685448.7553,5073267.093,-1305.3655396
VIROVITICA-1,1540.0,1550.0,79.03339,685448.7553,5073267.093,-1305.3655396,685448.7553,5073267.093,-1310.3655396,685448.7553,5073267.093,-1315.3655396
VIROVITICA-1,1550.0,1560.0,83.7195925,685448.7553,5073267.093,-1315.3655396,685448.7553,5073267.093,-1320.3655396,685448.7553,5073267.093,-1325.3655396
VIROVITICA-1,1560.0,1570.0,82.978555,685448.7553,5073267.093,-1325.3655396,685448.7553,5073267.093,-1330.3655396,685448.7553,5073267.093,-1335.3655396
VIROVITICA-1,1570.0,1580.0,83.55680499999998,685448.7553,5073267.093,-1335.3655396,685448.7553,5073267.093,-1340.3655396,685448.7553,5073267.093,-1345.3655396
VIROVITICA-1,1580.0,1590.0,85.2921275,685448.7553,5073267.093,-1345.3655396,685448.7553,5073267.093,-1350.3655396,685448.7553,5073267.093,-1355.3655396
VIROVITICA-1,1590.0,1600.0,85.38781999999999,685448.7553,5073267.093,-1355.3655396,685448.7553,5073267.093,-1360.3655396,685448.7553,5073267.093,-1365.3655396
VIROVITICA-1,1600.0,1610.0,85.70023,685448.7553,5073267.093,-1365.3655396,685448.7553,5073267.093,-1370.3655396,685448.7553,5073267.093,-1375.3655396
VIROVITICA-1,1610.0,1620.0,84.666165,685448.7553,5073267.093,-1375.3655396,685448.7553,5073267.093,-1380.3655396,685448.7553,5073267.093,-1385.3655396
VIROVITICA-1,1620.0,1630.0,85.0477575,685448.7553,5073267.093,-1385.3655396,685448.7553,5073267.093,-1390.3655396,685448.7553,5073267.093,-1395.3655396
VIROVITICA-1,1630.0,1640.0,86.98129999999998,685448.7553,5073267.093,-1395.3655396,685448.7553,5073267.093,-1400.3655396,685448.7553,5073267.093,-1405.3655396
VIROVITICA-1,1640.0,1650.0,87.94682999999998,685448.7553,5073267.093,-1405.3655396,685448.7553,5073267.093,-1410.3655396,685448.7553,5073267.093,-1415.3655396
VIROVITICA-1,1650.0,1660.0,88.5824675,685448.7553,5073267.093,-1415.3655396,685448.7553,5073267.093,-1420.3655396,685448.7553,5073267.093,-1425.3655396
VIROVITICA-1,1660.0,1670.0,87.61303249999999,685448.7553,5073267.093,-1425.3655396,685448.7553,5073267.093,-1430.3655396,685448.7553,5073267.093,-1435.3655396
VIROVITICA-1,1670.0,1680.0,87.66129,685448.7553,5073267.093,-1435.3655396,685448.7553,5073267.093,-1440.3655396,685448.7553,5073267.093,-1445.3655396
VIROVITICA-1,1680.0,1690.0,87.302685,685448.7553,5073267.093,-1445.3655396,685448.7553,5073267.093,-1450.3655396,685448.7553,5073267.093,-1455.3655396
VIROVITICA-1,1690.0,1700.0,88.46374750000001,685448.7553,5073267.093,-1455.3655396,685448.7553,5073267.093,-1460.3655396,685448.7553,5073267.093,-1465.3655396
VIROVITICA-1,1700.0,1710.0,88.9639825,685448.7553,5073267.093,-1465.3655396,685448.7553,5073267.093,-1470.3655396,685448.7553,5073267.093,-1475.3655396
VIROVITICA-1,1710.0,1720.0,89.54855249999999,685448.7553,5073267.093,-1475.3655396,685448.7553,5073267.093,-1480.3655396,685448.7553,5073267.093,-1485.3655396
VIROVITICA-1,1720.0,1730.0,89.82412749999999,685448.7553,5073267.093,-1485.3655396,685448.7553,5073267.093,-1490.3655396,685448.7553,5073267.093,-1495.3655396
VIROVITICA-1,1730.0,1740.0,89.01425249999998,685448.7553,5073267.093,-1495.3655396,685448.7553,5073267.093,-1500.3655396,685448.7553,5073267.093,-1505.3655396
VIROVITICA-1,1740.0,1750.0,88.2084475,685448.7553,5073267.093,-1505.3655396,685448.7553,5073267.093,-1510.3655396,685448.7553,5073267.093,-1515.3655396
VIROVITICA-1,1750.0,1760.0,88.98234749999997,685448.7553,5073267.093,-1515.3655396,685448.7553,5073267.093,-1520.3655396,685448.7553,5073267.093,-1525.3655396
VIROVITICA-1,1760.0,1770.0,89.07162749999999,685448.7553,5073267.093,-1525.3655396,685448.7553,5073267.093,-1530.3655396,685448.7553,5073267.093,-1535.3655396
VIROVITICA-1,1770.0,1780.0,91.9150575,685448.7553,5073267.093,-1535.3655396,685448.7553,5073267.093,-1540.3655396,685448.7553,5073267.093,-1545.3655396
VIROVITICA-1,1780.0,1790.0,96.73105,685448.7553,5073267.093,-1545.3655396,685448.7553,5073267.093,-1550.3655396,685448.7553,5073267.093,-1555.3655396
VIROVITICA-1,1790.0,1800.0,100.12774999999999,685448.7553,5073267.093,-1555.3655396,685448.7553,5073267.093,-1560.3655396,685448.7553,5073267.093,-1565.3655396
VIROVITICA-1,1800.0,1810.0,99.60483249999999,685448.7553,5073267.093,-1565.3655396,685448.7553,5073267.093,-1570.3655396,685448.7553,5073267.093,-1575.3655396
VIROVITICA-1,1810.0,1820.0,100.12627250000001,685448.7553,5073267.093,-1575.3655396,685448.7553,5073267.093,-1580.3655396,685448.7553,5073267.093,-1585.3655396
VIROVITICA-1,1820.0,1830.0,101.04236250000002,685448.7553,5073267.093,-1585.3655396,685448.7553,5073267.093,-1590.3655396,685448.7553,5073267.093,-1595.3655396
VIROVITICA-1,1830.0,1840.0,101.2577125,685448.7553,5073267.093,-1595.3655396,685448.7553,5073267.093,-1600.3655396,685448.7553,5073267.093,-1605.3655396
VIROVITICA-1,1840.0,1850.0,102.14776749999999,685448.7553,5073267.093,-1605.3655396,685448.7553,5073267.093,-1610.3655396,685448.7553,5073267.093,-1615.3655396
VIROVITICA-1,1850.0,1860.0,103.06518249999999,685448.7553,5073267.093,-1615.3655396,685448.7553,5073267.093,-1620.3655396,685448.7553,5073267.093,-1625.3655396
VIROVITICA-1,1860.0,1870.0,103.08216999999999,685448.7553,5073267.093,-1625.3655396,685448.7553,5073267.093,-1630.3655396,685448.7553,5073267.093,-1635.3655396
VIROVITICA-1,1870.0,1880.0,104.41730500000001,685448.7553,5073267.093,-1635.3655396,685448.7553,5073267.093,-1640.3655396,685448.7553,5073267.093,-1645.3655396
VIROVITICA-1,1880.0,1890.0,105.41603,685448.7553,5073267.093,-1645.3655396,685448.7553,5073267.093,-1650.3655396,685448.7553,5073267.093,-1655.3655396
VIROVITICA-1,1890.0,1900.0,105.70702250000002,685448.7553,5073267.093,-1655.3655396,685448.7553,5073267.093,-1660.3655396,685448.7553,5073267.093,-1665.3655396
VIROVITICA-1,1900.0,1910.0,105.68488,685448.7553,5073267.093,-1665.3655396,685448.7553,5073267.093,-1670.3655396,685448.7553,5073267.093,-1675.3655396
VIROVITICA-1,1910.0,1920.0,106.4029525,685448.7553,5073267.093,-1675.3655396,685448.7553,5073267.093,-1680.3655396,685448.7553,5073267.093,-1685.3655396
VIROVITICA-1,1920.0,1930.0,106.9138675,685448.7553,5073267.093,-1685.3655396,685448.7553,5073267.093,-1690.3655396,685448.7553,5073267.093,-1695.3655396
VIROVITICA-1,1930.0,1940.0,108.06719250000002,685448.7553,5073267.093,-1695.3655396,685448.7553,5073267.093,-1700.3655396,685448.7553,5073267.093,-1705.3655396
VIROVITICA-1,1940.0,1950.0,107.73470249999998,685448.7553,5073267.093,-1705.3655396,685448.7553,5073267.093,-1710.3655396,685448.7553,5073267.093,-1715.3655396
VIROVITICA-1,1950.0,1960.0,108.364615,685448.7553,5073267.093,-1715.3655396,685448.7553,5073267.093,-1720.3655396,685448.7553,5073267.093,-1725.3655396
VIROVITICA-1,1960.0,1970.0,108.2444375,685448.7553,5073267.093,-1725.3655396,685448.7553,5073267.093,-1730.3655396,685448.7553,5073267.093,-1735.3655396
VIROVITICA-1,1970.0,1980.0,108.65566500000001,685448.7553,5073267.093,-1735.3655396,685448.7553,5073267.093,-1740.3655396,685448.7553,5073267.093,-1745.3655396
VIROVITICA-1,1980.0,1990.0,109.575635,685448.7553,5073267.093,-1745.3655396,685448.7553,5073267.093,-1750.3655396,685448.7553,5073267.093,-1755.3655396
VIROVITICA-1,1990.0,2000.0,109.69377499999999,685448.7553,5073267.093,-1755.3655396,685448.7553,5073267.093,-1760.3655396,685448.7553,5073267.093,-1765.3655396
VIROVITICA-1,2000.0,2010.0,110.36864,685448.7553,5073267.093,-1765.3655396,685448.7553,5073267.093,-1770.3655396,685448.7553,5073267.093,-1775.3655396
VIROVITICA-1,2010.0,2020.0,116.42892749999999,685448.7553,5073267.093,-1775.3655396,685448.7553,5073267.093,-1780.3655396,685448.7553,5073267.093,-1785.3655396
VIROVITICA-1,2020.0,2030.0,118.16502750000001,685448.7553,5073267.093,-1785.3655396,685448.7553,5073267.093,-1790.3655396,685448.7553,5073267.093,-1795.3655396
VIROVITICA-1,2030.0,2040.0,118.27795999999998,685448.7553,5073267.093,-1795.3655396,685448.7553,5073267.093,-1800.3655396,685448.7553,5073267.093,-1805.3655396
VIROVITICA-1,2040.0,2050.0,118.01056249999999,685448.7553,5073267.093,-1805.3655396,685448.7553,5073267.093,-1810.3655396,685448.7553,5073267.093,-1815.3655396
VIROVITICA-1,2050.0,2060.0,118.75372999999999,685448.7553,5073267.093,-1815.3655396,685448.7553,5073267.093,-1820.3655396,685448.7553,5073267.093,-1825.3655396
VIROVITICA-1,2060.0,2070.0,118.62977250000002,685448.7553,5073267.093,-1825.3655396,685448.7553,5073267.093,-1830.3655396,685448.7553,5073267.093,-1835.3655396
VIROVITICA-1,2070.0,2080.0,119.56295250000001,685448.7553,5073267.093,-1835.3655396,685448.7553,5073267.093,-1840.3655396,685448.7553,5073267.093,-1845.3655396
VIROVITICA-1,2080.0,2090.0,119.8864275,685448.7553,5073267.093,-1845.3655396,685448.7553,5073267.093,-1850.3655396,685448.7553,5073267.093,-1855.3655396
VIROVITICA-1,2090.0,2100.0,120.4688825,685448.7553,5073267.093,-1855.3655396,685448.7553,5073267.093,-1860.3655396,685448.7553,5073267.093,-1865.3655396
VIROVITICA-1,2100.0,2110.0,120.64119500000002,685448.7553,5073267.093,-1865.3655396,685448.7553,5073267.093,-1870.3655396,685448.7553,5073267.093,-1875.3655396
VIROVITICA-1,2110.0,2120.0,121.530695,685448.7553,5073267.093,-1875.3655396,685448.7553,5073267.093,-1880.3655396,685448.7553,5073267.093,-1885.3655396
VIROVITICA-1,2120.0,2130.0,122.06448500000002,685448.7553,5073267.093,-1885.3655396,685448.7553,5073267.093,-1890.3655396,685448.7553,5073267.093,-1895.3655396
VIROVITICA-1,2130.0,2140.0,122.0406925,685448.7553,5073267.093,-1895.3655396,685448.7553,5073267.093,-1900.3655396,685448.7553,5073267.093,-1905.3655396
VIROVITICA-1,2140.0,2150.0,122.04688999999996,685448.7553,5073267.093,-1905.3655396,685448.7553,5073267.093,-1910.3655396,685448.7553,5073267.093,-1915.3655396
VIROVITICA-1,2150.0,2160.0,122.590405,685448.7553,5073267.093,-1915.3655396,685448.7553,5073267.093,-1920.3655396,685448.7553,5073267.093,-1925.3655396
VIROVITICA-1,2160.0,2170.0,123.594035,685448.7553,5073267.093,-1925.3655396,685448.7553,5073267.093,-1930.3655396,685448.7553,5073267.093,-1935.3655396
VIROVITICA-1,2170.0,2180.0,123.565565,685448.7553,5073267.093,-1935.3655396,685448.7553,5073267.093,-1940.3655396,685448.7553,5073267.093,-1945.3655396
VIROVITICA-1,2180.0,2190.0,123.91248249999997,685448.7553,5073267.093,-1945.3655396,685448.7553,5073267.093,-1950.3655396,685448.7553,5073267.093,-1955.3655396
VIROVITICA-1,2190.0,2200.0,125.15696,685448.7553,5073267.093,-1955.3655396,685448.7553,5073267.093,-1960.3655396,685448.7553,5073267.093,-1965.3655396
VIROVITICA-1,2200.0,2210.0,125.34409000000001,685448.7553,5073267.093,-1965.3655396,685448.7553,5073267.093,-1970.3655396,685448.7553,5073267.093,-1975.3655396
VIROVITICA-1,2210.0,2220.0,125.89730000000002,685448.7553,5073267.093,-1975.3655396,685448.7553,5073267.093,-1980.3655396,685448.7553,5073267.093,-1985.3655396
VIROVITICA-1,2220.0,2230.0,126.3741725,685448.7553,5073267.093,-1985.3655396,685448.7553,5073267.093,-1990.3655396,685448.7553,5073267.093,-1995.3655396
VIROVITICA-1,2230.0,2240.0,126.46299499999999,685448.7553,5073267.093,-1995.3655396,685448.7553,5073267.093,-2000.3655396,685448.7553,5073267.093,-2005.3655396
VIROVITICA-1,2240.0,2250.0,126.89866249999999,685448.7553,5073267.093,-2005.3655396,685448.7553,5073267.093,-2010.3655396,685448.7553,5073267.093,-2015.3655396
VIROVITICA-1,2250.0,2260.0,127.75437999999994,685448.7553,5073267.093,-2015.3655396,685448.7553,5073267.093,-2020.3655396,685448.7553,5073267.093,-2025.3655396
VIROVITICA-1,2260.0,2270.0,128.26239749999996,685448.7553,5073267.093,-2025.3655396,685448.7553,5073267.093,-2030.3655396,685448.7553,5073267.093,-2035.3655396
VIROVITICA-1,2270.0,2280.0,128.7751575,685448.7553,5073267.093,-2035.3655396,685448.7553,5073267.093,-2040.3655396,685448.7553,5073267.093,-2045.3655396
VIROVITICA-1,2280.0,2290.0,127.58100999999996,685448.7553,5073267.093,-2045.3655396,685448.7553,5073267.093,-2050.3655396,685448.7553,5073267.093,-2055.3655396
VIROVITICA-1,2290.0,2300.0,128.98777750000002,685448.7553,5073267.093,-2055.3655396,685448.7553,5073267.093,-2060.3655396,685448.7553,5073267.093,-2065.3655396
VIROVITICA-1,2300.0,2310.0,128.6834975,685448.7553,5073267.093,-2065.3655396,685448.7553,5073267.093,-2070.3655396,685448.7553,5073267.093,-2075.3655396
VIROVITICA-1,2310.0,2320.0,129.36095,685448.7553,5073267.093,-2075.3655396,685448.7553,5073267.093,-2080.3655396,685448.7553,5073267.093,-2085.3655396
VIROVITICA-1,2320.0,2330.0,130.20753499999998,685448.7553,5073267.093,-2085.3655396,685448.7553,5073267.093,-2090.3655396,685448.7553,5073267.093,-2095.3655396
VIROVITICA-1,2330.0,2340.0,131.70777,685448.7553,5073267.093,-2095.3655396,685448.7553,5073267.093,-2100.3655396,685448.7553,5073267.093,-2105.3655396
VIROVITICA-1,2340.0,2350.0,138.60912,685448.7553,5073267.093,-2105.3655396,685448.7553,5073267.093,-2110.3655396,685448.7553,5073267.093,-2115.3655396
VIROVITICA-1,2350.0,2360.0,140.0475275,685448.7553,5073267.093,-2115.3655396,685448.7553,5073267.093,-2120.3655396,685448.7553,5073267.093,-2125.3655396
VIROVITICA-1,2360.0,2370.0,138.93753999999998,685448.7553,5073267.093,-2125.3655396,685448.7553,5073267.093,-2130.3655396,685448.7553,5073267.093,-2135.3655396
VIROVITICA-1,2370.0,2380.0,139.2464425,685448.7553,5073267.093,-2135.3655396,685448.7553,5073267.093,-2140.3655396,685448.7553,5073267.093,-2145.3655396
VIROVITICA-1,2380.0,2390.0,139.42472500000002,685448.7553,5073267.093,-2145.3655396,685448.7553,5073267.093,-2150.3655396,685448.7553,5073267.093,-2155.3655396
VIROVITICA-1,2390.0,2400.0,138.9996375,685448.7553,5073267.093,-2155.3655396,685448.7553,5073267.093,-2160.3655396,685448.7553,5073267.093,-2165.3655396
VIROVITICA-1,2400.0,2410.0,139.082435,685448.7553,5073267.093,-2165.3655396,685448.7553,5073267.093,-2170.3655396,685448.7553,5073267.093,-2175.3655396
LONCCARICA-1,380.0,390.0,44.3592,680935.0923,5070578.644,-162.9846196,680935.0923,5070578.644,-167.9846196,680935.0923,5070578.644,-172.9846196
LONCCARICA-1,390.0,400.0,44.63412000000001,680935.0923,5070578.644,-172.9846196,680935.0923,5070578.644,-177.9846196,680935.0923,5070578.644,-182.9846196
LONCCARICA-1,400.0,410.0,44.97268,680935.0923,5070578.644,-182.9846196,680935.0923,5070578.644,-187.9846196,680935.0923,5070578.644,-192.9846196
LONCCARICA-1,410.0,420.0,45.034155,680935.0923,5070578.644,-192.9846196,680935.0923,5070578.644,-197.9846196,680935.0923,5070578.644,-202.9846196
LONCCARICA-1,420.0,430.0,45.12469999999999,680935.0923,5070578.644,-202.9846196,680935.0923,5070578.644,-207.9846196,680935.0923,5070578.644,-212.9846196
LONCCARICA-1,430.0,440.0,45.283114999999995,680935.0923,5070578.644,-212.9846196,680935.0923,5070578.644,-217.9846196,680935.0923,5070578.644,-222.9846196
LONCCARICA-1,440.0,450.0,45.377164999999984,680935.0923,5070578.644,-222.9846196,680935.0923,5070578.644,-227.9846196,680935.0923,5070578.644,-232.9846196
LONCCARICA-1,450.0,460.0,45.63037,680935.0923,5070578.644,-232.9846196,680935.0923,5070578.644,-237.9846196,680935.0923,5070578.644,-242.9846196
LONCCARICA-1,460.0,470.0,45.74933,680935.0923,5070578.644,-242.9846196,680935.0923,5070578.644,-247.9846196,680935.0923,5070578.644,-252.9846196
LONCCARICA-1,470.0,480.0,46.08470000000001,680935.0923,5070578.644,-252.9846196,680935.0923,5070578.644,-257.9846196,680935.0923,5070578.644,-262.9846196
LONCCARICA-1,480.0,490.0,46.31283999999998,680935.0923,5070578.644,-262.9846196,680935.0923,5070578.644,-267.9846196,680935.0923,5070578.644,-272.9846196
LONCCARICA-1,490.0,500.0,46.74311499999999,680935.0923,5070578.644,-272.9846196,680935.0923,5070578.644,-277.9846196,680935.0923,5070578.644,-282.9846196
LONCCARICA-1,500.0,510.0,46.859030000000004,680935.0923,5070578.644,-282.9846196,680935.0923,5070578.644,-287.9846196,680935.0923,5070578.644,-292.9846196
LONCCARICA-1,510.0,520.0,46.876655,680935.0923,5070578.644,-292.9846196,680935.0923,5070578.644,-297.9846196,680935.0923,5070578.644,-302.9846196
LONCCARICA-1,520.0,530.0,47.06307499999999,680935.0923,5070578.644,-302.9846196,680935.0923,5070578.644,-307.9846196,680935.0923,5070578.644,-312.9846196
LONCCARICA-1,530.0,540.0,47.23377000000001,680935.0923,5070578.644,-312.9846196,680935.0923,5070578.644,-317.9846196,680935.0923,5070578.644,-322.9846196
LONCCARICA-1,540.0,550.0,47.41754000000001,680935.0923,5070578.644,-322.9846196,680935.0923,5070578.644,-327.9846196,680935.0923,5070578.644,-332.9846196
LONCCARICA-1,550.0,560.0,47.607524999999995,680935.0923,5070578.644,-332.9846196,680935.0923,5070578.644,-337.9846196,680935.0923,5070578.644,-342.9846196
LONCCARICA-1,560.0,570.0,47.71258000000002,680935.0923,5070578.644,-342.9846196,680935.0923,5070578.644,-347.9846196,680935.0923,5070578.644,-352.9846196
LONCCARICA-1,570.0,580.0,47.93159499999999,680935.0923,5070578.644,-352.9846196,680935.0923,5070578.644,-357.9846196,680935.0923,5070578.644,-362.9846196
LONCCARICA-1,580.0,590.0,48.213370000000005,680935.0923,5070578.644,-362.9846196,680935.0923,5070578.644,-367.9846196,680935.0923,5070578.644,-372.9846196
LONCCARICA-1,590.0,600.0,48.41923,680935.0923,5070578.644,-372.9846196,680935.0923,5070578.644,-377.9846196,680935.0923,5070578.644,-382.9846196
LONCCARICA-1,600.0,610.0,48.610769999999995,680935.0923,5070578.644,-382.9846196,680935.0923,5070578.644,-387.9846196,680935.0923,5070578.644,-392.9846196
LONCCARICA-1,610.0,620.0,48.80422000000001,680935.0923,5070578.644,-392.9846196,680935.0923,5070578.644,-397.9846196,680935.0923,5070578.644,-402.9846196
LONCCARICA-1,620.0,630.0,48.841150000000006,680935.0923,5070578.644,-402.9846196,680935.0923,5070578.644,-407.9846196,680935.0923,5070578.644,-412.9846196
LONCCARICA-1,630.0,640.0,49.06259000000002,680935.0923,5070578.644,-412.9846196,680935.0923,5070578.644,-417.9846196,680935.0923,5070578.644,-422.9846196
LONCCARICA-1,640.0,650.0,49.24121,680935.0923,5070578.644,-422.9846196,680935.0923,5070578.644,-427.9846196,680935.0923,5070578.644,-432.9846196
LONCCARICA-1,650.0,660.0,49.48446500000001,680935.0923,5070578.644,-432.9846196,680935.0923,5070578.644,-437.9846196,680935.0923,5070578.644,-442.9846196
LONCCARICA-1,660.0,670.0,49.716085,680935.0923,5070578.644,-442.9846196,680935.0923,5070578.644,-447.9846196,680935.0923,5070578.644,-452.9846196
LONCCARICA-1,670.0,680.0,50.38760999999999,680935.0923,5070578.644,-452.9846196,680935.0923,5070578.644,-457.9846196,680935.0923,5070578.644,-462.9846196
LONCCARICA-1,680.0,690.0,50.126795,680935.0923,5070578.644,-462.9846196,680935.0923,5070578.644,-467.9846196,680935.0923,5070578.644,-472.9846196
LONCCARICA-1,690.0,700.0,50.32371499999999,680935.0923,5070578.644,-472.9846196,680935.0923,5070578.644,-477.9846196,680935.0923,5070578.644,-482.9846196
LONCCARICA-1,700.0,710.0,50.532865,680935.0923,5070578.644,-482.9846196,680935.0923,5070578.644,-487.9846196,680935.0923,5070578.644,-492.9846196
LONCCARICA-1,710.0,720.0,50.81983,680935.0923,5070578.644,-492.9846196,680935.0923,5070578.644,-497.9846196,680935.0923,5070578.644,-502.9846196
LONCCARICA-1,720.0,730.0,51.22686000000001,680935.0923,5070578.644,-502.9846196,680935.0923,5070578.644,-507.9846196,680935.0923,5070578.644,-512.9846196
LONCCARICA-1,730.0,740.0,51.382935,680935.0923,5070578.644,-512.9846196,680935.0923,5070578.644,-517.9846196,680935.0923,5070578.644,-522.9846196
LONCCARICA-1,740.0,750.0,51.68945999999999,680935.0923,5070578.644,-522.9846196,680935.0923,5070578.644,-527.9846196,680935.0923,5070578.644,-532.9846196
LONCCARICA-1,750.0,760.0,51.96017,680935.0923,5070578.644,-532.9846196,680935.0923,5070578.644,-537.9846196,680935.0923,5070578.644,-542.9846196
LONCCARICA-1,760.0,770.0,52.216085,680935.0923,5070578.644,-542.9846196,680935.0923,5070578.644,-547.9846196,680935.0923,5070578.644,-552.9846196
LONCCARICA-1,770.0,780.0,52.50262,680935.0923,5070578.644,-552.9846196,680935.0923,5070578.644,-557.9846196,680935.0923,5070578.644,-562.9846196
LONCCARICA-1,780.0,790.0,52.75206000000002,680935.0923,5070578.644,-562.9846196,680935.0923,5070578.644,-567.9846196,680935.0923,5070578.644,-572.9846196
LONCCARICA-1,790.0,800.0,53.09517499999999,680935.0923,5070578.644,-572.9846196,680935.0923,5070578.644,-577.9846196,680935.0923,5070578.644,-582.9846196
LONCCARICA-1,800.0,810.0,53.346615000000014,680935.0923,5070578.644,-582.9846196,680935.0923,5070578.644,-587.9846196,680935.0923,5070578.644,-592.9846196
LONCCARICA-1,810.0,820.0,53.617164999999986,680935.0923,5070578.644,-592.9846196,680935.0923,5070578.644,-597.9846196,680935.0923,5070578.644,-602.9846196
LONCCARICA-1,820.0,830.0,53.86956,680935.0923,5070578.644,-602.9846196,680935.0923,5070578.644,-607.9846196,680935.0923,5070578.644,-612.9846196
LONCCARICA-1,830.0,840.0,54.178850000000004,680935.0923,5070578.644,-612.9846196,680935.0923,5070578.644,-617.9846196,680935.0923,5070578.644,-622.9846196
LONCCARICA-1,840.0,850.0,54.621219999999994,680935.0923,5070578.644,-622.9846196,680935.0923,5070578.644,-627.9846196,680935.0923,5070578.644,-632.9846196
LONCCARICA-1,850.0,860.0,54.95015999999999,680935.0923,5070578.644,-632.9846196,680935.0923,5070578.644,-637.9846196,680935.0923,5070578.644,-642.9846196
LONCCARICA-1,860.0,870.0,55.250795,680935.0923,5070578.644,-642.9846196,680935.0923,5070578.644,-647.9846196,680935.0923,5070578.644,-652.9846196
LONCCARICA-1,870.0,880.0,55.56525500000001,680935.0923,5070578.644,-652.9846196,680935.0923,5070578.644,-657.9846196,680935.0923,5070578.644,-662.9846196
LONCCARICA-1,880.0,890.0,55.804764999999996,680935.0923,5070578.644,-662.9846196,680935.0923,5070578.644,-667.9846196,680935.0923,5070578.644,-672.9846196
LONCCARICA-1,890.0,900.0,56.12708,680935.0923,5070578.644,-672.9846196,680935.0923,5070578.644,-677.9846196,680935.0923,5070578.644,-682.9846196
LONCCARICA-1,900.0,910.0,56.39755,680935.0923,5070578.644,-682.9846196,680935.0923,5070578.644,-687.9846196,680935.0923,5070578.644,-692.9846196
LONCCARICA-1,910.0,920.0,56.71652,680935.0923,5070578.644,-692.9846196,680935.0923,5070578.644,-697.9846196,680935.0923,5070578.644,-702.9846196
LONCCARICA-1,920.0,930.0,57.14977499999999,680935.0923,5070578.644,-702.9846196,680935.0923,5070578.644,-707.9846196,680935.0923,5070578.644,-712.9846196
LONCCARICA-1,930.0,940.0,57.54255499999999,680935.0923,5070578.644,-712.9846196,680935.0923,5070578.644,-717.9846196,680935.0923,5070578.644,-722.9846196
LONCCARICA-1,940.0,950.0,57.82810999999999,680935.0923,5070578.644,-722.9846196,680935.0923,5070578.644,-727.9846196,680935.0923,5070578.644,-732.9846196
LONCCARICA-1,950.0,960.0,58.50371000000001,680935.0923,5070578.644,-732.9846196,680935.0923,5070578.644,-737.9846196,680935.0923,5070578.644,-742.9846196
LONCCARICA-1,960.0,970.0,58.585114999999995,680935.0923,5070578.644,-742.9846196,680935.0923,5070578.644,-747.9846196,680935.0923,5070578.644,-752.9846196
LONCCARICA-1,970.0,980.0,58.475210000000004,680935.0923,5070578.644,-752.9846196,680935.0923,5070578.644,-757.9846196,680935.0923,5070578.644,-762.9846196
LONCCARICA-1,980.0,990.0,58.825610000000005,680935.0923,5070578.644,-762.9846196,680935.0923,5070578.644,-767.9846196,680935.0923,5070578.644,-772.9846196
LONCCARICA-1,990.0,1000.0,59.210145000000004,680935.0923,5070578.644,-772.9846196,680935.0923,5070578.644,-777.9846196,680935.0923,5070578.644,-782.9846196
LONCCARICA-1,1000.0,1010.0,59.55453999999999,680935.0923,5070578.644,-782.9846196,680935.0923,5070578.644,-787.9846196,680935.0923,5070578.644,-792.9846196
LONCCARICA-1,1010.0,1020.0,59.87727000000001,680935.0923,5070578.644,-792.9846196,680935.0923,5070578.644,-797.9846196,680935.0923,5070578.644,-802.9846196
LONCCARICA-1,1020.0,1030.0,60.53144500000001,680935.0923,5070578.644,-802.9846196,680935.0923,5070578.644,-807.9846196,680935.0923,5070578.644,-812.9846196
LONCCARICA-1,1030.0,1040.0,60.58465999999999,680935.0923,5070578.644,-812.9846196,680935.0923,5070578.644,-817.9846196,680935.0923,5070578.644,-822.9846196
LONCCARICA-1,1040.0,1050.0,60.987604999999995,680935.0923,5070578.644,-822.9846196,680935.0923,5070578.644,-827.9846196,680935.0923,5070578.644,-832.9846196
LONCCARICA-1,1050.0,1060.0,61.33274999999999,680935.0923,5070578.644,-832.9846196,680935.0923,5070578.644,-837.9846196,680935.0923,5070578.644,-842.9846196
LONCCARICA-1,1060.0,1070.0,61.768899999999995,680935.0923,5070578.644,-842.9846196,680935.0923,5070578.644,-847.9846196,680935.0923,5070578.644,-852.9846196
LONCCARICA-1,1070.0,1080.0,62.14697,680935.0923,5070578.644,-852.9846196,680935.0923,5070578.644,-857.9846196,680935.0923,5070578.644,-862.9846196
LONCCARICA-1,1080.0,1090.0,62.50712000000001,680935.0923,5070578.644,-862.9846196,680935.0923,5070578.644,-867.9846196,680935.0923,5070578.644,-872.9846196
LONCCARICA-1,1090.0,1100.0,62.913985,680935.0923,5070578.644,-872.9846196,680935.0923,5070578.644,-877.9846196,680935.0923,5070578.644,-882.9846196
LONCCARICA-1,1100.0,1110.0,63.02528,680935.0923,5070578.644,-882.9846196,680935.0923,5070578.644,-887.9846196,680935.0923,5070578.644,-892.9846196
LONCCARICA-1,1110.0,1120.0,63.42991,680935.0923,5070578.644,-892.9846196,680935.0923,5070578.644,-897.9846196,680935.0923,5070578.644,-902.9846196
LONCCARICA-1,1120.0,1130.0,63.76101,680935.0923,5070578.644,-902.9846196,680935.0923,5070578.644,-907.9846196,680935.0923,5070578.644,-912.9846196
LONCCARICA-1,1130.0,1140.0,64.099905,680935.0923,5070578.644,-912.9846196,680935.0923,5070578.644,-917.9846196,680935.0923,5070578.644,-922.9846196
LONCCARICA-1,1140.0,1150.0,64.51347500000001,680935.0923,5070578.644,-922.9846196,680935.0923,5070578.644,-927.9846196,680935.0923,5070578.644,-932.9846196
LONCCARICA-1,1150.0,1160.0,64.812765,680935.0923,5070578.644,-932.9846196,680935.0923,5070578.644,-937.9846196,680935.0923,5070578.644,-942.9846196
LONCCARICA-1,1160.0,1170.0,65.230615,680935.0923,5070578.644,-942.9846196,680935.0923,5070578.644,-947.9846196,680935.0923,5070578.644,-952.9846196
LONCCARICA-1,1170.0,1180.0,65.66271,680935.0923,5070578.644,-952.9846196,680935.0923,5070578.644,-957.9846196,680935.0923,5070578.644,-962.9846196
LONCCARICA-1,1180.0,1190.0,66.09714,680935.0923,5070578.644,-962.9846196,680935.0923,5070578.644,-967.9846196,680935.0923,5070578.644,-972.9846196
LONCCARICA-1,1190.0,1200.0,66.45666499999999,680935.0923,5070578.644,-972.9846196,680935.0923,5070578.644,-977.9846196,680935.0923,5070578.644,-982.9846196
LONCCARICA-1,1200.0,1210.0,66.92528999999999,680935.0923,5070578.644,-982.9846196,680935.0923,5070578.644,-987.9846196,680935.0923,5070578.644,-992.9846196
LONCCARICA-1,1210.0,1220.0,67.53693,680935.0923,5070578.644,-992.9846196,680935.0923,5070578.644,-997.9846196,680935.0923,5070578.644,-1002.9846196
LONCCARICA-1,1220.0,1230.0,67.82591000000002,680935.0923,5070578.644,-1002.9846196,680935.0923,5070578.644,-1007.9846196,680935.0923,5070578.644,-1012.9846196
LONCCARICA-1,1230.0,1240.0,68.41148,680935.0923,5070578.644,-1012.9846196,680935.0923,5070578.644,-1017.9846196,680935.0923,5070578.644,-1022.9846196
LONCCARICA-1,1240.0,1250.0,68.834225,680935.0923,5070578.644,-1022.9846196,680935.0923,5070578.644,-1027.9846196,680935.0923,5070578.644,-1032.9846196
LONCCARICA-1,1250.0,1260.0,69.26395500000001,680935.0923,5070578.644,-1032.9846196,680935.0923,5070578.644,-1037.9846196,680935.0923,5070578.644,-1042.9846196
LONCCARICA-1,1260.0,1270.0,69.54938,680935.0923,5070578.644,-1042.9846196,680935.0923,5070578.644,-1047.9846196,680935.0923,5070578.644,-1052.9846196
LONCCARICA-1,1270.0,1280.0,69.67092499999998,680935.0923,5070578.644,-1052.9846196,680935.0923,5070578.644,-1057.9846196,680935.0923,5070578.644,-1062.9846196
LONCCARICA-1,1280.0,1290.0,70.15305500000001,680935.0923,5070578.644,-1062.9846196,680935.0923,5070578.644,-1067.9846196,680935.0923,5070578.644,-1072.9846196
LONCCARICA-1,1290.0,1300.0,70.98835,680935.0923,5070578.644,-1072.9846196,680935.0923,5070578.644,-1077.9846196,680935.0923,5070578.644,-1082.9846196
LONCCARICA-1,1300.0,1310.0,71.31109500000001,680935.0923,5070578.644,-1082.9846196,680935.0923,5070578.644,-1087.9846196,680935.0923,5070578.644,-1092.9846196
LONCCARICA-1,1310.0,1320.0,71.67470999999999,680935.0923,5070578.644,-1092.9846196,680935.0923,5070578.644,-1097.9846196,680935.0923,5070578.644,-1102.9846196
LONCCARICA-1,1320.0,1330.0,72.195175,680935.0923,5070578.644,-1102.9846196,680935.0923,5070578.644,-1107.9846196,680935.0923,5070578.644,-1112.9846196
LONCCARICA-1,1330.0,1340.0,72.62125,680935.0923,5070578.644,-1112.9846196,680935.0923,5070578.644,-1117.9846196,680935.0923,5070578.644,-1122.9846196
LONCCARICA-1,1340.0,1350.0,73.22806999999999,680935.0923,5070578.644,-1122.9846196,680935.0923,5070578.644,-1127.9846196,680935.0923,5070578.644,-1132.9846196
LONCCARICA-1,1350.0,1360.0,73.757895,680935.0923,5070578.644,-1132.9846196,680935.0923,5070578.644,-1137.9846196,680935.0923,5070578.644,-1142.9846196
LONCCARICA-1,1360.0,1370.0,74.355045,680935.0923,5070578.644,-1142.9846196,680935.0923,5070578.644,-1147.9846196,680935.0923,5070578.644,-1152.9846196
LONCCARICA-1,1370.0,1380.0,74.80742000000001,680935.0923,5070578.644,-1152.9846196,680935.0923,5070578.644,-1157.9846196,680935.0923,5070578.644,-1162.9846196
LONCCARICA-1,1380.0,1390.0,75.43982999999999,680935.0923,5070578.644,-1162.9846196,680935.0923,5070578.644,-1167.9846196,680935.0923,5070578.644,-1172.9846196
LONCCARICA-1,1390.0,1400.0,75.91211,680935.0923,5070578.644,-1172.9846196,680935.0923,5070578.644,-1177.9846196,680935.0923,5070578.644,-1182.9846196
LONCCARICA-1,1400.0,1410.0,76.30853499999999,680935.0923,5070578.644,-1182.9846196,680935.0923,5070578.644,-1187.9846196,680935.0923,5070578.644,-1192.9846196
LONCCARICA-1,1410.0,1420.0,76.808705,680935.0923,5070578.644,-1192.9846196,680935.0923,5070578.644,-1197.9846196,680935.0923,5070578.644,-1202.9846196
LONCCARICA-1,1420.0,1430.0,77.752765,680935.0923,5070578.644,-1202.9846196,680935.0923,5070578.644,-1207.9846196,680935.0923,5070578.644,-1212.9846196
LONCCARICA-1,1430.0,1440.0,78.318575,680935.0923,5070578.644,-1212.9846196,680935.0923,5070578.644,-1217.9846196,680935.0923,5070578.644,-1222.9846196
LONCCARICA-1,1440.0,1450.0,79.22161,680935.0923,5070578.644,-1222.9846196,680935.0923,5070578.644,-1227.9846196,680935.0923,5070578.644,-1232.9846196
LONCCARICA-1,1450.0,1460.0,79.707065,680935.0923,5070578.644,-1232.9846196,680935.0923,5070578.644,-1237.9846196,680935.0923,5070578.644,-1242.9846196
LONCCARICA-1,1460.0,1470.0,80.56355500000001,680935.0923,5070578.644,-1242.9846196,680935.0923,5070578.644,-1247.9846196,680935.0923,5070578.644,-1252.9846196
LONCCARICA-1,1470.0,1480.0,80.974525,680935.0923,5070578.644,-1252.9846196,680935.0923,5070578.644,-1257.9846196,680935.0923,5070578.644,-1262.9846196
LONCCARICA-1,1480.0,1490.0,81.54773,680935.0923,5070578.644,-1262.9846196,680935.0923,5070578.644,-1267.9846196,680935.0923,5070578.644,-1272.9846196
LONCCARICA-1,1490.0,1500.0,82.85224999999998,680935.0923,5070578.644,-1272.9846196,680935.0923,5070578.644,-1277.9846196,680935.0923,5070578.644,-1282.9846196
