holeid,x,y,z,MD,TVD,TEMP,GM
SUHOPOLJE-1,693135.92,5073660.97,113.73,0.0,0.0,43.453081649,Lonja
SUHOPOLJE-1,693135.92,5073660.97,108.73,5.0,5.0,43.4809072,Lonja
SUHOPOLJE-1,693135.92,5073660.97,103.73,10.0,10.0,43.5089968175,Lonja
SUHOPOLJE-1,693135.92,5073660.97,98.73,15.0,15.0,43.5373567344,Lonja
SUHOPOLJE-1,693135.92,5073660.97,93.73,20.0,20.0,43.5659894623,Lonja
SUHOPOLJE-1,693135.92,5073660.97,88.73,25.0,25.0,43.5948975305,Lonja
SUHOPOLJE-1,693135.92,5073660.97,83.73,30.0,30.0,43.6240834857,Lonja
SUHOPOLJE-1,693135.92,5073660.97,78.73,35.0,35.0,43.6535498918,Lonja
SUHOPOLJE-1,693135.92,5073660.97,73.73,40.0,40.0,43.6832993299,Lonja
SUHOPOLJE-1,693135.92,5073660.97,68.73,45.0,45.0,43.7133343979,Lonja
SUHOPOLJE-1,693135.92,5073660.97,63.73,50.0,50.0,43.7436577105,Lonja
SUHOPOLJE-1,693135.92,5073660.97,58.73,55.0,55.0,43.7742718991,Lonja
SUHOPOLJE-1,693135.92,5073660.97,53.73,60.0,60.0,43.8051796111,Lonja
SUHOPOLJE-1,693135.92,5073660.97,48.73,65.0,65.0,43.8363835105,Lonja
SUHOPOLJE-1,693135.92,5073660.97,43.73,70.0,70.0,43.867886277,Lonja
SUHOPOLJE-1,693135.92,5073660.97,38.73,75.0,75.0,43.899690606,Lonja
SUHOPOLJE-1,693135.92,5073660.97,33.73,80.0,80.0,43.9317992084,Lonja
SUHOPOLJE-1,693135.92,5073660.97,28.73,85.0,85.0,43.964137619,Lonja
SUHOPOLJE-1,693135.92,5073660.97,23.73,90.0,90.0,43.9968602075,Lonja
SUHOPOLJE-1,693135.92,5073660.97,18.73,95.0,95.0,44.0298952292,Lonja
SUHOPOLJE-1,693135.92,5073660.97,13.73,100.0,100.0,44.0632454538,Lonja
SUHOPOLJE-1,693135.92,5073660.97,8.73,105.0,105.0,44.0969136651,Lonja
SUHOPOLJE-1,693135.92,5073660.97,3.73,110.0,110.0,44.1309026607,Lonja
SUHOPOLJE-1,693135.92,5073660.97,-1.27,115.0,115.0,44.1652152515,Lonja
SUHOPOLJE-1,693135.92,5073660.97,-6.27,120.0,120.0,44.1998542613,Lonja
SUHOPOLJE-1,693135.92,5073660.97,-11.27,125.0,125.0,44.2348225268,Lonja
SUHOPOLJE-1,693135.92,5073660.97,-16.27,130.0,130.0,44.2701228969,Lonja
SUHOPOLJE-1,693135.92,5073660.97,-21.27,135.0,135.0,44.3057582323,Lonja
SUHOPOLJE-1,693135.92,5073660.97,-26.27,140.0,140.0,44.3417314052,Lonja
SUHOPOLJE-1,693135.92,5073660.97,-31.27,145.0,145.0,44.3780452988,Lonja
SUHOPOLJE-1,693135.92,5073660.97,-36.27,150.0,150.0,44.4147028067,Lonja
SUHOPOLJE-1,693135.92,5073660.97,-41.27,155.0,155.0,44.4517068328,Lonja
SUHOPOLJE-1,693135.92,5073660.97,-46.27,160.0,160.0,44.4890602905,Lonja
SUHOPOLJE-1,693135.92,5073660.97,-51.27,165.0,165.0,44.5267661021,Lonja
SUHOPOLJE-1,693135.92,5073660.97,-56.27,170.0,170.0,44.5648271987,Lonja
SUHOPOLJE-1,693135.92,5073660.97,-61.27,175.0,175.0,44.6032465193,Lonja
SUHOPOLJE-1,693135.92,5073660.97,-66.27,180.0,180.0,44.6420270103,Lonja
SUHOPOLJE-1,693135.92,5073660.97,-71.27,185.0,185.0,44.681171625,Lonja
SUHOPOLJE-1,693135.92,5073660.97,-76.27,190.0,190.0,44.720683323,Lonja
SUHOPOLJE-1,693135.92,5073660.97,-81.27,195.0,195.0,44.7605650695,Lonja
SUHOPOLJE-1,693135.92,5073660.97,-86.27,200.0,200.0,44.8008198347,Lonja
SUHOPOLJE-1,693135.92,5073660.97,-91.27,205.0,205.0,44.8414505933,Lonja
SUHOPOLJE-1,693135.92,5073660.97,-96.27,210.0,210.0,44.8824603236,Lonja
SUHOPOLJE-1,693135.92,5073660.97,-101.27,215.0,215.0,44.9238520068,Lonja
SUHOPOLJE-1,693135.92,5073660.97,-106.27,220.0,220.0,44.9656286266,Lonja
SUHOPOLJE-1,693135.92,5073660.97,-111.27,225.0,225.0,45.0077931682,Lonja
SUHOPOLJE-1,693135.92,5073660.97,-116.27,230.0,230.0,45.0503486176,Lonja
SUHOPOLJE-1,693135.92,5073660.97,-121.27,235.0,235.0,45.0932979607,Lonja
SUHOPOLJE-1,693135.92,5073660.97,-126.27,240.0,240.0,45.1366441829,Lonja
SUHOPOLJE-1,693135.92,5073660.97,-131.27,245.0,245.0,45.1803902681,Lonja
SUHOPOLJE-1,693135.92,5073660.97,-136.27,250.0,250.0,45.2245391976,Lonja
SUHOPOLJE-1,693135.92,5073660.97,-141.27,255.0,255.0,45.2690939496,Lonja
SUHOPOLJE-1,693135.92,5073660.97,-146.27,260.0,260.0,45.3140574985,Lonja
SUHOPOLJE-1,693135.92,5073660.97,-151.27,265.0,265.0,45.3594328134,Lonja
SUHOPOLJE-1,693135.92,5073660.97,-156.27,270.0,270.0,45.4052228578,Bilogora
SUHOPOLJE-1,693135.92,5073660.97,-161.27,275.0,275.0,45.4514305883,Bilogora
SUHOPOLJE-1,693135.92,5073660.97,-166.27,280.0,280.0,45.4980589541,Bilogora
SUHOPOLJE-1,693135.92,5073660.97,-171.27,285.0,285.0,45.5451108954,Bilogora
SUHOPOLJE-1,693135.92,5073660.97,-176.27,290.0,290.0,45.5925893431,Bilogora
SUHOPOLJE-1,693135.92,5073660.97,-181.27,295.0,295.0,45.6404972175,Bilogora
SUHOPOLJE-1,693135.92,5073660.97,-186.27,300.0,300.0,45.6888374272,Bilogora
SUHOPOLJE-1,693135.92,5073660.97,-191.27,305.0,305.0,45.7376128682,Bilogora
SUHOPOLJE-1,693135.92,5073660.97,-196.27,310.0,310.0,45.7868264231,Bilogora
SUHOPOLJE-1,693135.92,5073660.97,-201.27,315.0,315.0,45.8364809597,Bilogora
SUHOPOLJE-1,693135.92,5073660.97,-206.27,320.0,320.0,45.8865793299,Bilogora
SUHOPOLJE-1,693135.92,5073660.97,-211.27,325.0,325.0,45.937124369,Bilogora
SUHOPOLJE-1,693135.92,5073660.97,-216.27,330.0,330.0,45.9881188944,Bilogora
SUHOPOLJE-1,693135.92,5073660.97,-221.27,335.0,335.0,46.0395657043,Bilogora
SUHOPOLJE-1,693135.92,5073660.97,-226.27,340.0,340.0,46.091467577,Bilogora
SUHOPOLJE-1,693135.92,5073660.97,-231.27,345.0,345.0,46.1438272694,Bilogora
SUHOPOLJE-1,693135.92,5073660.97,-236.27,350.0,350.0,46.1966475159,Bilogora
SUHOPOLJE-1,693135.92,5073660.97,-241.27,355.0,355.0,46.2499310276,Bilogora
SUHOPOLJE-1,693135.92,5073660.97,-246.27,360.0,360.0,46.3036804907,Bilogora
SUHOPOLJE-1,693135.92,5073660.97,-251.27,365.0,365.0,46.3578985654,Bilogora
SUHOPOLJE-1,693135.92,5073660.97,-256.27,370.0,370.0,46.4125878851,Bilogora
SUHOPOLJE-1,693135.92,5073660.97,-261.27,375.0,375.0,46.4677510546,Bilogora
SUHOPOLJE-1,693135.92,5073660.97,-266.27,380.0,380.0,46.5233906494,Bilogora
SUHOPOLJE-1,693135.92,5073660.97,-271.27,385.0,385.0,46.5795092143,Bilogora
SUHOPOLJE-1,693135.92,5073660.97,-276.27,390.0,390.0,46.6361092622,Bilogora
SUHOPOLJE-1,693135.92,5073660.97,-281.27,395.0,395.0,46.6931932727,Bilogora
SUHOPOLJE-1,693135.92,5073660.97,-286.27,400.0,400.0,46.7507987038,Bilogora
SUHOPOLJE-1,693135.92,5073660.97,-291.27,405.0,405.0,46.8088620778,Bilogora
SUHOPOLJE-1,693135.92,5073660.97,-296.27,410.0,410.0,46.86741678,Bilogora
SUHOPOLJE-1,693135.92,5073660.97,-301.27,415.0,415.0,46.9264651433,Bilogora
SUHOPOLJE-1,693135.92,5073660.97,-306.27,420.0,420.0,46.9860094609,Bilogora
SUHOPOLJE-1,693135.92,5073660.97,-311.27,425.0,425.0,47.046051985,Bilogora
SUHOPOLJE-1,693135.92,5073660.97,-316.27,430.0,430.0,47.1065949256,Bilogora
SUHOPOLJE-1,693135.92,5073660.97,-321.27,435.0,435.0,47.1676404489,Bilogora
SUHOPOLJE-1,693135.92,5073660.97,-326.27,440.0,440.0,47.2291906766,Bilogora
SUHOPOLJE-1,693135.92,5073660.97,-331.27,445.0,445.0,47.2912476841,Bilogora
SUHOPOLJE-1,693135.92,5073660.97,-336.27,450.0,450.0,47.3538134999,Bilogora
SUHOPOLJE-1,693135.92,5073660.97,-341.27,455.0,455.0,47.4168901036,Bilogora
SUHOPOLJE-1,693135.92,5073660.97,-346.27,460.0,460.0,47.4804794254,Bilogora
SUHOPOLJE-1,693135.92,5073660.97,-351.27,465.0,465.0,47.5445833443,Bilogora
SUHOPOLJE-1,693135.92,5073660.97,-356.27,470.0,470.0,47.6092036873,Bilogora
SUHOPOLJE-1,693135.92,5073660.97,-361.27,475.0,475.0,47.6743422281,Bilogora
SUHOPOLJE-1,693135.92,5073660.97,-366.27,480.0,480.0,47.740000686,Bilogora
SUHOPOLJE-1,693135.92,5073660.97,-371.27,485.0,485.0,47.8061807242,Bilogora
SUHOPOLJE-1,693135.92,5073660.97,-376.27,490.0,490.0,47.8728839497,Bilogora
SUHOPOLJE-1,693135.92,5073660.97,-381.27,495.0,495.0,47.9401119112,Bilogora
SUHOPOLJE-1,693135.92,5073660.97,-386.27,500.0,500.0,48.0078660983,Bilogora
SUHOPOLJE-1,693135.92,5073660.97,-391.27,505.0,505.0,48.0761479408,Bilogora
SUHOPOLJE-1,693135.92,5073660.97,-396.27,510.0,510.0,48.1449588071,Bilogora
SUHOPOLJE-1,693135.92,5073660.97,-401.27,515.0,515.0,48.2143000033,Bilogora
SUHOPOLJE-1,693135.92,5073660.97,-406.27,520.0,520.0,48.2841727723,Bilogora
SUHOPOLJE-1,693135.92,5073660.97,-411.27,525.0,525.0,48.3545782929,Bilogora
SUHOPOLJE-1,693135.92,5073660.97,-416.27,530.0,530.0,48.4255176785,Bilogora
SUHOPOLJE-1,693135.92,5073660.97,-421.27,535.0,535.0,48.4969919764,Bilogora
SUHOPOLJE-1,693135.92,5073660.97,-426.27,540.0,540.0,48.5690021668,Bilogora
SUHOPOLJE-1,693135.92,5073660.97,-431.27,545.0,545.0,48.641549162,Bilogora
SUHOPOLJE-1,693135.92,5073660.97,-436.27,550.0,550.0,48.7146338054,Bilogora
SUHOPOLJE-1,693135.92,5073660.97,-441.27,555.0,555.0,48.7882568709,Bilogora
SUHOPOLJE-1,693135.92,5073660.97,-446.27,560.0,560.0,48.8624190618,Bilogora
SUHOPOLJE-1,693135.92,5073660.97,-451.27,565.0,565.0,48.9371210103,Bilogora
SUHOPOLJE-1,693135.92,5073660.97,-456.27,570.0,570.0,49.0123632768,Bilogora
SUHOPOLJE-1,693135.92,5073660.97,-461.27,575.0,575.0,49.088146349,Bilogora
SUHOPOLJE-1,693135.92,5073660.97,-466.27,580.0,580.0,49.1644706414,Bilogora
SUHOPOLJE-1,693135.92,5073660.97,-471.27,585.0,585.0,49.2413364947,Bilogora
SUHOPOLJE-1,693135.92,5073660.97,-476.27,590.0,590.0,49.3187450039,Bilogora
SUHOPOLJE-1,693135.92,5073660.97,-481.27,595.0,595.0,49.3966946559,Bilogora
SUHOPOLJE-1,693135.92,5073660.97,-486.27,600.0,600.0,49.4751864409,Bilogora
SUHOPOLJE-1,693135.92,5073660.97,-491.27,605.0,605.0,49.554220399,Bilogora
SUHOPOLJE-1,693135.92,5073660.97,-496.27,610.0,610.0,49.6337964939,Bilogora
SUHOPOLJE-1,693135.92,5073660.97,-501.27,615.0,615.0,49.7139146127,Bilogora
SUHOPOLJE-1,693135.92,5073660.97,-506.27,620.0,620.0,49.7945745656,Bilogora
SUHOPOLJE-1,693135.92,5073660.97,-511.27,625.0,625.0,49.8757760855,Bilogora
SUHOPOLJE-1,693135.92,5073660.97,-516.27,630.0,630.0,49.9575188277,Bilogora
SUHOPOLJE-1,693135.92,5073660.97,-521.27,635.0,635.0,50.03980237,Bilogora
SUHOPOLJE-1,693135.92,5073660.97,-526.27,640.0,640.0,50.1226262123,Bilogora
SUHOPOLJE-1,693135.92,5073660.97,-531.27,645.0,645.0,50.2059897764,Bilogora
SUHOPOLJE-1,693135.92,5073660.97,-536.27,650.0,650.0,50.2898924065,Bilogora
SUHOPOLJE-1,693135.92,5073660.97,-541.27,655.0,655.0,50.3743333683,Bilogora
SUHOPOLJE-1,693135.92,5073660.97,-546.27,660.0,660.0,50.4593131494,Bilogora
SUHOPOLJE-1,693135.92,5073660.97,-551.27,665.0,665.0,50.5448282827,Bilogora
SUHOPOLJE-1,693135.92,5073660.97,-556.27,670.0,670.0,50.6308790781,Bilogora
SUHOPOLJE-1,693135.92,5073660.97,-561.27,675.0,675.0,50.7174644904,Bilogora
SUHOPOLJE-1,693135.92,5073660.97,-566.27,680.0,680.0,50.8045833967,Bilogora
SUHOPOLJE-1,693135.92,5073660.97,-571.27,685.0,685.0,50.8922345969,Bilogora
SUHOPOLJE-1,693135.92,5073660.97,-576.27,690.0,690.0,50.9804168142,Bilogora
SUHOPOLJE-1,693135.92,5073660.97,-581.27,695.0,695.0,51.0691286951,Bilogora
SUHOPOLJE-1,693135.92,5073660.97,-586.27,700.0,700.0,51.1583684734,Bilogora
SUHOPOLJE-1,693135.92,5073660.97,-591.27,705.0,705.0,51.2481351302,Bilogora
SUHOPOLJE-1,693135.92,5073660.97,-596.27,710.0,710.0,51.3384269274,Bilogora
SUHOPOLJE-1,693135.92,5073660.97,-601.27,715.0,715.0,51.4292422095,Bilogora
SUHOPOLJE-1,693135.92,5073660.97,-606.27,720.0,720.0,51.5205792464,Bilogora
SUHOPOLJE-1,693135.92,5073660.97,-611.27,725.0,725.0,51.6124362346,Bilogora
SUHOPOLJE-1,693135.92,5073660.97,-616.27,730.0,730.0,51.7048112975,Bilogora
SUHOPOLJE-1,693135.92,5073660.97,-621.27,735.0,735.0,51.7977024862,Bilogora
SUHOPOLJE-1,693135.92,5073660.97,-626.27,740.0,740.0,51.8911077799,Bilogora
SUHOPOLJE-1,693135.92,5073660.97,-631.27,745.0,745.0,51.9850250872,KLOSTAR IVANIC
SUHOPOLJE-1,693135.92,5073660.97,-636.27,750.0,750.0,52.0794522461,KLOSTAR IVANIC
SUHOPOLJE-1,693135.92,5073660.97,-641.27,755.0,755.0,52.1743870257,KLOSTAR IVANIC
SUHOPOLJE-1,693135.92,5073660.97,-646.27,760.0,760.0,52.2698271263,KLOSTAR IVANIC
SUHOPOLJE-1,693135.92,5073660.97,-651.27,765.0,765.0,52.3657701806,KLOSTAR IVANIC
SUHOPOLJE-1,693135.92,5073660.97,-656.27,770.0,770.0,52.4622137545,KLOSTAR IVANIC
SUHOPOLJE-1,693135.92,5073660.97,-661.27,775.0,775.0,52.5591553483,KLOSTAR IVANIC
SUHOPOLJE-1,693135.92,5073660.97,-666.27,780.0,780.0,52.6565923972,KLOSTAR IVANIC
SUHOPOLJE-1,693135.92,5073660.97,-671.27,785.0,785.0,52.7545222728,KLOSTAR IVANIC
SUHOPOLJE-1,693135.92,5073660.97,-676.27,790.0,790.0,52.8529422836,KLOSTAR IVANIC
SUHOPOLJE-1,693135.92,5073660.97,-681.27,795.0,795.0,52.9518496766,KLOSTAR IVANIC
SUHOPOLJE-1,693135.92,5073660.97,-686.27,800.0,800.0,53.0512416378,KLOSTAR IVANIC
SUHOPOLJE-1,693135.92,5073660.97,-691.27,805.0,805.0,53.1511152937,KLOSTAR IVANIC
SUHOPOLJE-1,693135.92,5073660.97,-696.27,810.0,810.0,53.2514677125,KLOSTAR IVANIC
SUHOPOLJE-1,693135.92,5073660.97,-701.27,815.0,815.0,53.3522959047,KLOSTAR IVANIC
SUHOPOLJE-1,693135.92,5073660.97,-706.27,820.0,820.0,53.4535968247,KLOSTAR IVANIC
SUHOPOLJE-1,693135.92,5073660.97,-711.27,825.0,825.0,53.555367372,KLOSTAR IVANIC
SUHOPOLJE-1,693135.92,5073660.97,-716.27,830.0,830.0,53.6576043922,KLOSTAR IVANIC
SUHOPOLJE-1,693135.92,5073660.97,-721.27,835.0,835.0,53.7603046781,KLOSTAR IVANIC
SUHOPOLJE-1,693135.92,5073660.97,-726.27,840.0,840.0,53.8634649713,KLOSTAR IVANIC
SUHOPOLJE-1,693135.92,5073660.97,-731.27,845.0,845.0,53.9670819632,KLOSTAR IVANIC
SUHOPOLJE-1,693135.92,5073660.97,-736.27,850.0,850.0,54.0711522961,KLOSTAR IVANIC
SUHOPOLJE-1,693135.92,5073660.97,-741.27,855.0,855.0,54.1756725649,KLOSTAR IVANIC
SUHOPOLJE-1,693135.92,5073660.97,-746.27,860.0,860.0,54.280639318,KLOSTAR IVANIC
SUHOPOLJE-1,693135.92,5073660.97,-751.27,865.0,865.0,54.3860490586,KLOSTAR IVANIC
SUHOPOLJE-1,693135.92,5073660.97,-756.27,870.0,870.0,54.4918982462,KLOSTAR IVANIC
SUHOPOLJE-1,693135.92,5073660.97,-761.27,875.0,875.0,54.5981832978,KLOSTAR IVANIC
SUHOPOLJE-1,693135.92,5073660.97,-766.27,880.0,880.0,54.7049005891,KLOSTAR IVANIC
SUHOPOLJE-1,693135.92,5073660.97,-771.27,885.0,885.0,54.8120464559,KLOSTAR IVANIC
SUHOPOLJE-1,693135.92,5073660.97,-776.27,890.0,890.0,54.9196171954,KLOSTAR IVANIC
SUHOPOLJE-1,693135.92,5073660.97,-781.27,895.0,895.0,55.0276090675,KLOSTAR IVANIC
SUHOPOLJE-1,693135.92,5073660.97,-786.27,900.0,900.0,55.1360182962,KLOSTAR IVANIC
SUHOPOLJE-1,693135.92,5073660.97,-791.27,905.0,905.0,55.2448410706,KLOSTAR IVANIC
SUHOPOLJE-1,693135.92,5073660.97,-796.27,910.0,910.0,55.3540735466,KLOSTAR IVANIC
SUHOPOLJE-1,693135.92,5073660.97,-801.27,915.0,915.0,55.463711848,KLOSTAR IVANIC
SUHOPOLJE-1,693135.92,5073660.97,-806.27,920.0,920.0,55.5737520678,KLOSTAR IVANIC
SUHOPOLJE-1,693135.92,5073660.97,-811.27,925.0,925.0,55.6841902697,KLOSTAR IVANIC
SUHOPOLJE-1,693135.92,5073660.97,-816.27,930.0,930.0,55.795022489,KLOSTAR IVANIC
SUHOPOLJE-1,693135.92,5073660.97,-821.27,935.0,935.0,55.9062447343,KLOSTAR IVANIC
SUHOPOLJE-1,693135.92,5073660.97,-826.27,940.0,940.0,56.0178529886,KLOSTAR IVANIC
SUHOPOLJE-1,693135.92,5073660.97,-831.27,945.0,945.0,56.1298432105,KLOSTAR IVANIC
SUHOPOLJE-1,693135.92,5073660.97,-836.27,950.0,950.0,56.2422113356,KLOSTAR IVANIC
SUHOPOLJE-1,693135.92,5073660.97,-841.27,955.0,955.0,56.3549532779,KLOSTAR IVANIC
SUHOPOLJE-1,693135.92,5073660.97,-846.27,960.0,960.0,56.4680649305,KLOSTAR IVANIC
SUHOPOLJE-1,693135.92,5073660.97,-851.27,965.0,965.0,56.5815421677,KLOSTAR IVANIC
SUHOPOLJE-1,693135.92,5073660.97,-856.27,970.0,970.0,56.6953808453,KLOSTAR IVANIC
SUHOPOLJE-1,693135.92,5073660.97,-861.27,975.0,975.0,56.8095768025,KLOSTAR IVANIC
SUHOPOLJE-1,693135.92,5073660.97,-866.27,980.0,980.0,56.924125863,KLOSTAR IVANIC
SUHOPOLJE-1,693135.92,5073660.97,-871.27,985.0,985.0,57.0390238358,KLOSTAR IVANIC
SUHOPOLJE-1,693135.92,5073660.97,-876.27,990.0,990.0,57.1542665168,KLOSTAR IVANIC
SUHOPOLJE-1,693135.92,5073660.97,-881.27,995.0,995.0,57.26984969,KLOSTAR IVANIC
SUHOPOLJE-1,693135.92,5073660.97,-886.27,1000.0,1000.0,57.3857691282,KLOSTAR IVANIC
SUHOPOLJE-1,693135.92,5073660.97,-891.27,1005.0,1005.0,57.5020205947,KLOSTAR IVANIC
SUHOPOLJE-1,693135.92,5073660.97,-896.27,1010.0,1010.0,57.618599844,KLOSTAR IVANIC
SUHOPOLJE-1,693135.92,5073660.97,-901.27,1015.0,1015.0,57.7355026233,KLOSTAR IVANIC
SUHOPOLJE-1,693135.92,5073660.97,-906.27,1020.0,1020.0,57.8527246731,KLOSTAR IVANIC
SUHOPOLJE-1,693135.92,5073660.97,-911.27,1025.0,1025.0,57.970261729,KLOSTAR IVANIC
SUHOPOLJE-1,693135.92,5073660.97,-916.27,1030.0,1030.0,58.0881095219,KLOSTAR IVANIC
SUHOPOLJE-1,693135.92,5073660.97,-921.27,1035.0,1035.0,58.2062637798,KLOSTAR IVANIC
SUHOPOLJE-1,693135.92,5073660.97,-926.27,1040.0,1040.0,58.3247202287,KLOSTAR IVANIC
SUHOPOLJE-1,693135.92,5073660.97,-931.27,1045.0,1045.0,58.4434745932,KLOSTAR IVANIC
SUHOPOLJE-1,693135.92,5073660.97,-936.27,1050.0,1050.0,58.5625225979,KLOSTAR IVANIC
SUHOPOLJE-1,693135.92,5073660.97,-941.27,1055.0,1055.0,58.6818599684,KLOSTAR IVANIC
SUHOPOLJE-1,693135.92,5073660.97,-946.27,1060.0,1060.0,58.801482432,KLOSTAR IVANIC
SUHOPOLJE-1,693135.92,5073660.97,-951.27,1065.0,1065.0,58.9213857192,KLOSTAR IVANIC
SUHOPOLJE-1,693135.92,5073660.97,-956.27,1070.0,1070.0,59.0415655639,KLOSTAR IVANIC
SUHOPOLJE-1,693135.92,5073660.97,-961.27,1075.0,1075.0,59.1620308134,KLOSTAR IVANIC
SUHOPOLJE-1,693135.92,5073660.97,-966.27,1080.0,1080.0,59.2827508878,KLOSTAR IVANIC
SUHOPOLJE-1,693135.92,5073660.97,-971.27,1085.0,1085.0,59.403734732,KLOSTAR IVANIC
SUHOPOLJE-1,693135.92,5073660.97,-976.27,1090.0,1090.0,59.5249781035,KLOSTAR IVANIC
SUHOPOLJE-1,693135.92,5073660.97,-981.27,1095.0,1095.0,59.6464767684,KLOSTAR IVANIC
SUHOPOLJE-1,693135.92,5073660.97,-986.27,1100.0,1100.0,59.7682265017,KLOSTAR IVANIC
SUHOPOLJE-1,693135.92,5073660.97,-991.27,1105.0,1105.0,59.8902230885,KLOSTAR IVANIC
SUHOPOLJE-1,693135.92,5073660.97,-996.27,1110.0,1110.0,60.0124623249,KLOSTAR IVANIC
SUHOPOLJE-1,693135.92,5073660.97,-1001.27,1115.0,1115.0,60.1349545621,KLOSTAR IVANIC
SUHOPOLJE-1,693135.92,5073660.97,-1006.27,1120.0,1120.0,60.2576668361,KLOSTAR IVANIC
SUHOPOLJE-1,693135.92,5073660.97,-1011.27,1125.0,1125.0,60.3806092189,KLOSTAR IVANIC
SUHOPOLJE-1,693135.92,5073660.97,-1016.27,1130.0,1130.0,60.5037775576,KLOSTAR IVANIC
SUHOPOLJE-1,693135.92,5073660.97,-1021.27,1135.0,1135.0,60.6271677144,KLOSTAR IVANIC
SUHOPOLJE-1,693135.92,5073660.97,-1026.27,1140.0,1140.0,60.7507755669,KLOSTAR IVANIC
SUHOPOLJE-1,693135.92,5073660.97,-1031.27,1145.0,1145.0,60.8745970088,KLOSTAR IVANIC
SUHOPOLJE-1,693135.92,5073660.97,-1036.27,1150.0,1150.0,60.9986279511,KLOSTAR IVANIC
SUHOPOLJE-1,693135.92,5073660.97,-1041.27,1155.0,1155.0,61.1228643223,KLOSTAR IVANIC
SUHOPOLJE-1,693135.92,5073660.97,-1046.27,1160.0,1160.0,61.2473020695,KLOSTAR IVANIC
SUHOPOLJE-1,693135.92,5073660.97,-1051.27,1165.0,1165.0,61.3719371587,KLOSTAR IVANIC
SUHOPOLJE-1,693135.92,5073660.97,-1056.27,1170.0,1170.0,61.4967655757,KLOSTAR IVANIC
SUHOPOLJE-1,693135.92,5073660.97,-1061.27,1175.0,1175.0,61.6217833268,KLOSTAR IVANIC
SUHOPOLJE-1,693135.92,5073660.97,-1066.27,1180.0,1180.0,61.7469864392,KLOSTAR IVANIC
SUHOPOLJE-1,693135.92,5073660.97,-1071.27,1185.0,1185.0,61.872370962,KLOSTAR IVANIC
SUHOPOLJE-1,693135.92,5073660.97,-1076.27,1190.0,1190.0,61.9979329665,KLOSTAR IVANIC
SUHOPOLJE-1,693135.92,5073660.97,-1081.27,1195.0,1195.0,62.1236685468,KLOSTAR IVANIC
SUHOPOLJE-1,693135.92,5073660.97,-1086.27,1200.0,1200.0,62.2495738208,KLOSTAR IVANIC
SUHOPOLJE-1,693135.92,5073660.97,-1091.27,1205.0,1205.0,62.3756449303,KLOSTAR IVANIC
SUHOPOLJE-1,693135.92,5073660.97,-1096.27,1210.0,1210.0,62.5018780419,KLOSTAR IVANIC
SUHOPOLJE-1,693135.92,5073660.97,-1101.27,1215.0,1215.0,62.6282693475,KLOSTAR IVANIC
SUHOPOLJE-1,693135.92,5073660.97,-1106.27,1220.0,1220.0,62.7548150647,KLOSTAR IVANIC
SUHOPOLJE-1,693135.92,5073660.97,-1111.27,1225.0,1225.0,62.8815114377,KLOSTAR IVANIC
SUHOPOLJE-1,693135.92,5073660.97,-1116.27,1230.0,1230.0,63.0083547373,KLOSTAR IVANIC
SUHOPOLJE-1,693135.92,5073660.97,-1121.27,1235.0,1235.0,63.1353412621,KLOSTAR IVANIC
SUHOPOLJE-1,693135.92,5073660.97,-1126.27,1240.0,1240.0,63.2624673385,KLOSTAR IVANIC
SUHOPOLJE-1,693135.92,5073660.97,-1131.27,1245.0,1245.0,63.3897293214,KLOSTAR IVANIC
SUHOPOLJE-1,693135.92,5073660.97,-1136.27,1250.0,1250.0,63.5171235947,KLOSTAR IVANIC
SUHOPOLJE-1,693135.92,5073660.97,-1141.27,1255.0,1255.0,63.6446465718,KLOSTAR IVANIC
SUHOPOLJE-1,693135.92,5073660.97,-1146.27,1260.0,1260.0,63.772294696,KLOSTAR IVANIC
SUHOPOLJE-1,693135.92,5073660.97,-1151.27,1265.0,1265.0,63.9000644412,KLOSTAR IVANIC
SUHOPOLJE-1,693135.92,5073660.97,-1156.27,1270.0,1270.0,64.0279523122,KLOSTAR IVANIC
SUHOPOLJE-1,693135.92,5073660.97,-1161.27,1275.0,1275.0,64.155954845,KLOSTAR IVANIC
SUHOPOLJE-1,693135.92,5073660.97,-1166.27,1280.0,1280.0,64.2840686077,KLOSTAR IVANIC
SUHOPOLJE-1,693135.92,5073660.97,-1171.27,1285.0,1285.0,64.4122902005,KLOSTAR IVANIC
SUHOPOLJE-1,693135.92,5073660.97,-1176.27,1290.0,1290.0,64.5406162565,KLOSTAR IVANIC
SUHOPOLJE-1,693135.92,5073660.97,-1181.27,1295.0,1295.0,64.6690434417,KLOSTAR IVANIC
SUHOPOLJE-1,693135.92,5073660.97,-1186.27,1300.0,1300.0,64.7975684558,KLOSTAR IVANIC
SUHOPOLJE-1,693135.92,5073660.97,-1191.27,1305.0,1305.0,64.9261880326,KLOSTAR IVANIC
SUHOPOLJE-1,693135.92,5073660.97,-1196.27,1310.0,1310.0,65.0548989402,KLOSTAR IVANIC
SUHOPOLJE-1,693135.92,5073660.97,-1201.27,1315.0,1315.0,65.1836979815,KLOSTAR IVANIC
SUHOPOLJE-1,693135.92,5073660.97,-1206.27,1320.0,1320.0,65.3125819944,KLOSTAR IVANIC
SUHOPOLJE-1,693135.92,5073660.97,-1211.27,1325.0,1325.0,65.4415478527,KLOSTAR IVANIC
SUHOPOLJE-1,693135.92,5073660.97,-1216.27,1330.0,1330.0,65.5705924658,KLOSTAR IVANIC
SUHOPOLJE-1,693135.92,5073660.97,-1221.27,1335.0,1335.0,65.6997127797,KLOSTAR IVANIC
SUHOPOLJE-1,693135.92,5073660.97,-1226.27,1340.0,1340.0,65.8289057769,KLOSTAR IVANIC
SUHOPOLJE-1,693135.92,5073660.97,-1231.27,1345.0,1345.0,65.9581684768,KLOSTAR IVANIC
SUHOPOLJE-1,693135.92,5073660.97,-1236.27,1350.0,1350.0,66.0874979364,KLOSTAR IVANIC
SUHOPOLJE-1,693135.92,5073660.97,-1241.27,1355.0,1355.0,66.2168912503,KLOSTAR IVANIC
SUHOPOLJE-1,693135.92,5073660.97,-1246.27,1360.0,1360.0,66.3463455509,KLOSTAR IVANIC
SUHOPOLJE-1,693135.92,5073660.97,-1251.27,1365.0,1365.0,66.4758580092,KLOSTAR IVANIC
SUHOPOLJE-1,693135.92,5073660.97,-1256.27,1370.0,1370.0,66.6054258346,KLOSTAR IVANIC
SUHOPOLJE-1,693135.92,5073660.97,-1261.27,1375.0,1375.0,66.7350462756,KLOSTAR IVANIC
SUHOPOLJE-1,693135.92,5073660.97,-1266.27,1380.0,1380.0,66.8647166199,KLOSTAR IVANIC
SUHOPOLJE-1,693135.92,5073660.97,-1271.27,1385.0,1385.0,66.9944341947,KLOSTAR IVANIC
SUHOPOLJE-1,693135.92,5073660.97,-1276.27,1390.0,1390.0,67.1241963668,KLOSTAR IVANIC
SUHOPOLJE-1,693135.92,5073660.97,-1281.27,1395.0,1395.0,67.2540005431,KLOSTAR IVANIC
SUHOPOLJE-1,693135.92,5073660.97,-1286.27,1400.0,1400.0,67.3838441711,KLOSTAR IVANIC
SUHOPOLJE-1,693135.92,5073660.97,-1291.27,1405.0,1405.0,67.5137247383,KLOSTAR IVANIC
SUHOPOLJE-1,693135.92,5073660.97,-1296.27,1410.0,1410.0,67.6436397734,KLOSTAR IVANIC
SUHOPOLJE-1,693135.92,5073660.97,-1301.27,1415.0,1415.0,67.7735868458,KLOSTAR IVANIC
SUHOPOLJE-1,693135.92,5073660.97,-1306.27,1420.0,1420.0,67.9035635663,KLOSTAR IVANIC
SUHOPOLJE-1,693135.92,5073660.97,-1311.27,1425.0,1425.0,68.0335737038,KLOSTAR IVANIC
SUHOPOLJE-1,693135.92,5073660.97,-1316.27,1430.0,1430.0,68.1636025385,KLOSTAR IVANIC
SUHOPOLJE-1,693135.92,5073660.97,-1321.27,1435.0,1435.0,68.2936540825,KLOSTAR IVANIC
SUHOPOLJE-1,693135.92,5073660.97,-1326.27,1440.0,1440.0,68.4237261131,KLOSTAR IVANIC
SUHOPOLJE-1,693135.92,5073660.97,-1331.27,1445.0,1445.0,68.55381645,KLOSTAR IVANIC
SUHOPOLJE-1,693135.92,5073660.97,-1336.27,1450.0,1450.0,68.6839229549,KLOSTAR IVANIC
SUHOPOLJE-1,693135.92,5073660.97,-1341.27,1455.0,1455.0,68.8140435322,KLOSTAR IVANIC
SUHOPOLJE-1,693135.92,5073660.97,-1346.27,1460.0,1460.0,68.9441761287,KLOSTAR IVANIC
SUHOPOLJE-1,693135.92,5073660.97,-1351.27,1465.0,1465.0,69.0743187342,KLOSTAR IVANIC
SUHOPOLJE-1,693135.92,5073660.97,-1356.27,1470.0,1470.0,69.204469381,KLOSTAR IVANIC
SUHOPOLJE-1,693135.92,5073660.97,-1361.27,1475.0,1475.0,69.3346261445,KLOSTAR IVANIC
SUHOPOLJE-1,693135.92,5073660.97,-1366.27,1480.0,1480.0,69.464787143,KLOSTAR IVANIC
SUHOPOLJE-1,693135.92,5073660.97,-1371.27,1485.0,1485.0,69.594950538,KLOSTAR IVANIC
SUHOPOLJE-1,693135.92,5073660.97,-1376.27,1490.0,1490.0,69.7251145339,KLOSTAR IVANIC
SUHOPOLJE-1,693135.92,5073660.97,-1381.27,1495.0,1495.0,69.8552773782,KLOSTAR IVANIC
SUHOPOLJE-1,693135.92,5073660.97,-1386.27,1500.0,1500.0,69.9854373619,KLOSTAR IVANIC
SUHOPOLJE-1,693135.92,5073660.97,-1391.27,1505.0,1505.0,70.1155928187,KLOSTAR IVANIC
SUHOPOLJE-1,693135.92,5073660.97,-1396.27,1510.0,1510.0,70.2457421259,KLOSTAR IVANIC
SUHOPOLJE-1,693135.92,5073660.97,-1401.27,1515.0,1515.0,70.3758837037,KLOSTAR IVANIC
SUHOPOLJE-1,693135.92,5073660.97,-1406.27,1520.0,1520.0,70.5060160155,KLOSTAR IVANIC
SUHOPOLJE-1,693135.92,5073660.97,-1411.27,1525.0,1525.0,70.6361375677,KLOSTAR IVANIC
SUHOPOLJE-1,693135.92,5073660.97,-1416.27,1530.0,1530.0,70.7662469098,KLOSTAR IVANIC
SUHOPOLJE-1,693135.92,5073660.97,-1421.27,1535.0,1535.0,70.8963426342,KLOSTAR IVANIC
SUHOPOLJE-1,693135.92,5073660.97,-1426.27,1540.0,1540.0,71.0264233762,KLOSTAR IVANIC
SUHOPOLJE-1,693135.92,5073660.97,-1431.27,1545.0,1545.0,71.1565003412,KLOSTAR IVANIC
SUHOPOLJE-1,693135.92,5073660.97,-1436.27,1550.0,1550.0,71.2865490951,KLOSTAR IVANIC
SUHOPOLJE-1,693135.92,5073660.97,-1441.27,1555.0,1555.0,71.4165789105,KLOSTAR IVANIC
SUHOPOLJE-1,693135.92,5073660.97,-1446.27,1560.0,1560.0,71.546588596,KLOSTAR IVANIC
SUHOPOLJE-1,693135.92,5073660.97,-1451.27,1565.0,1565.0,71.6765770024,KLOSTAR IVANIC
SUHOPOLJE-1,693135.92,5073660.97,-1456.27,1570.0,1570.0,71.8065430228,KLOSTAR IVANIC
SUHOPOLJE-1,693135.92,5073660.97,-1461.27,1575.0,1575.0,71.9364855917,KLOSTAR IVANIC
SUHOPOLJE-1,693135.92,5073660.97,-1466.27,1580.0,1580.0,72.0664036855,KLOSTAR IVANIC
SUHOPOLJE-1,693135.92,5073660.97,-1471.27,1585.0,1585.0,72.1962963221,KLOSTAR IVANIC
SUHOPOLJE-1,693135.92,5073660.97,-1476.27,1590.0,1590.0,72.3261625602,KLOSTAR IVANIC
SUHOPOLJE-1,693135.92,5073660.97,-1481.27,1595.0,1595.0,72.4560014997,KLOSTAR IVANIC
SUHOPOLJE-1,693135.92,5073660.97,-1486.27,1600.0,1600.0,72.5857554272,KLOSTAR IVANIC
SUHOPOLJE-1,693135.92,5073660.97,-1491.27,1605.0,1605.0,72.7155367586,KLOSTAR IVANIC
SUHOPOLJE-1,693135.92,5073660.97,-1496.27,1610.0,1610.0,72.8452883367,KLOSTAR IVANIC
SUHOPOLJE-1,693135.92,5073660.97,-1501.27,1615.0,1615.0,72.9750094222,KLOSTAR IVANIC
SUHOPOLJE-1,693135.92,5073660.97,-1506.27,1620.0,1620.0,73.1046993153,KLOSTAR IVANIC
SUHOPOLJE-1,693135.92,5073660.97,-1511.27,1625.0,1625.0,73.2343573549,KLOSTAR IVANIC
SUHOPOLJE-1,693135.92,5073660.97,-1516.27,1630.0,1630.0,73.363982919,KLOSTAR IVANIC
SUHOPOLJE-1,693135.92,5073660.97,-1521.27,1635.0,1635.0,73.4935754234,KLOSTAR IVANIC
SUHOPOLJE-1,693135.92,5073660.97,-1526.27,1640.0,1640.0,73.6231343221,KLOSTAR IVANIC
SUHOPOLJE-1,693135.92,5073660.97,-1531.27,1645.0,1645.0,73.7526591066,KLOSTAR IVANIC
SUHOPOLJE-1,693135.92,5073660.97,-1536.27,1650.0,1650.0,73.8821493053,KLOSTAR IVANIC
SUHOPOLJE-1,693135.92,5073660.97,-1541.27,1655.0,1655.0,74.0116044835,KLOSTAR IVANIC
SUHOPOLJE-1,693135.92,5073660.97,-1546.27,1660.0,1660.0,74.1410242427,KLOSTAR IVANIC
SUHOPOLJE-1,693135.92,5073660.97,-1551.27,1665.0,1665.0,74.2704082199,KLOSTAR IVANIC
SUHOPOLJE-1,693135.92,5073660.97,-1556.27,1670.0,1670.0,74.3997560877,KLOSTAR IVANIC
SUHOPOLJE-1,693135.92,5073660.97,-1561.27,1675.0,1675.0,74.5290675537,KLOSTAR IVANIC
SUHOPOLJE-1,693135.92,5073660.97,-1566.27,1680.0,1680.0,74.6583423595,KLOSTAR IVANIC
SUHOPOLJE-1,693135.92,5073660.97,-1571.27,1685.0,1685.0,74.787580281,KLOSTAR IVANIC
SUHOPOLJE-1,693135.92,5073660.97,-1576.27,1690.0,1690.0,74.9167811271,KLOSTAR IVANIC
SUHOPOLJE-1,693135.92,5073660.97,-1581.27,1695.0,1695.0,75.0459447399,KLOSTAR IVANIC
SUHOPOLJE-1,693135.92,5073660.97,-1586.27,1700.0,1700.0,75.1750709937,KLOSTAR IVANIC
SUHOPOLJE-1,693135.92,5073660.97,-1591.27,1705.0,1705.0,75.3041597948,KLOSTAR IVANIC
SUHOPOLJE-1,693135.92,5073660.97,-1596.27,1710.0,1710.0,75.4332110807,KLOSTAR IVANIC
SUHOPOLJE-1,693135.92,5073660.97,-1601.27,1715.0,1715.0,75.5622248196,KLOSTAR IVANIC
SUHOPOLJE-1,693135.92,5073660.97,-1606.27,1720.0,1720.0,75.69120101,KLOSTAR IVANIC
SUHOPOLJE-1,693135.92,5073660.97,-1611.27,1725.0,1725.0,75.8201396802,KLOSTAR IVANIC
SUHOPOLJE-1,693135.92,5073660.97,-1616.27,1730.0,1730.0,75.9490408873,KLOSTAR IVANIC
SUHOPOLJE-1,693135.92,5073660.97,-1621.27,1735.0,1735.0,76.0779047171,KLOSTAR IVANIC
SUHOPOLJE-1,693135.92,5073660.97,-1626.27,1740.0,1740.0,76.2067312832,KLOSTAR IVANIC
SUHOPOLJE-1,693135.92,5073660.97,-1631.27,1745.0,1745.0,76.3355207267,KLOSTAR IVANIC
SUHOPOLJE-1,693135.92,5073660.97,-1636.27,1750.0,1750.0,76.4642732154,KLOSTAR IVANIC
SUHOPOLJE-1,693135.92,5073660.97,-1641.27,1755.0,1755.0,76.5929889432,KLOSTAR IVANIC
SUHOPOLJE-1,693135.92,5073660.97,-1646.27,1760.0,1760.0,76.7216681295,KLOSTAR IVANIC
SUHOPOLJE-1,693135.92,5073660.97,-1651.27,1765.0,1765.0,76.8503110188,KLOSTAR IVANIC
SUHOPOLJE-1,693135.92,5073660.97,-1656.27,1770.0,1770.0,76.9789178799,KLOSTAR IVANIC
SUHOPOLJE-1,693135.92,5073660.97,-1661.27,1775.0,1775.0,77.1074890053,KLOSTAR IVANIC
SUHOPOLJE-1,693135.92,5073660.97,-1666.27,1780.0,1780.0,77.2360247106,KLOSTAR IVANIC
SUHOPOLJE-1,693135.92,5073660.97,-1671.27,1785.0,1785.0,77.3645253339,KLOSTAR IVANIC
SUHOPOLJE-1,693135.92,5073660.97,-1676.27,1790.0,1790.0,77.4929912351,KLOSTAR IVANIC
SUHOPOLJE-1,693135.92,5073660.97,-1681.27,1795.0,1795.0,77.6214227956,KLOSTAR IVANIC
SUHOPOLJE-1,693135.92,5073660.97,-1686.27,1800.0,1800.0,77.749820417,KLOSTAR IVANIC
SUHOPOLJE-1,693135.92,5073660.97,-1691.27,1805.0,1805.0,77.8781845213,KLOSTAR IVANIC
SUHOPOLJE-1,693135.92,5073660.97,-1696.27,1810.0,1810.0,78.0065155496,KLOSTAR IVANIC
SUHOPOLJE-1,693135.92,5073660.97,-1701.27,1815.0,1815.0,78.1348139619,KLOSTAR IVANIC
SUHOPOLJE-1,693135.92,5073660.97,-1706.27,1820.0,1820.0,78.2630802362,KLOSTAR IVANIC
SUHOPOLJE-1,693135.92,5073660.97,-1711.27,1825.0,1825.0,78.391314868,KLOSTAR IVANIC
SUHOPOLJE-1,693135.92,5073660.97,-1716.27,1830.0,1830.0,78.5195183698,KLOSTAR IVANIC
SUHOPOLJE-1,693135.92,5073660.97,-1721.27,1835.0,1835.0,78.64769127,KLOSTAR IVANIC
SUHOPOLJE-1,693135.92,5073660.97,-1726.27,1840.0,1840.0,78.7758351134,KLOSTAR IVANIC
SUHOPOLJE-1,693135.92,5073660.97,-1731.27,1845.0,1845.0,78.9039479868,KLOSTAR IVANIC
SUHOPOLJE-1,693135.92,5073660.97,-1736.27,1850.0,1850.0,79.0320319449,KLOSTAR IVANIC
SUHOPOLJE-1,693135.92,5073660.97,-1741.27,1855.0,1855.0,79.1600875761,KLOSTAR IVANIC
SUHOPOLJE-1,693135.92,5073660.97,-1746.27,1860.0,1860.0,79.2880414313,KLOSTAR IVANIC
SUHOPOLJE-1,693135.92,5073660.97,-1751.27,1865.0,1865.0,79.4160448446,KLOSTAR IVANIC
SUHOPOLJE-1,693135.92,5073660.97,-1756.27,1870.0,1870.0,79.5440217107,KLOSTAR IVANIC
SUHOPOLJE-1,693135.92,5073660.97,-1761.27,1875.0,1875.0,79.671972667,KLOSTAR IVANIC
SUHOPOLJE-1,693135.92,5073660.97,-1766.27,1880.0,1880.0,79.7998983618,KLOSTAR IVANIC
SUHOPOLJE-1,693135.92,5073660.97,-1771.27,1885.0,1885.0,79.9277994533,KLOSTAR IVANIC
SUHOPOLJE-1,693135.92,5073660.97,-1776.27,1890.0,1890.0,80.0556766092,KLOSTAR IVANIC
SUHOPOLJE-1,693135.92,5073660.97,-1781.27,1895.0,1895.0,80.1835305061,KLOSTAR IVANIC
SUHOPOLJE-1,693135.92,5073660.97,-1786.27,1900.0,1900.0,80.311361829,KLOSTAR IVANIC
SUHOPOLJE-1,693135.92,5073660.97,-1791.27,1905.0,1905.0,80.4391712703,KLOSTAR IVANIC
SUHOPOLJE-1,693135.92,5073660.97,-1796.27,1910.0,1910.0,80.5669595299,KLOSTAR IVANIC
SUHOPOLJE-1,693135.92,5073660.97,-1801.27,1915.0,1915.0,80.694727314,KLOSTAR IVANIC
SUHOPOLJE-1,693135.92,5073660.97,-1806.27,1920.0,1920.0,80.8224753348,KLOSTAR IVANIC
SUHOPOLJE-1,693135.92,5073660.97,-1811.27,1925.0,1925.0,80.95020431,KLOSTAR IVANIC
SUHOPOLJE-1,693135.92,5073660.97,-1816.27,1930.0,1930.0,81.0779149622,KLOSTAR IVANIC
SUHOPOLJE-1,693135.92,5073660.97,-1821.27,1935.0,1935.0,81.2056080183,KLOSTAR IVANIC
SUHOPOLJE-1,693135.92,5073660.97,-1826.27,1940.0,1940.0,81.3332842089,KLOSTAR IVANIC
SUHOPOLJE-1,693135.92,5073660.97,-1831.27,1945.0,1945.0,81.460944268,KLOSTAR IVANIC
SUHOPOLJE-1,693135.92,5073660.97,-1836.27,1950.0,1950.0,81.588588932,KLOSTAR IVANIC
SUHOPOLJE-1,693135.92,5073660.97,-1841.27,1955.0,1955.0,81.7162189399,KLOSTAR IVANIC
SUHOPOLJE-1,693135.92,5073660.97,-1846.27,1960.0,1960.0,81.8438350321,KLOSTAR IVANIC
SUHOPOLJE-1,693135.92,5073660.97,-1851.27,1965.0,1965.0,81.9714379502,KLOSTAR IVANIC
SUHOPOLJE-1,693135.92,5073660.97,-1856.27,1970.0,1970.0,82.0990284365,KLOSTAR IVANIC
SUHOPOLJE-1,693135.92,5073660.97,-1861.27,1975.0,1975.0,82.2266072336,KLOSTAR IVANIC
SUHOPOLJE-1,693135.92,5073660.97,-1866.27,1980.0,1980.0,82.3541750835,KLOSTAR IVANIC
SUHOPOLJE-1,693135.92,5073660.97,-1871.27,1985.0,1985.0,82.4817327275,KLOSTAR IVANIC
SUHOPOLJE-1,693135.92,5073660.97,-1876.27,1990.0,1990.0,82.6092809056,KLOSTAR IVANIC
SUHOPOLJE-1,693135.92,5073660.97,-1881.27,1995.0,1995.0,82.7368203562,KLOSTAR IVANIC
SUHOPOLJE-1,693135.92,5073660.97,-1886.27,2000.0,2000.0,82.8643518152,KLOSTAR IVANIC
SUHOPOLJE-1,693135.92,5073660.97,-1891.27,2005.0,2005.0,82.9918760159,KLOSTAR IVANIC
SUHOPOLJE-1,693135.92,5073660.97,-1896.27,2010.0,2010.0,83.1193936887,KLOSTAR IVANIC
SUHOPOLJE-1,693135.92,5073660.97,-1901.27,2015.0,2015.0,83.2469055601,KLOSTAR IVANIC
SUHOPOLJE-1,693135.92,5073660.97,-1906.27,2020.0,2020.0,83.3744123528,KLOSTAR IVANIC
SUHOPOLJE-1,693135.92,5073660.97,-1911.27,2025.0,2025.0,83.5019147848,KLOSTAR IVANIC
SUHOPOLJE-1,693135.92,5073660.97,-1916.27,2030.0,2030.0,83.6294135695,KLOSTAR IVANIC
SUHOPOLJE-1,693135.92,5073660.97,-1921.27,2035.0,2035.0,83.7569094148,KLOSTAR IVANIC
SUHOPOLJE-1,693135.92,5073660.97,-1926.27,2040.0,2040.0,83.884403023,KLOSTAR IVANIC
SUHOPOLJE-1,693135.92,5073660.97,-1931.27,2045.0,2045.0,84.0118950904,KLOSTAR IVANIC
SUHOPOLJE-1,693135.92,5073660.97,-1936.27,2050.0,2050.0,84.1393863064,KLOSTAR IVANIC
SUHOPOLJE-1,693135.92,5073660.97,-1941.27,2055.0,2055.0,84.2668773538,KLOSTAR IVANIC
SUHOPOLJE-1,693135.92,5073660.97,-1946.27,2060.0,2060.0,84.3943689082,KLOSTAR IVANIC
SUHOPOLJE-1,693135.92,5073660.97,-1951.27,2065.0,2065.0,84.5218616371,KLOSTAR IVANIC
SUHOPOLJE-1,693135.92,5073660.97,-1956.27,2070.0,2070.0,84.6492924206,KLOSTAR IVANIC
SUHOPOLJE-1,693135.92,5073660.97,-1961.27,2075.0,2075.0,84.7767872222,KLOSTAR IVANIC
SUHOPOLJE-1,693135.92,5073660.97,-1966.27,2080.0,2080.0,84.9042851015,KLOSTAR IVANIC
SUHOPOLJE-1,693135.92,5073660.97,-1971.27,2085.0,2085.0,85.0317866917,KLOSTAR IVANIC
SUHOPOLJE-1,693135.92,5073660.97,-1976.27,2090.0,2090.0,85.1592926166,KLOSTAR IVANIC
SUHOPOLJE-1,693135.92,5073660.97,-1981.27,2095.0,2095.0,85.2868034901,KLOSTAR IVANIC
SUHOPOLJE-1,693135.92,5073660.97,-1986.27,2100.0,2100.0,85.4143199162,KLOSTAR IVANIC
SUHOPOLJE-1,693135.92,5073660.97,-1991.27,2105.0,2105.0,85.541842488,KLOSTAR IVANIC
SUHOPOLJE-1,693135.92,5073660.97,-1996.27,2110.0,2110.0,85.6693717883,KLOSTAR IVANIC
SUHOPOLJE-1,693135.92,5073660.97,-2001.27,2115.0,2115.0,85.7969083884,KLOSTAR IVANIC
SUHOPOLJE-1,693135.92,5073660.97,-2006.27,2120.0,2120.0,85.9244528484,KLOSTAR IVANIC
SUHOPOLJE-1,693135.92,5073660.97,-2011.27,2125.0,2125.0,86.0520057166,KLOSTAR IVANIC
SUHOPOLJE-1,693135.92,5073660.97,-2016.27,2130.0,2130.0,86.1795675291,KLOSTAR IVANIC
SUHOPOLJE-1,693135.92,5073660.97,-2021.27,2135.0,2135.0,86.3071388098,KLOSTAR IVANIC
SUHOPOLJE-1,693135.92,5073660.97,-2026.27,2140.0,2140.0,86.4347200698,KLOSTAR IVANIC
SUHOPOLJE-1,693135.92,5073660.97,-2031.27,2145.0,2145.0,86.5623118073,KLOSTAR IVANIC
SUHOPOLJE-1,693135.92,5073660.97,-2036.27,2150.0,2150.0,86.6899145072,KLOSTAR IVANIC
SUHOPOLJE-1,693135.92,5073660.97,-2041.27,2155.0,2155.0,86.817528641,KLOSTAR IVANIC
SUHOPOLJE-1,693135.92,5073660.97,-2046.27,2160.0,2160.0,86.9451546662,KLOSTAR IVANIC
SUHOPOLJE-1,693135.92,5073660.97,-2051.27,2165.0,2165.0,87.0727930261,KLOSTAR IVANIC
SUHOPOLJE-1,693135.92,5073660.97,-2056.27,2170.0,2170.0,87.20044415,KLOSTAR IVANIC
SUHOPOLJE-1,693135.92,5073660.97,-2061.27,2175.0,2175.0,87.328108452,KLOSTAR IVANIC
SUHOPOLJE-1,693135.92,5073660.97,-2066.27,2180.0,2180.0,87.4557863317,KLOSTAR IVANIC
SUHOPOLJE-1,693135.92,5073660.97,-2071.27,2185.0,2185.0,87.5834912978,KLOSTAR IVANIC
SUHOPOLJE-1,693135.92,5073660.97,-2076.27,2190.0,2190.0,87.7111975529,KLOSTAR IVANIC
SUHOPOLJE-1,693135.92,5073660.97,-2081.27,2195.0,2195.0,87.8389184716,KLOSTAR IVANIC
SUHOPOLJE-1,693135.92,5073660.97,-2086.27,2200.0,2200.0,87.9666543918,KLOSTAR IVANIC
SUHOPOLJE-1,693135.92,5073660.97,-2091.27,2205.0,2205.0,88.0944056351,KLOSTAR IVANIC
SUHOPOLJE-1,693135.92,5073660.97,-2096.27,2210.0,2210.0,88.2221725068,KLOSTAR IVANIC
SUHOPOLJE-1,693135.92,5073660.97,-2101.27,2215.0,2215.0,88.3499552952,KLOSTAR IVANIC
SUHOPOLJE-1,693135.92,5073660.97,-2106.27,2220.0,2220.0,88.4777542717,KLOSTAR IVANIC
SUHOPOLJE-1,693135.92,5073660.97,-2111.27,2225.0,2225.0,88.6055696905,KLOSTAR IVANIC
SUHOPOLJE-1,693135.92,5073660.97,-2116.27,2230.0,2230.0,88.7334159165,KLOSTAR IVANIC
SUHOPOLJE-1,693135.92,5073660.97,-2121.27,2235.0,2235.0,88.8612646048,KLOSTAR IVANIC
SUHOPOLJE-1,693135.92,5073660.97,-2126.27,2240.0,2240.0,88.9891303903,KLOSTAR IVANIC
SUHOPOLJE-1,693135.92,5073660.97,-2131.27,2245.0,2245.0,89.1170134559,KLOSTAR IVANIC
SUHOPOLJE-1,693135.92,5073660.97,-2136.27,2250.0,2250.0,89.2449139659,KLOSTAR IVANIC
SUHOPOLJE-1,693135.92,5073660.97,-2141.27,2255.0,2255.0,89.372832066,KLOSTAR IVANIC
SUHOPOLJE-1,693135.92,5073660.97,-2146.27,2260.0,2260.0,89.5007678828,KLOSTAR IVANIC
SUHOPOLJE-1,693135.92,5073660.97,-2151.27,2265.0,2265.0,89.6287215238,KLOSTAR IVANIC
SUHOPOLJE-1,693135.92,5073660.97,-2156.27,2270.0,2270.0,89.756693077,KLOSTAR IVANIC
SUHOPOLJE-1,693135.92,5073660.97,-2161.27,2275.0,2275.0,89.8846826107,KLOSTAR IVANIC
SUHOPOLJE-1,693135.92,5073660.97,-2166.27,2280.0,2280.0,90.0126901734,KLOSTAR IVANIC
SUHOPOLJE-1,693135.92,5073660.97,-2171.27,2285.0,2285.0,90.1407157936,KLOSTAR IVANIC
SUHOPOLJE-1,693135.92,5073660.97,-2176.27,2290.0,2290.0,90.268759479,KLOSTAR IVANIC
SUHOPOLJE-1,693135.92,5073660.97,-2181.27,2295.0,2295.0,90.3968212171,KLOSTAR IVANIC
SUHOPOLJE-1,693135.92,5073660.97,-2186.27,2300.0,2300.0,90.5249009744,KLOSTAR IVANIC
SUHOPOLJE-1,693135.92,5073660.97,-2191.27,2305.0,2305.0,90.6529986963,KLOSTAR IVANIC
SUHOPOLJE-1,693135.92,5073660.97,-2196.27,2310.0,2310.0,90.781114307,KLOSTAR IVANIC
SUHOPOLJE-1,693135.92,5073660.97,-2201.27,2315.0,2315.0,90.9092477091,KLOSTAR IVANIC
SUHOPOLJE-1,693135.92,5073660.97,-2206.27,2320.0,2320.0,91.0373987834,KLOSTAR IVANIC
SUHOPOLJE-1,693135.92,5073660.97,-2211.27,2325.0,2325.0,91.1655673887,KLOSTAR IVANIC
SUHOPOLJE-1,693135.92,5073660.97,-2216.27,2330.0,2330.0,91.2936745544,KLOSTAR IVANIC
SUHOPOLJE-1,693135.92,5073660.97,-2221.27,2335.0,2335.0,91.4218783889,KLOSTAR IVANIC
SUHOPOLJE-1,693135.92,5073660.97,-2226.27,2340.0,2340.0,91.5500991998,KLOSTAR IVANIC
SUHOPOLJE-1,693135.92,5073660.97,-2231.27,2345.0,2345.0,91.678336755,KLOSTAR IVANIC
SUHOPOLJE-1,693135.92,5073660.97,-2236.27,2350.0,2350.0,91.8065907994,KLOSTAR IVANIC
SUHOPOLJE-1,693135.92,5073660.97,-2241.27,2355.0,2355.0,91.9348610542,KLOSTAR IVANIC
SUHOPOLJE-1,693135.92,5073660.97,-2246.27,2360.0,2360.0,92.0631472174,KLOSTAR IVANIC
SUHOPOLJE-1,693135.92,5073660.97,-2251.27,2365.0,2365.0,92.1914489627,KLOSTAR IVANIC
SUHOPOLJE-1,693135.92,5073660.97,-2256.27,2370.0,2370.0,92.3197659398,KLOSTAR IVANIC
SUHOPOLJE-1,693135.92,5073660.97,-2261.27,2375.0,2375.0,92.4480977741,IVANIC GRAD
SUHOPOLJE-1,693135.92,5073660.97,-2266.27,2380.0,2380.0,92.5764440664,IVANIC GRAD
SUHOPOLJE-1,693135.92,5073660.97,-2271.27,2385.0,2385.0,92.7048117944,IVANIC GRAD
SUHOPOLJE-1,693135.92,5073660.97,-2276.27,2390.0,2390.0,92.8331840949,IVANIC GRAD
SUHOPOLJE-1,693135.92,5073660.97,-2281.27,2395.0,2395.0,92.9615694107,IVANIC GRAD
SUHOPOLJE-1,693135.92,5073660.97,-2286.27,2400.0,2400.0,93.0899672393,IVANIC GRAD
SUHOPOLJE-1,693135.92,5073660.97,-2291.27,2405.0,2405.0,93.2183770528,IVANIC GRAD
SUHOPOLJE-1,693135.92,5073660.97,-2296.27,2410.0,2410.0,93.3467982971,IVANIC GRAD
SUHOPOLJE-1,693135.92,5073660.97,-2301.27,2415.0,2415.0,93.475230392,IVANIC GRAD
SUHOPOLJE-1,693135.92,5073660.97,-2306.27,2420.0,2420.0,93.6036727307,IVANIC GRAD
SUHOPOLJE-1,693135.92,5073660.97,-2311.27,2425.0,2425.0,93.7321246797,IVANIC GRAD
SUHOPOLJE-1,693135.92,5073660.97,-2316.27,2430.0,2430.0,93.8605855788,IVANIC GRAD
SUHOPOLJE-1,693135.92,5073660.97,-2321.27,2435.0,2435.0,93.9890547402,IVANIC GRAD
SUHOPOLJE-1,693135.92,5073660.97,-2326.27,2440.0,2440.0,94.1175314491,IVANIC GRAD
SUHOPOLJE-1,693135.92,5073660.97,-2331.27,2445.0,2445.0,94.2460149627,IVANIC GRAD
SUHOPOLJE-1,693135.92,5073660.97,-2336.27,2450.0,2450.0,94.3745045105,IVANIC GRAD
SUHOPOLJE-1,693135.92,5073660.97,-2341.27,2455.0,2455.0,94.5029992937,IVANIC GRAD
SUHOPOLJE-1,693135.92,5073660.97,-2346.27,2460.0,2460.0,94.6314984854,IVANIC GRAD
SUHOPOLJE-1,693135.92,5073660.97,-2351.27,2465.0,2465.0,94.7600012298,IVANIC GRAD
SUHOPOLJE-1,693135.92,5073660.97,-2356.27,2470.0,2470.0,94.8885066423,IVANIC GRAD
SUHOPOLJE-1,693135.92,5073660.97,-2361.27,2475.0,2475.0,95.0170138093,IVANIC GRAD
SUHOPOLJE-1,693135.92,5073660.97,-2366.27,2480.0,2480.0,95.1455217879,IVANIC GRAD
SUHOPOLJE-1,693135.92,5073660.97,-2371.27,2485.0,2485.0,95.2740296054,IVANIC GRAD
SUHOPOLJE-1,693135.92,5073660.97,-2376.27,2490.0,2490.0,95.4025362597,IVANIC GRAD
SUHOPOLJE-1,693135.92,5073660.97,-2381.27,2495.0,2495.0,95.5310407182,IVANIC GRAD
SUHOPOLJE-1,693135.92,5073660.97,-2386.27,2500.0,2500.0,95.6595419185,IVANIC GRAD
SUHOPOLJE-1,693135.92,5073660.97,-2391.27,2505.0,2505.0,95.7880387675,IVANIC GRAD
SUHOPOLJE-1,693135.92,5073660.97,-2396.27,2510.0,2510.0,95.9165301413,IVANIC GRAD
SUHOPOLJE-1,693135.92,5073660.97,-2401.27,2515.0,2515.0,96.0450148852,IVANIC GRAD
SUHOPOLJE-1,693135.92,5073660.97,-2406.27,2520.0,2520.0,96.1734918134,IVANIC GRAD
SUHOPOLJE-1,693135.92,5073660.97,-2411.27,2525.0,2525.0,96.3019597086,IVANIC GRAD
SUHOPOLJE-1,693135.92,5073660.97,-2416.27,2530.0,2530.0,96.430417322,IVANIC GRAD
SUHOPOLJE-1,693135.92,5073660.97,-2421.27,2535.0,2535.0,96.558863373,IVANIC GRAD
SUHOPOLJE-1,693135.92,5073660.97,-2426.27,2540.0,2540.0,96.6872965489,IVANIC GRAD
SUHOPOLJE-1,693135.92,5073660.97,-2431.27,2545.0,2545.0,96.8157155051,IVANIC GRAD
SUHOPOLJE-1,693135.92,5073660.97,-2436.27,2550.0,2550.0,96.9441188641,IVANIC GRAD
SUHOPOLJE-1,693135.92,5073660.97,-2441.27,2555.0,2555.0,97.0725052163,IVANIC GRAD
SUHOPOLJE-1,693135.92,5073660.97,-2446.27,2560.0,2560.0,97.2008731191,IVANIC GRAD
SUHOPOLJE-1,693135.92,5073660.97,-2451.27,2565.0,2565.0,97.3292212243,IVANIC GRAD
SUHOPOLJE-1,693135.92,5073660.97,-2456.27,2570.0,2570.0,97.4575475972,IVANIC GRAD
SUHOPOLJE-1,693135.92,5073660.97,-2461.27,2575.0,2575.0,97.5858510012,IVANIC GRAD
SUHOPOLJE-1,693135.92,5073660.97,-2466.27,2580.0,2580.0,97.7141298605,IVANIC GRAD
SUHOPOLJE-1,693135.92,5073660.97,-2471.27,2585.0,2585.0,97.8423825659,IVANIC GRAD
SUHOPOLJE-1,693135.92,5073660.97,-2476.27,2590.0,2590.0,97.9706074743,IVANIC GRAD
SUHOPOLJE-1,693135.92,5073660.97,-2481.27,2595.0,2595.0,98.0988029086,IVANIC GRAD
SUHOPOLJE-1,693135.92,5073660.97,-2486.27,2600.0,2600.0,98.2269671578,IVANIC GRAD
SUHOPOLJE-1,693135.92,5073660.97,-2491.27,2605.0,2605.0,98.3550984764,IVANIC GRAD
SUHOPOLJE-1,693135.92,5073660.97,-2496.27,2610.0,2610.0,98.4831950848,IVANIC GRAD
SUHOPOLJE-1,693135.92,5073660.97,-2501.27,2615.0,2615.0,98.6112551691,IVANIC GRAD
SUHOPOLJE-1,693135.92,5073660.97,-2506.27,2620.0,2620.0,98.7392768806,IVANIC GRAD
SUHOPOLJE-1,693135.92,5073660.97,-2511.27,2625.0,2625.0,98.8672583361,IVANIC GRAD
SUHOPOLJE-1,693135.92,5073660.97,-2516.27,2630.0,2630.0,98.9951976178,IVANIC GRAD
SUHOPOLJE-1,693135.92,5073660.97,-2521.27,2635.0,2635.0,99.1230927729,IVANIC GRAD
SUHOPOLJE-1,693135.92,5073660.97,-2526.27,2640.0,2640.0,99.250941814,IVANIC GRAD
SUHOPOLJE-1,693135.92,5073660.97,-2531.27,2645.0,2645.0,99.3787427186,IVANIC GRAD
SUHOPOLJE-1,693135.92,5073660.97,-2536.27,2650.0,2650.0,99.5064934295,IVANIC GRAD
SUHOPOLJE-1,693135.92,5073660.97,-2541.27,2655.0,2655.0,99.6341918545,IVANIC GRAD
SUHOPOLJE-1,693135.92,5073660.97,-2546.27,2660.0,2660.0,99.7618358664,IVANIC GRAD
SUHOPOLJE-1,693135.92,5073660.97,-2551.27,2665.0,2665.0,99.889423303,IVANIC GRAD
SUHOPOLJE-1,693135.92,5073660.97,-2556.27,2670.0,2670.0,100.016951967,IVANIC GRAD
SUHOPOLJE-1,693135.92,5073660.97,-2561.27,2675.0,2675.0,100.144419628,IVANIC GRAD
SUHOPOLJE-1,693135.92,5073660.97,-2566.27,2680.0,2680.0,100.271824017,IVANIC GRAD
SUHOPOLJE-1,693135.92,5073660.97,-2571.27,2685.0,2685.0,100.399162833,IVANIC GRAD
SUHOPOLJE-1,693135.92,5073660.97,-2576.27,2690.0,2690.0,100.526433741,IVANIC GRAD
SUHOPOLJE-1,693135.92,5073660.97,-2581.27,2695.0,2695.0,100.653634368,IVANIC GRAD
SUHOPOLJE-1,693135.92,5073660.97,-2586.27,2700.0,2700.0,100.780762311,IVANIC GRAD
SUHOPOLJE-1,693135.92,5073660.97,-2591.27,2705.0,2705.0,100.907815128,IVANIC GRAD
SUHOPOLJE-1,693135.92,5073660.97,-2596.27,2710.0,2710.0,101.034790345,IVANIC GRAD
SUHOPOLJE-1,693135.92,5073660.97,-2601.27,2715.0,2715.0,101.161685455,IVANIC GRAD
SUHOPOLJE-1,693135.92,5073660.97,-2606.27,2720.0,2720.0,101.288497915,IVANIC GRAD
SUHOPOLJE-1,693135.92,5073660.97,-2611.27,2725.0,2725.0,101.415225149,IVANIC GRAD
SUHOPOLJE-1,693135.92,5073660.97,-2616.27,2730.0,2730.0,101.541864548,IVANIC GRAD
SUHOPOLJE-1,693135.92,5073660.97,-2621.27,2735.0,2735.0,101.668413469,IVANIC GRAD
SUHOPOLJE-1,693135.92,5073660.97,-2626.27,2740.0,2740.0,101.794869235,IVANIC GRAD
SUHOPOLJE-1,693135.92,5073660.97,-2631.27,2745.0,2745.0,101.921229139,IVANIC GRAD
SUHOPOLJE-1,693135.92,5073660.97,-2636.27,2750.0,2750.0,102.047490439,IVANIC GRAD
SUHOPOLJE-1,693135.92,5073660.97,-2641.27,2755.0,2755.0,102.173650361,IVANIC GRAD
SUHOPOLJE-1,693135.92,5073660.97,-2646.27,2760.0,2760.0,102.299706101,IVANIC GRAD
SUHOPOLJE-1,693135.92,5073660.97,-2651.27,2765.0,2765.0,102.425654821,IVANIC GRAD
SUHOPOLJE-1,693135.92,5073660.97,-2656.27,2770.0,2770.0,102.551493654,IVANIC GRAD
SUHOPOLJE-1,693135.92,5073660.97,-2661.27,2775.0,2775.0,102.6772197,IVANIC GRAD
SUHOPOLJE-1,693135.92,5073660.97,-2666.27,2780.0,2780.0,102.80283003,IVANIC GRAD
SUHOPOLJE-1,693135.92,5073660.97,-2671.27,2785.0,2785.0,102.928321686,IVANIC GRAD
SUHOPOLJE-1,693135.92,5073660.97,-2676.27,2790.0,2790.0,103.053691678,IVANIC GRAD
SUHOPOLJE-1,693135.92,5073660.97,-2681.27,2795.0,2795.0,103.178936988,IVANIC GRAD
SUHOPOLJE-1,693135.92,5073660.97,-2686.27,2800.0,2800.0,103.304054571,IVANIC GRAD
SUHOPOLJE-1,693135.92,5073660.97,-2691.27,2805.0,2805.0,103.429041351,IVANIC GRAD
SUHOPOLJE-1,693135.92,5073660.97,-2696.27,2810.0,2810.0,103.553894227,IVANIC GRAD
SUHOPOLJE-1,693135.92,5073660.97,-2701.27,2815.0,2815.0,103.67861007,IVANIC GRAD
SUHOPOLJE-1,693135.92,5073660.97,-2706.27,2820.0,2820.0,103.803185725,IVANIC GRAD
SUHOPOLJE-1,693135.92,5073660.97,-2711.27,2825.0,2825.0,103.92761801,IVANIC GRAD
SUHOPOLJE-1,693135.92,5073660.97,-2716.27,2830.0,2830.0,104.05190372,IVANIC GRAD
SUHOPOLJE-1,693135.92,5073660.97,-2721.27,2835.0,2835.0,104.176039623,IVANIC GRAD
SUHOPOLJE-1,693135.92,5073660.97,-2726.27,2840.0,2840.0,104.300022465,IVANIC GRAD
SUHOPOLJE-1,693135.92,5073660.97,-2731.27,2845.0,2845.0,104.423848968,IVANIC GRAD
SUHOPOLJE-1,693135.92,5073660.97,-2736.27,2850.0,2850.0,104.547515833,IVANIC GRAD
SUHOPOLJE-1,693135.92,5073660.97,-2741.27,2855.0,2855.0,104.671019736,IVANIC GRAD
SUHOPOLJE-1,693135.92,5073660.97,-2746.27,2860.0,2860.0,104.794357335,IVANIC GRAD
SUHOPOLJE-1,693135.92,5073660.97,-2751.27,2865.0,2865.0,104.917525267,IVANIC GRAD
SUHOPOLJE-1,693135.92,5073660.97,-2756.27,2870.0,2870.0,105.040520149,IVANIC GRAD
SUHOPOLJE-1,693135.92,5073660.97,-2761.27,2875.0,2875.0,105.163338579,IVANIC GRAD
SUHOPOLJE-1,693135.92,5073660.97,-2766.27,2880.0,2880.0,105.28597714,IVANIC GRAD
SUHOPOLJE-1,693135.92,5073660.97,-2771.27,2885.0,2885.0,105.408432395,IVANIC GRAD
SUHOPOLJE-1,693135.92,5073660.97,-2776.27,2890.0,2890.0,105.530700892,IVANIC GRAD
SUHOPOLJE-1,693135.92,5073660.97,-2781.27,2895.0,2895.0,105.652779163,IVANIC GRAD
SUHOPOLJE-1,693135.92,5073660.97,-2786.27,2900.0,2900.0,105.774663729,IVANIC GRAD
SUHOPOLJE-1,693135.92,5073660.97,-2791.27,2905.0,2905.0,105.896351093,IVANIC GRAD
SUHOPOLJE-1,693135.92,5073660.97,-2796.27,2910.0,2910.0,106.01783775,IVANIC GRAD
SUHOPOLJE-1,693135.92,5073660.97,-2801.27,2915.0,2915.0,106.139120181,IVANIC GRAD
SUHOPOLJE-1,693135.92,5073660.97,-2806.27,2920.0,2920.0,106.260194857,IVANIC GRAD
SUHOPOLJE-1,693135.92,5073660.97,-2811.27,2925.0,2925.0,106.38105824,IVANIC GRAD
SUHOPOLJE-1,693135.92,5073660.97,-2816.27,2930.0,2930.0,106.501706785,IVANIC GRAD
SUHOPOLJE-1,693135.92,5073660.97,-2821.27,2935.0,2935.0,106.622136937,IVANIC GRAD
SUHOPOLJE-1,693135.92,5073660.97,-2826.27,2940.0,2940.0,106.742345136,IVANIC GRAD
SUHOPOLJE-1,693135.92,5073660.97,-2831.27,2945.0,2945.0,106.862327819,IVANIC GRAD
SUHOPOLJE-1,693135.92,5073660.97,-2836.27,2950.0,2950.0,106.982081415,IVANIC GRAD
SUHOPOLJE-1,693135.92,5073660.97,-2841.27,2955.0,2955.0,107.101602353,IVANIC GRAD
SUHOPOLJE-1,693135.92,5073660.97,-2846.27,2960.0,2960.0,107.22088706,IVANIC GRAD
SUHOPOLJE-1,693135.92,5073660.97,-2851.27,2965.0,2965.0,107.339931961,IVANIC GRAD
SUHOPOLJE-1,693135.92,5073660.97,-2856.27,2970.0,2970.0,107.458733481,IVANIC GRAD
SUHOPOLJE-1,693135.92,5073660.97,-2861.27,2975.0,2975.0,107.577288049,IVANIC GRAD
SUHOPOLJE-1,693135.92,5073660.97,-2866.27,2980.0,2980.0,107.695592096,IVANIC GRAD
SUHOPOLJE-1,693135.92,5073660.97,-2871.27,2985.0,2985.0,107.813642055,IVANIC GRAD
SUHOPOLJE-1,693135.92,5073660.97,-2876.27,2990.0,2990.0,107.931434368,IVANIC GRAD
SUHOPOLJE-1,693135.92,5073660.97,-2881.27,2995.0,2995.0,108.048965479,IVANIC GRAD
SUHOPOLJE-1,693135.92,5073660.97,-2886.27,3000.0,3000.0,108.166231842,IVANIC GRAD
SUHOPOLJE-1,693135.92,5073660.97,-2891.27,3005.0,3005.0,108.283229921,IVANIC GRAD
SUHOPOLJE-1,693135.92,5073660.97,-2896.27,3010.0,3010.0,108.399956188,IVANIC GRAD
SUHOPOLJE-1,693135.92,5073660.97,-2901.27,3015.0,3015.0,108.516407127,IVANIC GRAD
SUHOPOLJE-1,693135.92,5073660.97,-2906.27,3020.0,3020.0,108.632579234,IVANIC GRAD
SUHOPOLJE-1,693135.92,5073660.97,-2911.27,3025.0,3025.0,108.74846902,IVANIC GRAD
SUHOPOLJE-1,693135.92,5073660.97,-2916.27,3030.0,3030.0,108.86407301,IVANIC GRAD
SUHOPOLJE-1,693135.92,5073660.97,-2921.27,3035.0,3035.0,108.979387746,IVANIC GRAD
SUHOPOLJE-1,693135.92,5073660.97,-2926.27,3040.0,3040.0,109.094409786,IVANIC GRAD
SUHOPOLJE-1,693135.92,5073660.97,-2931.27,3045.0,3045.0,109.20913571,IVANIC GRAD
SUHOPOLJE-1,693135.92,5073660.97,-2936.27,3050.0,3050.0,109.323562115,IVANIC GRAD
SUHOPOLJE-1,693135.92,5073660.97,-2941.27,3055.0,3055.0,109.43768562,IVANIC GRAD
SUHOPOLJE-1,693135.92,5073660.97,-2946.27,3060.0,3060.0,109.551502867,IVANIC GRAD
SUHOPOLJE-1,693135.92,5073660.97,-2951.27,3065.0,3065.0,109.665010522,IVANIC GRAD
SUHOPOLJE-1,693135.92,5073660.97,-2956.27,3070.0,3070.0,109.778205276,IVANIC GRAD
SUHOPOLJE-1,693135.92,5073660.97,-2961.27,3075.0,3075.0,109.891083846,IVANIC GRAD
SUHOPOLJE-1,693135.92,5073660.97,-2966.27,3080.0,3080.0,110.003642976,IVANIC GRAD
SUHOPOLJE-1,693135.92,5073660.97,-2971.27,3085.0,3085.0,110.11587944,IVANIC GRAD
SUHOPOLJE-1,693135.92,5073660.97,-2976.27,3090.0,3090.0,110.227790041,IVANIC GRAD
SUHOPOLJE-1,693135.92,5073660.97,-2981.27,3095.0,3095.0,110.339371613,IVANIC GRAD
SUHOPOLJE-1,693135.92,5073660.97,-2986.27,3100.0,3100.0,110.450621024,IVANIC GRAD
SUHOPOLJE-1,693135.92,5073660.97,-2991.27,3105.0,3105.0,110.561535173,IVANIC GRAD
SUHOPOLJE-1,693135.92,5073660.97,-2996.27,3110.0,3110.0,110.672110997,IVANIC GRAD
SUHOPOLJE-1,693135.92,5073660.97,-3001.27,3115.0,3115.0,110.782345465,IVANIC GRAD
SUHOPOLJE-1,693135.92,5073660.97,-3006.27,3120.0,3120.0,110.892235586,IVANIC GRAD
SUHOPOLJE-1,693135.92,5073660.97,-3011.27,3125.0,3125.0,111.001778407,IVANIC GRAD
SUHOPOLJE-1,693135.92,5073660.97,-3016.27,3130.0,3130.0,111.110971013,IVANIC GRAD
SUHOPOLJE-1,693135.92,5073660.97,-3021.27,3135.0,3135.0,111.219810529,IVANIC GRAD
SUHOPOLJE-1,693135.92,5073660.97,-3026.27,3140.0,3140.0,111.328294123,IVANIC GRAD
SUHOPOLJE-1,693135.92,5073660.97,-3031.27,3145.0,3145.0,111.436419006,IVANIC GRAD
SUHOPOLJE-1,693135.92,5073660.97,-3036.27,3150.0,3150.0,111.54418243,IVANIC GRAD
SUHOPOLJE-1,693135.92,5073660.97,-3041.27,3155.0,3155.0,111.651581694,IVANIC GRAD
SUHOPOLJE-1,693135.92,5073660.97,-3046.27,3160.0,3160.0,111.758614141,IVANIC GRAD
SUHOPOLJE-1,693135.92,5073660.97,-3051.27,3165.0,3165.0,111.865277162,IVANIC GRAD
SUHOPOLJE-1,693135.92,5073660.97,-3056.27,3170.0,3170.0,111.971568193,IVANIC GRAD
SUHOPOLJE-1,693135.92,5073660.97,-3061.27,3175.0,3175.0,112.077484722,IVANIC GRAD
SUHOPOLJE-1,693135.92,5073660.97,-3066.27,3180.0,3180.0,112.183024283,IVANIC GRAD
SUHOPOLJE-1,693135.92,5073660.97,-3071.27,3185.0,3185.0,112.288184462,IVANIC GRAD
SUHOPOLJE-1,693135.92,5073660.97,-3076.27,3190.0,3190.0,112.392962896,IVANIC GRAD
SUHOPOLJE-1,693135.92,5073660.97,-3081.27,3195.0,3195.0,112.497357272,IVANIC GRAD
SUHOPOLJE-1,693135.92,5073660.97,-3086.27,3200.0,3200.0,112.601365332,IVANIC GRAD
SUHOPOLJE-1,693135.92,5073660.97,-3091.27,3205.0,3205.0,112.70498487,IVANIC GRAD
SUHOPOLJE-1,693135.92,5073660.97,-3096.27,3210.0,3210.0,112.808213734,IVANIC GRAD
SUHOPOLJE-1,693135.92,5073660.97,-3101.27,3215.0,3215.0,112.911049828,IVANIC GRAD
SUHOPOLJE-1,693135.92,5073660.97,-3106.27,3220.0,3220.0,113.013491109,IVANIC GRAD
SUHOPOLJE-1,693135.92,5073660.97,-3111.27,3225.0,3225.0,113.115535592,IVANIC GRAD
SUHOPOLJE-1,693135.92,5073660.97,-3116.27,3230.0,3230.0,113.217181349,IVANIC GRAD
SUHOPOLJE-1,693135.92,5073660.97,-3121.27,3235.0,3235.0,113.318426508,IVANIC GRAD
SUHOPOLJE-1,693135.92,5073660.97,-3126.27,3240.0,3240.0,113.419269254,IVANIC GRAD
SUHOPOLJE-1,693135.92,5073660.97,-3131.27,3245.0,3245.0,113.519707832,IVANIC GRAD
SUHOPOLJE-1,693135.92,5073660.97,-3136.27,3250.0,3250.0,113.619740544,IVANIC GRAD
SUHOPOLJE-1,693135.92,5073660.97,-3141.27,3255.0,3255.0,113.719365753,IVANIC GRAD
SUHOPOLJE-1,693135.92,5073660.97,-3146.27,3260.0,3260.0,113.818582809,IVANIC GRAD
SUHOPOLJE-1,693135.92,5073660.97,-3151.27,3265.0,3265.0,113.917388236,IVANIC GRAD
SUHOPOLJE-1,693135.92,5073660.97,-3156.27,3270.0,3270.0,114.015781605,IVANIC GRAD
SUHOPOLJE-1,693135.92,5073660.97,-3161.27,3275.0,3275.0,114.113761519,IVANIC GRAD
SUHOPOLJE-1,693135.92,5073660.97,-3166.27,3280.0,3280.0,114.211326639,IVANIC GRAD
SUHOPOLJE-1,693135.92,5073660.97,-3171.27,3285.0,3285.0,114.308475688,IVANIC GRAD
SUHOPOLJE-1,693135.92,5073660.97,-3176.27,3290.0,3290.0,114.40520745,IVANIC GRAD
SUHOPOLJE-1,693135.92,5073660.97,-3181.27,3295.0,3295.0,114.501520769,IVANIC GRAD
SUHOPOLJE-1,693135.92,5073660.97,-3186.27,3300.0,3300.0,114.59741455,IVANIC GRAD
SUHOPOLJE-1,693135.92,5073660.97,-3191.27,3305.0,3305.0,114.692887762,IVANIC GRAD
SUHOPOLJE-1,693135.92,5073660.97,-3196.27,3310.0,3310.0,114.787939432,IVANIC GRAD
SUHOPOLJE-1,693135.92,5073660.97,-3201.27,3315.0,3315.0,114.88256865,IVANIC GRAD
SUHOPOLJE-1,693135.92,5073660.97,-3206.27,3320.0,3320.0,114.976774566,IVANIC GRAD
SUHOPOLJE-1,693135.92,5073660.97,-3211.27,3325.0,3325.0,115.070556391,IVANIC GRAD
SUHOPOLJE-1,693135.92,5073660.97,-3216.27,3330.0,3330.0,115.163915024,IVANIC GRAD
SUHOPOLJE-1,693135.92,5073660.97,-3221.27,3335.0,3335.0,115.256846706,IVANIC GRAD
SUHOPOLJE-1,693135.92,5073660.97,-3226.27,3340.0,3340.0,115.349352291,IVANIC GRAD
SUHOPOLJE-1,693135.92,5073660.97,-3231.27,3345.0,3345.0,115.441431235,IVANIC GRAD
SUHOPOLJE-1,693135.92,5073660.97,-3236.27,3350.0,3350.0,115.533083051,IVANIC GRAD
SUHOPOLJE-1,693135.92,5073660.97,-3241.27,3355.0,3355.0,115.624307313,IVANIC GRAD
SUHOPOLJE-1,693135.92,5073660.97,-3246.27,3360.0,3360.0,115.715103655,IVANIC GRAD
SUHOPOLJE-1,693135.92,5073660.97,-3251.27,3365.0,3365.0,115.80547177,IVANIC GRAD
SUHOPOLJE-1,693135.92,5073660.97,-3256.27,3370.0,3370.0,115.895411409,IVANIC GRAD
SUHOPOLJE-1,693135.92,5073660.97,-3261.27,3375.0,3375.0,115.984922381,IVANIC GRAD
SUHOPOLJE-1,693135.92,5073660.97,-3266.27,3380.0,3380.0,116.074004554,IVANIC GRAD
SUHOPOLJE-1,693135.92,5073660.97,-3271.27,3385.0,3385.0,116.162657853,IVANIC GRAD
SUHOPOLJE-1,693135.92,5073660.97,-3276.27,3390.0,3390.0,116.250882258,IVANIC GRAD
SUHOPOLJE-1,693135.92,5073660.97,-3281.27,3395.0,3395.0,116.338677807,IVANIC GRAD
SUHOPOLJE-1,693135.92,5073660.97,-3286.27,3400.0,3400.0,116.426044595,IVANIC GRAD
SUHOPOLJE-1,693135.92,5073660.97,-3291.27,3405.0,3405.0,116.512982769,IVANIC GRAD
SUHOPOLJE-1,693135.92,5073660.97,-3296.27,3410.0,3410.0,116.599492533,IVANIC GRAD
SUHOPOLJE-1,693135.92,5073660.97,-3301.27,3415.0,3415.0,116.685574143,IVANIC GRAD
SUHOPOLJE-1,693135.92,5073660.97,-3306.27,3420.0,3420.0,116.771227911,IVANIC GRAD
SUHOPOLJE-1,693135.92,5073660.97,-3311.27,3425.0,3425.0,116.856454198,IVANIC GRAD
SUHOPOLJE-1,693135.92,5073660.97,-3316.27,3430.0,3430.0,116.941253419,IVANIC GRAD
SUHOPOLJE-1,693135.92,5073660.97,-3321.27,3435.0,3435.0,117.02562604,IVANIC GRAD
SUHOPOLJE-1,693135.92,5073660.97,-3326.27,3440.0,3440.0,117.109572576,IVANIC GRAD
SUHOPOLJE-1,693135.92,5073660.97,-3331.27,3445.0,3445.0,117.193093595,IVANIC GRAD
SUHOPOLJE-1,693135.92,5073660.97,-3336.27,3450.0,3450.0,117.276189709,IVANIC GRAD
SUHOPOLJE-1,693135.92,5073660.97,-3341.27,3455.0,3455.0,117.358861582,IVANIC GRAD
SUHOPOLJE-1,693135.92,5073660.97,-3346.27,3460.0,3460.0,117.441109923,IVANIC GRAD
SUHOPOLJE-1,693135.92,5073660.97,-3351.27,3465.0,3465.0,117.52293549,IVANIC GRAD
SUHOPOLJE-1,693135.92,5073660.97,-3356.27,3470.0,3470.0,117.604339082,IVANIC GRAD
SUHOPOLJE-1,693135.92,5073660.97,-3361.27,3475.0,3475.0,117.685321547,IVANIC GRAD
SUHOPOLJE-1,693135.92,5073660.97,-3366.27,3480.0,3480.0,117.765883776,IVANIC GRAD
SUHOPOLJE-1,693135.92,5073660.97,-3371.27,3485.0,3485.0,117.846026702,IVANIC GRAD
SUHOPOLJE-1,693135.92,5073660.97,-3376.27,3490.0,3490.0,117.9257513,IVANIC GRAD
SUHOPOLJE-1,693135.92,5073660.97,-3381.27,3495.0,3495.0,118.005058586,IVANIC GRAD
SUHOPOLJE-1,693135.92,5073660.97,-3386.27,3500.0,3500.0,118.083949619,IVANIC GRAD
SUHOPOLJE-1,693135.92,5073660.97,-3391.27,3505.0,3505.0,118.162425495,IVANIC GRAD
SUHOPOLJE-1,693135.92,5073660.97,-3396.27,3510.0,3510.0,118.240487348,IVANIC GRAD
SUHOPOLJE-1,693135.92,5073660.97,-3401.27,3515.0,3515.0,118.318136352,IVANIC GRAD
SUHOPOLJE-1,693135.92,5073660.97,-3406.27,3520.0,3520.0,118.39540053,IVANIC GRAD
SUHOPOLJE-1,693135.92,5073660.97,-3411.27,3525.0,3525.0,118.47222452,IVANIC GRAD
SUHOPOLJE-1,693135.92,5073660.97,-3416.27,3530.0,3530.0,118.548639498,IVANIC GRAD
SUHOPOLJE-1,693135.92,5073660.97,-3421.27,3535.0,3535.0,118.624646778,IVANIC GRAD
SUHOPOLJE-1,693135.92,5073660.97,-3426.27,3540.0,3540.0,118.700247708,IVANIC GRAD
SUHOPOLJE-1,693135.92,5073660.97,-3431.27,3545.0,3545.0,118.775443668,IVANIC GRAD
SUHOPOLJE-1,693135.92,5073660.97,-3436.27,3550.0,3550.0,118.850236067,IVANIC GRAD
SUHOPOLJE-1,693135.92,5073660.97,-3441.27,3555.0,3555.0,118.924626344,IVANIC GRAD
SUHOPOLJE-1,693135.92,5073660.97,-3446.27,3560.0,3560.0,118.998615971,IVANIC GRAD
SUHOPOLJE-1,693135.92,5073660.97,-3451.27,3565.0,3565.0,119.072206443,IVANIC GRAD
SUHOPOLJE-1,693135.92,5073660.97,-3456.27,3570.0,3570.0,119.145399286,IVANIC GRAD
SUHOPOLJE-1,693135.92,5073660.97,-3461.27,3575.0,3575.0,119.218196051,IVANIC GRAD
SUHOPOLJE-1,693135.92,5073660.97,-3466.27,3580.0,3580.0,119.290598314,IVANIC GRAD
SUHOPOLJE-1,693135.92,5073660.97,-3471.27,3585.0,3585.0,119.362607678,IVANIC GRAD
SUHOPOLJE-1,693135.92,5073660.97,-3476.27,3590.0,3590.0,119.434225767,IVANIC GRAD
SUHOPOLJE-1,693135.92,5073660.97,-3481.27,3595.0,3595.0,119.505454229,IVANIC GRAD
SUHOPOLJE-1,693135.92,5073660.97,-3486.27,3600.0,3600.0,119.576294735,IVANIC GRAD
SUHOPOLJE-1,693135.92,5073660.97,-3491.27,3605.0,3605.0,119.646748977,IVANIC GRAD
SUHOPOLJE-1,693135.92,5073660.97,-3496.27,3610.0,3610.0,119.716818666,IVANIC GRAD
SUHOPOLJE-1,693135.92,5073660.97,-3501.27,3615.0,3615.0,119.786505533,IVANIC GRAD
SUHOPOLJE-1,693135.92,5073660.97,-3506.27,3620.0,3620.0,119.855811329,IVANIC GRAD
SUHOPOLJE-1,693135.92,5073660.97,-3511.27,3625.0,3625.0,119.924737823,IVANIC GRAD
SUHOPOLJE-1,693135.92,5073660.97,-3516.27,3630.0,3630.0,119.993286798,IVANIC GRAD
SUHOPOLJE-1,693135.92,5073660.97,-3521.27,3635.0,3635.0,120.061460057,IVANIC GRAD
SUHOPOLJE-1,693135.92,5073660.97,-3526.27,3640.0,3640.0,120.129259417,IVANIC GRAD
SUHOPOLJE-1,693135.92,5073660.97,-3531.27,3645.0,3645.0,120.196686708,IVANIC GRAD
SUHOPOLJE-1,693135.92,5073660.97,-3536.27,3650.0,3650.0,120.263743779,IVANIC GRAD
SUHOPOLJE-1,693135.92,5073660.97,-3541.27,3655.0,3655.0,120.330432486,IVANIC GRAD
SUHOPOLJE-1,693135.92,5073660.97,-3546.27,3660.0,3660.0,120.396754701,IVANIC GRAD
SUHOPOLJE-1,693135.92,5073660.97,-3551.27,3665.0,3665.0,120.462712308,IVANIC GRAD
SUHOPOLJE-1,693135.92,5073660.97,-3556.27,3670.0,3670.0,120.528307201,IVANIC GRAD
SUHOPOLJE-1,693135.92,5073660.97,-3561.27,3675.0,3675.0,120.593541284,IVANIC GRAD
SUHOPOLJE-1,693135.92,5073660.97,-3566.27,3680.0,3680.0,120.658416471,IVANIC GRAD
SUHOPOLJE-1,693135.92,5073660.97,-3571.27,3685.0,3685.0,120.722934686,IVANIC GRAD
SUHOPOLJE-1,693135.92,5073660.97,-3576.27,3690.0,3690.0,120.78709786,IVANIC GRAD
SUHOPOLJE-1,693135.92,5073660.97,-3581.27,3695.0,3695.0,120.850907931,IVANIC GRAD
SUHOPOLJE-1,693135.92,5073660.97,-3586.27,3700.0,3700.0,120.914366846,IVANIC GRAD
SUHOPOLJE-1,693135.92,5073660.97,-3591.27,3705.0,3705.0,120.977476557,IVANIC GRAD
SUHOPOLJE-1,693135.92,5073660.97,-3596.27,3710.0,3710.0,121.040239022,IVANIC GRAD
SUHOPOLJE-1,693135.92,5073660.97,-3601.27,3715.0,3715.0,121.102656203,IVANIC GRAD
SUHOPOLJE-1,693135.92,5073660.97,-3606.27,3720.0,3720.0,121.16473007,IVANIC GRAD
SUHOPOLJE-1,693135.92,5073660.97,-3611.27,3725.0,3725.0,121.226462592,IVANIC GRAD
SUHOPOLJE-1,693135.92,5073660.97,-3616.27,3730.0,3730.0,121.287855746,IVANIC GRAD
SUHOPOLJE-1,693135.92,5073660.97,-3621.27,3735.0,3735.0,121.348911508,IVANIC GRAD
SUHOPOLJE-1,693135.92,5073660.97,-3626.27,3740.0,3740.0,121.40963186,IVANIC GRAD
SUHOPOLJE-1,693135.92,5073660.97,-3631.27,3745.0,3745.0,121.470018783,IVANIC GRAD
SUHOPOLJE-1,693135.92,5073660.97,-3636.27,3750.0,3750.0,121.53007426,IVANIC GRAD
SUHOPOLJE-1,693135.92,5073660.97,-3641.27,3755.0,3755.0,121.589800275,IVANIC GRAD
SUHOPOLJE-1,693135.92,5073660.97,-3646.27,3760.0,3760.0,121.649198813,IVANIC GRAD
SUHOPOLJE-1,693135.92,5073660.97,-3651.27,3765.0,3765.0,121.708271856,IVANIC GRAD
SUHOPOLJE-1,693135.92,5073660.97,-3656.27,3770.0,3770.0,121.76702139,IVANIC GRAD
SUHOPOLJE-1,693135.92,5073660.97,-3661.27,3775.0,3775.0,121.825449395,IVANIC GRAD
SUHOPOLJE-1,693135.92,5073660.97,-3666.27,3780.0,3780.0,121.883557853,IVANIC GRAD
SUHOPOLJE-1,693135.92,5073660.97,-3671.27,3785.0,3785.0,121.941348743,IVANIC GRAD
SUHOPOLJE-1,693135.92,5073660.97,-3676.27,3790.0,3790.0,121.998824041,IVANIC GRAD
SUHOPOLJE-1,693135.92,5073660.97,-3681.27,3795.0,3795.0,122.05598572,IVANIC GRAD
SUHOPOLJE-1,693135.92,5073660.97,-3686.27,3800.0,3800.0,122.112835751,IVANIC GRAD
SUHOPOLJE-1,693135.92,5073660.97,-3691.27,3805.0,3805.0,122.169376102,IVANIC GRAD
SUHOPOLJE-1,693135.92,5073660.97,-3696.27,3810.0,3810.0,122.225608735,IVANIC GRAD
SUHOPOLJE-1,693135.92,5073660.97,-3701.27,3815.0,3815.0,122.281535609,IVANIC GRAD
SUHOPOLJE-1,693135.92,5073660.97,-3706.27,3820.0,3820.0,122.337158678,IVANIC GRAD
SUHOPOLJE-1,693135.92,5073660.97,-3711.27,3825.0,3825.0,122.392479893,IVANIC GRAD
SUHOPOLJE-1,693135.92,5073660.97,-3716.27,3830.0,3830.0,122.447501197,IVANIC GRAD
SUHOPOLJE-1,693135.92,5073660.97,-3721.27,3835.0,3835.0,122.502163314,IVANIC GRAD
SUHOPOLJE-1,693135.92,5073660.97,-3726.27,3840.0,3840.0,122.556592746,IVANIC GRAD
SUHOPOLJE-1,693135.92,5073660.97,-3731.27,3845.0,3845.0,122.610728017,IVANIC GRAD
SUHOPOLJE-1,693135.92,5073660.97,-3736.27,3850.0,3850.0,122.664571048,IVANIC GRAD
SUHOPOLJE-1,693135.92,5073660.97,-3741.27,3855.0,3855.0,122.718123752,IVANIC GRAD
SUHOPOLJE-1,693135.92,5073660.97,-3746.27,3860.0,3860.0,122.771388037,IVANIC GRAD
SUHOPOLJE-1,693135.92,5073660.97,-3751.27,3865.0,3865.0,122.824365805,IVANIC GRAD
SUHOPOLJE-1,693135.92,5073660.97,-3756.27,3870.0,3870.0,122.877058947,IVANIC GRAD
SUHOPOLJE-1,693135.92,5073660.97,-3761.27,3875.0,3875.0,122.92946935,IVANIC GRAD
SUHOPOLJE-1,693135.92,5073660.97,-3766.27,3880.0,3880.0,122.981598892,IVANIC GRAD
SUHOPOLJE-1,693135.92,5073660.97,-3771.27,3885.0,3885.0,123.033449442,IVANIC GRAD
SUHOPOLJE-1,693135.92,5073660.97,-3776.27,3890.0,3890.0,123.085022862,IVANIC GRAD
SUHOPOLJE-1,693135.92,5073660.97,-3781.27,3895.0,3895.0,123.136321007,IVANIC GRAD
SUHOPOLJE-1,693135.92,5073660.97,-3786.27,3900.0,3900.0,123.187345721,IVANIC GRAD
SUHOPOLJE-1,693135.92,5073660.97,-3791.27,3905.0,3905.0,123.23809884,IVANIC GRAD
SUHOPOLJE-1,693135.92,5073660.97,-3796.27,3910.0,3910.0,123.288582191,IVANIC GRAD
SUHOPOLJE-1,693135.92,5073660.97,-3801.27,3915.0,3915.0,123.338797595,IVANIC GRAD
SUHOPOLJE-1,693135.92,5073660.97,-3806.27,3920.0,3920.0,123.388746859,IVANIC GRAD
SUHOPOLJE-1,693135.92,5073660.97,-3811.27,3925.0,3925.0,123.438430428,IVANIC GRAD
SUHOPOLJE-1,693135.92,5073660.97,-3816.27,3930.0,3930.0,123.487852814,IVANIC GRAD
SUHOPOLJE-1,693135.92,5073660.97,-3821.27,3935.0,3935.0,123.537014433,IVANIC GRAD
SUHOPOLJE-1,693135.92,5073660.97,-3826.27,3940.0,3940.0,123.585917056,IVANIC GRAD
SUHOPOLJE-1,693135.92,5073660.97,-3831.27,3945.0,3945.0,123.634562447,IVANIC GRAD
SUHOPOLJE-1,693135.92,5073660.97,-3836.27,3950.0,3950.0,123.682952356,IVANIC GRAD
SUHOPOLJE-1,693135.92,5073660.97,-3841.27,3955.0,3955.0,123.731088525,IVANIC GRAD
SUHOPOLJE-1,693135.92,5073660.97,-3846.27,3960.0,3960.0,123.778972687,IVANIC GRAD
SUHOPOLJE-1,693135.92,5073660.97,-3851.27,3965.0,3965.0,123.826606563,IVANIC GRAD
SUHOPOLJE-1,693135.92,5073660.97,-3856.27,3970.0,3970.0,123.873991864,IVANIC GRAD
SUHOPOLJE-1,693135.92,5073660.97,-3861.27,3975.0,3975.0,123.921130293,IVANIC GRAD
SUHOPOLJE-1,693135.92,5073660.97,-3866.27,3980.0,3980.0,123.96802354,IVANIC GRAD
SUHOPOLJE-1,693135.92,5073660.97,-3871.27,3985.0,3985.0,124.014673285,IVANIC GRAD
SUHOPOLJE-1,693135.92,5073660.97,-3876.27,3990.0,3990.0,124.0610812,IVANIC GRAD
SUHOPOLJE-1,693135.92,5073660.97,-3881.27,3995.0,3995.0,124.107248942,IVANIC GRAD
SUHOPOLJE-1,693135.92,5073660.97,-3886.27,4000.0,4000.0,124.153178162,IVANIC GRAD
SUHOPOLJE-1,693135.92,5073660.97,-3891.27,4005.0,4005.0,124.198870498,IVANIC GRAD
SUHOPOLJE-1,693135.92,5073660.97,-3896.27,4010.0,4010.0,124.244327578,IVANIC GRAD
SUHOPOLJE-1,693135.92,5073660.97,-3901.27,4015.0,4015.0,124.289551018,IVANIC GRAD
SUHOPOLJE-1,693135.92,5073660.97,-3906.27,4020.0,4020.0,124.334542426,IVANIC GRAD
SUHOPOLJE-1,693135.92,5073660.97,-3911.27,4025.0,4025.0,124.379303397,IVANIC GRAD
SUHOPOLJE-1,693135.92,5073660.97,-3916.27,4030.0,4030.0,124.423835517,IVANIC GRAD
SUHOPOLJE-1,693135.92,5073660.97,-3921.27,4035.0,4035.0,124.468140358,IVANIC GRAD
SUHOPOLJE-1,693135.92,5073660.97,-3926.27,4040.0,4040.0,124.512219486,IVANIC GRAD
SUHOPOLJE-1,693135.92,5073660.97,-3931.27,4045.0,4045.0,124.556074452,IVANIC GRAD
SUHOPOLJE-1,693135.92,5073660.97,-3936.27,4050.0,4050.0,124.5997068,IVANIC GRAD
SUHOPOLJE-1,693135.92,5073660.97,-3941.27,4055.0,4055.0,124.643118059,IVANIC GRAD
SUHOPOLJE-1,693135.92,5073660.97,-3946.27,4060.0,4060.0,124.686309751,IVANIC GRAD
SUHOPOLJE-1,693135.92,5073660.97,-3951.27,4065.0,4065.0,124.729283385,IVANIC GRAD
SUHOPOLJE-1,693135.92,5073660.97,-3956.27,4070.0,4070.0,124.77204046,IVANIC GRAD
SUHOPOLJE-1,693135.92,5073660.97,-3961.27,4075.0,4075.0,124.814582465,IVANIC GRAD
SUHOPOLJE-1,693135.92,5073660.97,-3966.27,4080.0,4080.0,124.856910877,IVANIC GRAD
SUHOPOLJE-1,693135.92,5073660.97,-3971.27,4085.0,4085.0,124.899027163,IVANIC GRAD
SUHOPOLJE-1,693135.92,5073660.97,-3976.27,4090.0,4090.0,124.940932779,IVANIC GRAD
SUHOPOLJE-1,693135.92,5073660.97,-3981.27,4095.0,4095.0,124.982629171,IVANIC GRAD
SUHOPOLJE-1,693135.92,5073660.97,-3986.27,4100.0,4100.0,125.024117774,IVANIC GRAD
SUHOPOLJE-1,693135.92,5073660.97,-3991.27,4105.0,4105.0,125.065400011,IVANIC GRAD
SUHOPOLJE-1,693135.92,5073660.97,-3996.27,4110.0,4110.0,125.106477298,IVANIC GRAD
SUHOPOLJE-1,693135.92,5073660.97,-4001.27,4115.0,4115.0,125.147351036,IVANIC GRAD
SUHOPOLJE-1,693135.92,5073660.97,-4006.27,4120.0,4120.0,125.188022618,IVANIC GRAD
SUHOPOLJE-1,693135.92,5073660.97,-4011.27,4125.0,4125.0,125.228493428,IVANIC GRAD
SUHOPOLJE-1,693135.92,5073660.97,-4016.27,4130.0,4130.0,125.268764836,IVANIC GRAD
SUHOPOLJE-1,693135.92,5073660.97,-4021.27,4135.0,4135.0,125.308838204,IVANIC GRAD
SUHOPOLJE-1,693135.92,5073660.97,-4026.27,4140.0,4140.0,125.348714884,IVANIC GRAD
SUHOPOLJE-1,693135.92,5073660.97,-4031.27,4145.0,4145.0,125.388396216,IVANIC GRAD
SUHOPOLJE-1,693135.92,5073660.97,-4036.27,4150.0,4150.0,125.42788353,IVANIC GRAD
SUHOPOLJE-1,693135.92,5073660.97,-4041.27,4155.0,4155.0,125.467178147,IVANIC GRAD
SUHOPOLJE-1,693135.92,5073660.97,-4046.27,4160.0,4160.0,125.506281378,IVANIC GRAD
SUHOPOLJE-1,693135.92,5073660.97,-4051.27,4165.0,4165.0,125.545194521,IVANIC GRAD
SUHOPOLJE-1,693135.92,5073660.97,-4056.27,4170.0,4170.0,125.583918868,IVANIC GRAD
SUHOPOLJE-1,693135.92,5073660.97,-4061.27,4175.0,4175.0,125.622455698,IVANIC GRAD
SUHOPOLJE-1,693135.92,5073660.97,-4066.27,4180.0,4180.0,125.660806281,IVANIC GRAD
SUHOPOLJE-1,693135.92,5073660.97,-4071.27,4185.0,4185.0,125.698971878,IVANIC GRAD
SUHOPOLJE-1,693135.92,5073660.97,-4076.27,4190.0,4190.0,125.736953738,IVANIC GRAD
SUHOPOLJE-1,693135.92,5073660.97,-4081.27,4195.0,4195.0,125.774753103,IVANIC GRAD
SUHOPOLJE-1,693135.92,5073660.97,-4086.27,4200.0,4200.0,125.812371203,IVANIC GRAD
SUHOPOLJE-1,693135.92,5073660.97,-4091.27,4205.0,4205.0,125.849809259,IVANIC GRAD
SUHOPOLJE-1,693135.92,5073660.97,-4096.27,4210.0,4210.0,125.887068482,IVANIC GRAD
SUHOPOLJE-1,693135.92,5073660.97,-4101.27,4215.0,4215.0,125.924158348,IVANIC GRAD
SUHOPOLJE-1,693135.92,5073660.97,-4106.27,4220.0,4220.0,125.961063358,IVANIC GRAD
SUHOPOLJE-1,693135.92,5073660.97,-4111.27,4225.0,4225.0,125.997793116,IVANIC GRAD
SUHOPOLJE-1,693135.92,5073660.97,-4116.27,4230.0,4230.0,126.034348794,IVANIC GRAD
SUHOPOLJE-1,693135.92,5073660.97,-4121.27,4235.0,4235.0,126.070731557,IVANIC GRAD
SUHOPOLJE-1,693135.92,5073660.97,-4126.27,4240.0,4240.0,126.10694256,IVANIC GRAD
SUHOPOLJE-1,693135.92,5073660.97,-4131.27,4245.0,4245.0,126.142982949,IVANIC GRAD
SUHOPOLJE-1,693135.92,5073660.97,-4136.27,4250.0,4250.0,126.178853861,IVANIC GRAD
SUHOPOLJE-1,693135.92,5073660.97,-4141.27,4255.0,4255.0,126.214556423,IVANIC GRAD
SUHOPOLJE-1,693135.92,5073660.97,-4146.27,4260.0,4260.0,126.250091754,IVANIC GRAD
SUHOPOLJE-1,693135.92,5073660.97,-4151.27,4265.0,4265.0,126.285460962,IVANIC GRAD
SUHOPOLJE-1,693135.92,5073660.97,-4156.27,4270.0,4270.0,126.32066515,IVANIC GRAD
SUHOPOLJE-1,693135.92,5073660.97,-4161.27,4275.0,4275.0,126.355705409,IVANIC GRAD
SUHOPOLJE-1,693135.92,5073660.97,-4166.27,4280.0,4280.0,126.390582823,IVANIC GRAD
SUHOPOLJE-1,693135.92,5073660.97,-4171.27,4285.0,4285.0,126.425298465,IVANIC GRAD
SUHOPOLJE-1,693135.92,5073660.97,-4176.27,4290.0,4290.0,126.459853401,IVANIC GRAD
SUHOPOLJE-1,693135.92,5073660.97,-4181.27,4295.0,4295.0,126.49424869,IVANIC GRAD
SUHOPOLJE-1,693135.92,5073660.97,-4186.27,4300.0,4300.0,126.528485379,IVANIC GRAD
SUHOPOLJE-1,693135.92,5073660.97,-4191.27,4305.0,4305.0,126.562620807,IVANIC GRAD
SUHOPOLJE-1,693135.92,5073660.97,-4196.27,4310.0,4310.0,126.596542932,IVANIC GRAD
SUHOPOLJE-1,693135.92,5073660.97,-4201.27,4315.0,4315.0,126.630309551,IVANIC GRAD
SUHOPOLJE-1,693135.92,5073660.97,-4206.27,4320.0,4320.0,126.663921681,IVANIC GRAD
SUHOPOLJE-1,693135.92,5073660.97,-4211.27,4325.0,4325.0,126.697380328,IVANIC GRAD
SUHOPOLJE-1,693135.92,5073660.97,-4216.27,4330.0,4330.0,126.730686492,IVANIC GRAD
SUHOPOLJE-1,693135.92,5073660.97,-4221.27,4335.0,4335.0,126.763841166,IVANIC GRAD
SUHOPOLJE-1,693135.92,5073660.97,-4226.27,4340.0,4340.0,126.796845331,IVANIC GRAD
SUHOPOLJE-1,693135.92,5073660.97,-4231.27,4345.0,4345.0,126.829699965,IVANIC GRAD
SUHOPOLJE-1,693135.92,5073660.97,-4236.27,4350.0,4350.0,126.862406034,IVANIC GRAD
SUHOPOLJE-1,693135.92,5073660.97,-4241.27,4355.0,4355.0,126.894964499,IVANIC GRAD
SUHOPOLJE-1,693135.92,5073660.97,-4246.27,4360.0,4360.0,126.927376311,IVANIC GRAD
SUHOPOLJE-1,693135.92,5073660.97,-4251.27,4365.0,4365.0,126.959642415,IVANIC GRAD
SUHOPOLJE-1,693135.92,5073660.97,-4256.27,4370.0,4370.0,126.991763748,IVANIC GRAD
SUHOPOLJE-1,693135.92,5073660.97,-4261.27,4375.0,4375.0,127.02374124,IVANIC GRAD
SUHOPOLJE-1,693135.92,5073660.97,-4266.27,4380.0,4380.0,127.055575812,IVANIC GRAD
SUHOPOLJE-1,693135.92,5073660.97,-4271.27,4385.0,4385.0,127.087268378,IVANIC GRAD
SUHOPOLJE-1,693135.92,5073660.97,-4276.27,4390.0,4390.0,127.118819846,IVANIC GRAD
SUHOPOLJE-1,693135.92,5073660.97,-4281.27,4395.0,4395.0,127.150231116,IVANIC GRAD
SUHOPOLJE-1,693135.92,5073660.97,-4286.27,4400.0,4400.0,127.18150308,IVANIC GRAD
SUHOPOLJE-1,693135.92,5073660.97,-4291.27,4405.0,4405.0,127.212636623,IVANIC GRAD
SUHOPOLJE-1,693135.92,5073660.97,-4296.27,4410.0,4410.0,127.243632624,IVANIC GRAD
SUHOPOLJE-1,693135.92,5073660.97,-4301.27,4415.0,4415.0,127.274491955,IVANIC GRAD
SUHOPOLJE-1,693135.92,5073660.97,-4306.27,4420.0,4420.0,127.305215478,IVANIC GRAD
SUHOPOLJE-1,693135.92,5073660.97,-4311.27,4425.0,4425.0,127.335804052,IVANIC GRAD
SUHOPOLJE-1,693135.92,5073660.97,-4316.27,4430.0,4430.0,127.366258527,IVANIC GRAD
SUHOPOLJE-1,693135.92,5073660.97,-4321.27,4435.0,4435.0,127.396579747,IVANIC GRAD
SUHOPOLJE-1,693135.92,5073660.97,-4326.27,4440.0,4440.0,127.426768549,IVANIC GRAD
SUHOPOLJE-1,693135.92,5073660.97,-4331.27,4445.0,4445.0,127.456825763,IVANIC GRAD
SUHOPOLJE-1,693135.92,5073660.97,-4336.27,4450.0,4450.0,127.486752212,IVANIC GRAD
SUHOPOLJE-1,693135.92,5073660.97,-4341.27,4455.0,4455.0,127.516548714,IVANIC GRAD
SUHOPOLJE-1,693135.92,5073660.97,-4346.27,4460.0,4460.0,127.546218937,IVANIC GRAD
SUHOPOLJE-1,693135.92,5073660.97,-4351.27,4465.0,4465.0,127.575757944,MOSLAVACKA GORA
SUHOPOLJE-1,693135.92,5073660.97,-4356.27,4470.0,4470.0,127.605169416,MOSLAVACKA GORA
SUHOPOLJE-1,693135.92,5073660.97,-4361.27,4475.0,4475.0,127.634454145,MOSLAVACKA GORA
SUHOPOLJE-1,693135.92,5073660.97,-4366.27,4480.0,4480.0,127.663612915,MOSLAVACKA GORA
SUHOPOLJE-1,693135.92,5073660.97,-4371.27,4485.0,4485.0,127.692646505,MOSLAVACKA GORA
SUHOPOLJE-1,693135.92,5073660.97,-4376.27,4490.0,4490.0,127.721555688,MOSLAVACKA GORA
SUHOPOLJE-1,693135.92,5073660.97,-4381.27,4495.0,4495.0,127.75034123,MOSLAVACKA GORA
SUHOPOLJE-1,693135.92,5073660.97,-4386.27,4500.0,4500.0,127.779003892,MOSLAVACKA GORA
SUHOPOLJE-1,693135.92,5073660.97,-4391.27,4505.0,4505.0,127.807544428,MOSLAVACKA GORA
SUHOPOLJE-1,693135.92,5073660.97,-4396.27,4510.0,4510.0,127.835963587,MOSLAVACKA GORA
SUHOPOLJE-1,693135.92,5073660.97,-4401.27,4515.0,4515.0,127.864262112,MOSLAVACKA GORA
SUHOPOLJE-1,693135.92,5073660.97,-4406.27,4520.0,4520.0,127.892440739,MOSLAVACKA GORA
SUHOPOLJE-1,693135.92,5073660.97,-4411.27,4525.0,4525.0,127.920500199,MOSLAVACKA GORA
SUHOPOLJE-1,693135.92,5073660.97,-4416.27,4530.0,4530.0,127.948441217,MOSLAVACKA GORA
SUHOPOLJE-1,693135.92,5073660.97,-4421.27,4535.0,4535.0,127.976264513,MOSLAVACKA GORA
SUHOPOLJE-1,693135.92,5073660.97,-4426.27,4540.0,4540.0,128.003970801,MOSLAVACKA GORA
SUHOPOLJE-1,693135.92,5073660.97,-4431.27,4545.0,4545.0,128.031560789,MOSLAVACKA GORA
SUHOPOLJE-1,693135.92,5073660.97,-4436.27,4550.0,4550.0,128.05903518,MOSLAVACKA GORA
SUHOPOLJE-1,693135.92,5073660.97,-4441.27,4555.0,4555.0,128.08639467,MOSLAVACKA GORA
SUHOPOLJE-1,693135.92,5073660.97,-4446.27,4560.0,4560.0,128.113639953,MOSLAVACKA GORA
SUHOPOLJE-1,693135.92,5073660.97,-4451.27,4565.0,4565.0,128.140771714,MOSLAVACKA GORA
SUHOPOLJE-1,693135.92,5073660.97,-4456.27,4570.0,4570.0,128.167790634,MOSLAVACKA GORA
SUHOPOLJE-1,693135.92,5073660.97,-4461.27,4575.0,4575.0,128.19469739,MOSLAVACKA GORA
SUHOPOLJE-1,693135.92,5073660.97,-4466.27,4580.0,4580.0,128.221492651,MOSLAVACKA GORA
SUHOPOLJE-1,693135.92,5073660.97,-4471.27,4585.0,4585.0,128.248177083,MOSLAVACKA GORA
SUHOPOLJE-1,693135.92,5073660.97,-4476.27,4590.0,4590.0,128.274751347,MOSLAVACKA GORA
SUHOPOLJE-1,693135.92,5073660.97,-4481.27,4595.0,4595.0,128.301216097,MOSLAVACKA GORA
SUHOPOLJE-1,693135.92,5073660.97,-4486.27,4600.0,4600.0,128.327571983,MOSLAVACKA GORA
SUHOPOLJE-1,693135.92,5073660.97,-4491.27,4605.0,4605.0,128.353819651,MOSLAVACKA GORA
SUHOPOLJE-1,693135.92,5073660.97,-4496.27,4610.0,4610.0,128.37995974,MOSLAVACKA GORA
SUHOPOLJE-1,693135.92,5073660.97,-4501.27,4615.0,4615.0,128.405992886,MOSLAVACKA GORA
SUHOPOLJE-1,693135.92,5073660.97,-4506.27,4620.0,4620.0,128.431919719,MOSLAVACKA GORA
SUHOPOLJE-1,693135.92,5073660.97,-4511.27,4625.0,4625.0,128.457740864,MOSLAVACKA GORA
SUHOPOLJE-1,693135.92,5073660.97,-4516.27,4630.0,4630.0,128.483456942,MOSLAVACKA GORA
SUHOPOLJE-1,693135.92,5073660.97,-4521.27,4635.0,4635.0,128.509068569,MOSLAVACKA GORA
SUHOPOLJE-1,693135.92,5073660.97,-4526.27,4640.0,4640.0,128.534576356,MOSLAVACKA GORA
SUHOPOLJE-1,693135.92,5073660.97,-4531.27,4645.0,4645.0,128.55998091,MOSLAVACKA GORA
SUHOPOLJE-1,693135.92,5073660.97,-4536.27,4650.0,4650.0,128.58525291,MOSLAVACKA GORA
SUHOPOLJE-1,693135.92,5073660.97,-4541.27,4655.0,4655.0,128.610453135,MOSLAVACKA GORA
SUHOPOLJE-1,693135.92,5073660.97,-4546.27,4660.0,4660.0,128.635551915,MOSLAVACKA GORA
SUHOPOLJE-1,693135.92,5073660.97,-4551.27,4665.0,4665.0,128.660549839,MOSLAVACKA GORA
SUHOPOLJE-1,693135.92,5073660.97,-4556.27,4670.0,4670.0,128.685447492,MOSLAVACKA GORA
SUHOPOLJE-1,693135.92,5073660.97,-4561.27,4675.0,4675.0,128.710245451,MOSLAVACKA GORA
SUHOPOLJE-1,693135.92,5073660.97,-4566.27,4680.0,4680.0,128.734944294,MOSLAVACKA GORA
SUHOPOLJE-1,693135.92,5073660.97,-4571.27,4685.0,4685.0,128.759544589,MOSLAVACKA GORA
SUHOPOLJE-1,693135.92,5073660.97,-4576.27,4690.0,4690.0,128.784046904,MOSLAVACKA GORA
SUHOPOLJE-1,693135.92,5073660.97,-4581.27,4695.0,4695.0,128.8084518,MOSLAVACKA GORA
SUHOPOLJE-1,693135.92,5073660.97,-4586.27,4700.0,4700.0,128.832759836,MOSLAVACKA GORA
SUHOPOLJE-1,693135.92,5073660.97,-4591.27,4705.0,4705.0,128.856971566,MOSLAVACKA GORA
SUHOPOLJE-1,693135.92,5073660.97,-4596.27,4710.0,4710.0,128.881087539,MOSLAVACKA GORA
SUHOPOLJE-1,693135.92,5073660.97,-4601.27,4715.0,4715.0,128.905108301,MOSLAVACKA GORA
SUHOPOLJE-1,693135.92,5073660.97,-4606.27,4720.0,4720.0,128.929034393,MOSLAVACKA GORA
SUHOPOLJE-1,693135.92,5073660.97,-4611.27,4725.0,4725.0,128.952866352,MOSLAVACKA GORA
SUHOPOLJE-1,693135.92,5073660.97,-4616.27,4730.0,4730.0,128.976604713,MOSLAVACKA GORA
SUHOPOLJE-1,693135.92,5073660.97,-4621.27,4735.0,4735.0,129.000250004,MOSLAVACKA GORA
SUHOPOLJE-1,693135.92,5073660.97,-4626.27,4740.0,4740.0,129.023802752,MOSLAVACKA GORA
SUHOPOLJE-1,693135.92,5073660.97,-4631.27,4745.0,4745.0,129.047263478,MOSLAVACKA GORA
SUHOPOLJE-1,693135.92,5073660.97,-4636.27,4750.0,4750.0,129.0706327,MOSLAVACKA GORA
SUHOPOLJE-1,693135.92,5073660.97,-4641.27,4755.0,4755.0,129.093910931,MOSLAVACKA GORA
SUHOPOLJE-1,693135.92,5073660.97,-4646.27,4760.0,4760.0,129.117098683,MOSLAVACKA GORA
SUHOPOLJE-1,693135.92,5073660.97,-4651.27,4765.0,4765.0,129.140196461,MOSLAVACKA GORA
SUHOPOLJE-1,693135.92,5073660.97,-4656.27,4770.0,4770.0,129.163204769,MOSLAVACKA GORA
SUHOPOLJE-1,693135.92,5073660.97,-4661.27,4775.0,4775.0,129.186124105,MOSLAVACKA GORA
SUHOPOLJE-1,693135.92,5073660.97,-4666.27,4780.0,4780.0,129.208954966,MOSLAVACKA GORA
SUHOPOLJE-1,693135.92,5073660.97,-4671.27,4785.0,4785.0,129.231697842,MOSLAVACKA GORA
SUHOPOLJE-1,693135.92,5073660.97,-4676.27,4790.0,4790.0,129.254353223,MOSLAVACKA GORA
SUHOPOLJE-1,693135.92,5073660.97,-4681.27,4795.0,4795.0,129.276921592,MOSLAVACKA GORA
SUHOPOLJE-1,693135.92,5073660.97,-4686.27,4800.0,4800.0,129.299403432,MOSLAVACKA GORA
SUHOPOLJE-1,693135.92,5073660.97,-4691.27,4805.0,4805.0,129.321799219,MOSLAVACKA GORA
SUHOPOLJE-1,693135.92,5073660.97,-4696.27,4810.0,4810.0,129.344109429,MOSLAVACKA GORA
SUHOPOLJE-1,693135.92,5073660.97,-4701.27,4815.0,4815.0,129.366334531,MOSLAVACKA GORA
SUHOPOLJE-1,693135.92,5073660.97,-4706.27,4820.0,4820.0,129.388474994,MOSLAVACKA GORA
SUHOPOLJE-1,693135.92,5073660.97,-4711.27,4825.0,4825.0,129.410531281,MOSLAVACKA GORA
SUHOPOLJE-1,693135.92,5073660.97,-4716.27,4830.0,4830.0,129.432503853,MOSLAVACKA GORA
SUHOPOLJE-1,693135.92,5073660.97,-4721.27,4835.0,4835.0,129.454393168,MOSLAVACKA GORA
SUHOPOLJE-1,693135.92,5073660.97,-4726.27,4840.0,4840.0,129.476199679,MOSLAVACKA GORA
SUHOPOLJE-1,693135.92,5073660.97,-4731.27,4845.0,4845.0,129.497923838,MOSLAVACKA GORA
SUHOPOLJE-1,693135.92,5073660.97,-4736.27,4850.0,4850.0,129.519566093,MOSLAVACKA GORA
SUHOPOLJE-1,693135.92,5073660.97,-4741.27,4855.0,4855.0,129.541126887,MOSLAVACKA GORA
SUHOPOLJE-1,693135.92,5073660.97,-4746.27,4860.0,4860.0,129.562606662,MOSLAVACKA GORA
SUHOPOLJE-1,693135.92,5073660.97,-4751.27,4865.0,4865.0,129.584005856,MOSLAVACKA GORA
SUHOPOLJE-1,693135.92,5073660.97,-4756.27,4870.0,4870.0,129.605324904,MOSLAVACKA GORA
SUHOPOLJE-1,693135.92,5073660.97,-4761.27,4875.0,4875.0,129.626564239,MOSLAVACKA GORA
SUHOPOLJE-1,693135.92,5073660.97,-4766.27,4880.0,4880.0,129.647724288,MOSLAVACKA GORA
SUHOPOLJE-1,693135.92,5073660.97,-4771.27,4885.0,4885.0,129.668805479,MOSLAVACKA GORA
SUHOPOLJE-1,693135.92,5073660.97,-4776.27,4890.0,4890.0,129.689808234,MOSLAVACKA GORA
SUHOPOLJE-1,693135.92,5073660.97,-4781.27,4895.0,4895.0,129.710732972,MOSLAVACKA GORA
SUHOPOLJE-1,693135.92,5073660.97,-4786.27,4900.0,4900.0,129.731580111,MOSLAVACKA GORA
SUHOPOLJE-1,693135.92,5073660.97,-4791.27,4905.0,4905.0,129.752350065,MOSLAVACKA GORA
SUHOPOLJE-1,693135.92,5073660.97,-4796.27,4910.0,4910.0,129.773043245,MOSLAVACKA GORA
SUHOPOLJE-1,693135.92,5073660.97,-4801.27,4915.0,4915.0,129.793660059,MOSLAVACKA GORA
SUHOPOLJE-1,693135.92,5073660.97,-4806.27,4920.0,4920.0,129.814200913,MOSLAVACKA GORA
SUHOPOLJE-1,693135.92,5073660.97,-4811.27,4925.0,4925.0,129.834666209,MOSLAVACKA GORA
SUHOPOLJE-1,693135.92,5073660.97,-4816.27,4930.0,4930.0,129.855056347,MOSLAVACKA GORA
SUHOPOLJE-1,693135.92,5073660.97,-4821.27,4935.0,4935.0,129.875371724,MOSLAVACKA GORA
SUHOPOLJE-1,693135.92,5073660.97,-4826.27,4940.0,4940.0,129.895612734,MOSLAVACKA GORA
SUHOPOLJE-1,693135.92,5073660.97,-4831.27,4945.0,4945.0,129.915779769,MOSLAVACKA GORA
SUHOPOLJE-1,693135.92,5073660.97,-4836.27,4950.0,4950.0,129.935873218,MOSLAVACKA GORA
SUHOPOLJE-1,693135.92,5073660.97,-4841.27,4955.0,4955.0,129.955893466,MOSLAVACKA GORA
SUHOPOLJE-1,693135.92,5073660.97,-4846.27,4960.0,4960.0,129.975840898,MOSLAVACKA GORA
SUHOPOLJE-1,693135.92,5073660.97,-4851.27,4965.0,4965.0,129.995715894,MOSLAVACKA GORA
SUHOPOLJE-1,693135.92,5073660.97,-4856.27,4970.0,4970.0,130.015518831,MOSLAVACKA GORA
SUHOPOLJE-1,693135.92,5073660.97,-4861.27,4975.0,4975.0,130.035250087,MOSLAVACKA GORA
SUHOPOLJE-1,693135.92,5073660.97,-4866.27,4980.0,4980.0,130.054910034,MOSLAVACKA GORA
SUHOPOLJE-1,693135.92,5073660.97,-4871.27,4985.0,4985.0,130.074499042,MOSLAVACKA GORA
SUHOPOLJE-1,693135.92,5073660.97,-4873.77,4987.5,4987.5,130.084267059,MOSLAVACKA GORA
