holeid,x,y,z,MD,TVD,PERM,POR,GM_lthology
REZOVACCKE-1_planed,689340.71,5072557.33,144.16,0.0,0.0,49.0218505046,41.7468177625,Marls and Sandstones
REZOVACCKE-1_planed,689340.71,5072557.33,139.16,5.0,5.0,49.0391187795,41.7560634269,Marls and Sandstones
REZOVACCKE-1_planed,689340.71,5072557.33,134.16,10.0,10.0,49.0564380252,41.7653268356,Marls and Sandstones
REZOVACCKE-1_planed,689340.71,5072557.33,129.16,15.0,15.0,49.0738085128,41.77460802,Marls and Sandstones
REZOVACCKE-1_planed,689340.71,5072557.33,124.16,20.0,20.0,49.0912305155,41.7839070112,Marls and Sandstones
REZOVACCKE-1_planed,689340.71,5072557.33,119.16,25.0,25.0,49.1087043088,41.7932265032,Marls and Sandstones
REZOVACCKE-1_planed,689340.71,5072557.33,114.16,30.0,30.0,49.1262301703,41.8025612608,Marls and Sandstones
REZOVACCKE-1_planed,689340.71,5072557.33,109.16,35.0,35.0,49.14380838,41.8119139197,Marls and Sandstones
REZOVACCKE-1_planed,689340.71,5072557.33,104.16,40.0,40.0,49.16143922,41.8212845107,Marls and Sandstones
REZOVACCKE-1_planed,689340.71,5072557.33,99.16,45.0,45.0,49.1791229747,41.8306730645,Marls and Sandstones
REZOVACCKE-1_planed,689340.71,5072557.33,94.16,50.0,50.0,49.196859931,41.8400796118,Marls and Sandstones
REZOVACCKE-1_planed,689340.71,5072557.33,89.16,55.0,55.0,49.2146503777,41.849504183,Marls and Sandstones
REZOVACCKE-1_planed,689340.71,5072557.33,84.16,60.0,60.0,49.2324946065,41.8589468083,Marls and Sandstones
REZOVACCKE-1_planed,689340.71,5072557.33,79.16,65.0,65.0,49.2503929109,41.8684075179,Marls and Sandstones
REZOVACCKE-1_planed,689340.71,5072557.33,74.16,70.0,70.0,49.2683455873,41.877886342,Marls and Sandstones
REZOVACCKE-1_planed,689340.71,5072557.33,69.16,75.0,75.0,49.2863529341,41.8873833103,Marls and Sandstones
REZOVACCKE-1_planed,689340.71,5072557.33,64.16,80.0,80.0,49.3044152524,41.8968984526,Marls and Sandstones
REZOVACCKE-1_planed,689340.71,5072557.33,59.16,85.0,85.0,49.3225328455,41.9064317984,Marls and Sandstones
REZOVACCKE-1_planed,689340.71,5072557.33,54.16,90.0,90.0,49.3407060195,41.9159833771,Marls and Sandstones
REZOVACCKE-1_planed,689340.71,5072557.33,49.16,95.0,95.0,49.3589350826,41.9255532181,Marls and Sandstones
REZOVACCKE-1_planed,689340.71,5072557.33,44.16,100.0,100.0,49.3772203458,41.9351413502,Marls and Sandstones
REZOVACCKE-1_planed,689340.71,5072557.33,39.16,105.0,105.0,49.3955621226,41.9447478025,Marls and Sandstones
REZOVACCKE-1_planed,689340.71,5072557.33,34.16,110.0,110.0,49.413960729,41.9543726035,Marls and Sandstones
REZOVACCKE-1_planed,689340.71,5072557.33,29.16,115.0,115.0,49.4324164834,41.9640157818,Marls and Sandstones
REZOVACCKE-1_planed,689340.71,5072557.33,24.16,120.0,120.0,49.4509297071,41.9736773656,Marls and Sandstones
REZOVACCKE-1_planed,689340.71,5072557.33,19.16,125.0,125.0,49.469500724,41.9833560715,Marls and Sandstones
REZOVACCKE-1_planed,689340.71,5072557.33,14.16,130.0,130.0,49.4881298604,41.9930545232,Marls and Sandstones
REZOVACCKE-1_planed,689340.71,5072557.33,9.16,135.0,135.0,49.5068174454,42.0027714633,Marls and Sandstones
REZOVACCKE-1_planed,689340.71,5072557.33,4.16,140.0,140.0,49.5255638109,42.0125069194,Marls and Sandstones
REZOVACCKE-1_planed,689340.71,5072557.33,-0.84,145.0,145.0,49.5443692913,42.0222609184,Marls and Sandstones
REZOVACCKE-1_planed,689340.71,5072557.33,-5.84,150.0,150.0,49.5632342238,42.0320334874,Marls and Sandstones
REZOVACCKE-1_planed,689340.71,5072557.33,-10.84,155.0,155.0,49.5821589486,42.041824653,Marls and Sandstones
REZOVACCKE-1_planed,689340.71,5072557.33,-15.84,160.0,160.0,49.6011438083,42.0516344416,Marls and Sandstones
REZOVACCKE-1_planed,689340.71,5072557.33,-20.84,165.0,165.0,49.6201891484,42.0614628793,Marls and Sandstones
REZOVACCKE-1_planed,689340.71,5072557.33,-25.84,170.0,170.0,49.6392953175,42.0713099919,Marls and Sandstones
REZOVACCKE-1_planed,689340.71,5072557.33,-30.84,175.0,175.0,49.6584626666,42.081175805,Marls and Sandstones
REZOVACCKE-1_planed,689340.71,5072557.33,-35.84,180.0,180.0,49.67769155,42.0910603439,Marls and Sandstones
REZOVACCKE-1_planed,689340.71,5072557.33,-40.84,185.0,185.0,49.6969823245,42.1009636336,Marls and Sandstones
REZOVACCKE-1_planed,689340.71,5072557.33,-45.84,190.0,190.0,49.7163353501,42.1108856986,Marls and Sandstones
REZOVACCKE-1_planed,689340.71,5072557.33,-50.84,195.0,195.0,49.7357509897,42.1208265632,Marls and Sandstones
REZOVACCKE-1_planed,689340.71,5072557.33,-55.84,200.0,200.0,49.7552296089,42.1307862516,Marls and Sandstones
REZOVACCKE-1_planed,689340.71,5072557.33,-60.84,205.0,205.0,49.7747715766,42.1407647873,Marls and Sandstones
REZOVACCKE-1_planed,689340.71,5072557.33,-65.84,210.0,210.0,49.7943772645,42.1507621936,Marls and Sandstones
REZOVACCKE-1_planed,689340.71,5072557.33,-70.84,215.0,215.0,49.8140470474,42.1607784934,Marls and Sandstones
REZOVACCKE-1_planed,689340.71,5072557.33,-75.84,220.0,220.0,49.8337806344,42.1708137093,Marls and Sandstones
REZOVACCKE-1_planed,689340.71,5072557.33,-80.84,225.0,225.0,49.8535797366,42.1808678634,Marls and Sandstones
REZOVACCKE-1_planed,689340.71,5072557.33,-85.84,230.0,230.0,49.8734440765,42.1909409775,Marls and Sandstones
REZOVACCKE-1_planed,689340.71,5072557.33,-90.84,235.0,235.0,49.8933740413,42.201033073,Marls and Sandstones
REZOVACCKE-1_planed,689340.71,5072557.33,-95.84,240.0,240.0,49.9133700211,42.2111441707,Marls and Sandstones
REZOVACCKE-1_planed,689340.71,5072557.33,-100.84,245.0,245.0,49.9334324093,42.2212742912,Marls and Sandstones
REZOVACCKE-1_planed,689340.71,5072557.33,-105.84,250.0,250.0,49.9535616026,42.2314234545,Marls and Sandstones
REZOVACCKE-1_planed,689340.71,5072557.33,-110.84,255.0,255.0,49.9737580006,42.2415916802,Marls and Sandstones
REZOVACCKE-1_planed,689340.71,5072557.33,-115.84,260.0,260.0,49.9940220065,42.2517789873,Marls and Sandstones
REZOVACCKE-1_planed,689340.71,5072557.33,-120.84,265.0,265.0,50.0143540263,42.2619853945,Marls and Sandstones
REZOVACCKE-1_planed,689340.71,5072557.33,-125.84,270.0,270.0,50.0347544696,42.2722109199,Marls and Sandstones
REZOVACCKE-1_planed,689340.71,5072557.33,-130.84,275.0,275.0,50.0552242125,42.2824555811,Marls and Sandstones
REZOVACCKE-1_planed,689340.71,5072557.33,-135.84,280.0,280.0,50.0757627514,42.2927193952,Marls and Sandstones
REZOVACCKE-1_planed,689340.71,5072557.33,-140.84,285.0,285.0,50.0963705581,42.3030023786,Marls and Sandstones
REZOVACCKE-1_planed,689340.71,5072557.33,-145.84,290.0,290.0,50.1170488578,42.3133045472,Marls and Sandstones
REZOVACCKE-1_planed,689340.71,5072557.33,-150.84,295.0,295.0,50.1377976782,42.3236259165,Marls and Sandstones
REZOVACCKE-1_planed,689340.71,5072557.33,-155.84,300.0,300.0,50.1586174489,42.3339665012,Marls and Sandstones
REZOVACCKE-1_planed,689340.71,5072557.33,-160.84,305.0,305.0,50.1795086026,42.3443263155,Marls and Sandstones
REZOVACCKE-1_planed,689340.71,5072557.33,-165.84,310.0,310.0,50.2004715757,42.3547053728,Marls and Sandstones
REZOVACCKE-1_planed,689340.71,5072557.33,-170.84,315.0,315.0,50.221506808,42.365103686,Marls and Sandstones
REZOVACCKE-1_planed,689340.71,5072557.33,-175.84,320.0,320.0,50.2426147428,42.3755212672,Marls and Sandstones
REZOVACCKE-1_planed,689340.71,5072557.33,-180.84,325.0,325.0,50.2637958268,42.3859581281,Marls and Sandstones
REZOVACCKE-1_planed,689340.71,5072557.33,-185.84,330.0,330.0,50.2850505102,42.3964142793,Marls and Sandstones
REZOVACCKE-1_planed,689340.71,5072557.33,-190.84,335.0,335.0,50.3063792467,42.406889731,Marls and Sandstones
REZOVACCKE-1_planed,689340.71,5072557.33,-195.84,340.0,340.0,50.3277824937,42.4173844924,Marls and Sandstones
REZOVACCKE-1_planed,689340.71,5072557.33,-200.84,345.0,345.0,50.3492607119,42.427898572,Marls and Sandstones
REZOVACCKE-1_planed,689340.71,5072557.33,-205.84,350.0,350.0,50.3708143659,42.4384319777,Marls and Sandstones
REZOVACCKE-1_planed,689340.71,5072557.33,-210.84,355.0,355.0,50.3924439234,42.4489847163,Marls and Sandstones
REZOVACCKE-1_planed,689340.71,5072557.33,-215.84,360.0,360.0,50.4141498562,42.4595567939,Marls and Sandstones
REZOVACCKE-1_planed,689340.71,5072557.33,-220.84,365.0,365.0,50.4359326395,42.4701482158,Marls and Sandstones
REZOVACCKE-1_planed,689340.71,5072557.33,-225.84,370.0,370.0,50.457792752,42.4807589863,Marls and Sandstones
REZOVACCKE-1_planed,689340.71,5072557.33,-230.84,375.0,375.0,50.4797306763,42.4913891088,Marls and Sandstones
REZOVACCKE-1_planed,689340.71,5072557.33,-235.84,380.0,380.0,50.5017468985,42.5020385858,Marls and Sandstones
REZOVACCKE-1_planed,689340.71,5072557.33,-240.84,385.0,385.0,50.5238419083,42.5127074189,Marls and Sandstones
REZOVACCKE-1_planed,689340.71,5072557.33,-245.84,390.0,390.0,50.5460161994,42.5233956085,Marls and Sandstones
REZOVACCKE-1_planed,689340.71,5072557.33,-250.84,395.0,395.0,50.5682702687,42.5341031543,Marls and Sandstones
REZOVACCKE-1_planed,689340.71,5072557.33,-255.84,400.0,400.0,50.5906046174,42.5448300547,Marls and Sandstones
REZOVACCKE-1_planed,689340.71,5072557.33,-260.84,405.0,405.0,50.6130197498,42.5555763071,Marls and Sandstones
REZOVACCKE-1_planed,689340.71,5072557.33,-265.84,410.0,410.0,50.6355161745,42.5663419079,Marls and Sandstones
REZOVACCKE-1_planed,689340.71,5072557.33,-270.84,415.0,415.0,50.6580944034,42.5771268521,Marls and Sandstones
REZOVACCKE-1_planed,689340.71,5072557.33,-275.84,420.0,420.0,50.6807549524,42.5879311339,Marls and Sandstones
REZOVACCKE-1_planed,689340.71,5072557.33,-280.84,425.0,425.0,50.7034983409,42.5987547461,Marls and Sandstones
REZOVACCKE-1_planed,689340.71,5072557.33,-285.84,430.0,430.0,50.7263250924,42.6095976802,Marls and Sandstones
REZOVACCKE-1_planed,689340.71,5072557.33,-290.84,435.0,435.0,50.7492357338,42.6204599266,Marls and Sandstones
REZOVACCKE-1_planed,689340.71,5072557.33,-295.84,440.0,440.0,50.7722309586,42.6313414744,Marls and Sandstones
REZOVACCKE-1_planed,689340.71,5072557.33,-300.84,445.0,445.0,50.7953109772,42.6422423112,Marls and Sandstones
REZOVACCKE-1_planed,689340.71,5072557.33,-305.84,450.0,450.0,50.8184764896,42.6531624234,Marls and Sandstones
REZOVACCKE-1_planed,689340.71,5072557.33,-310.84,455.0,455.0,50.841728038,42.664101796,Marls and Sandstones
REZOVACCKE-1_planed,689340.71,5072557.33,-315.84,460.0,460.0,50.8650661682,42.6750604125,Marls and Sandstones
REZOVACCKE-1_planed,689340.71,5072557.33,-320.84,465.0,465.0,50.8884914301,42.6860382549,Marls and Sandstones
REZOVACCKE-1_planed,689340.71,5072557.33,-325.84,470.0,470.0,50.9120043771,42.6970353037,Marls and Sandstones
REZOVACCKE-1_planed,689340.71,5072557.33,-330.84,475.0,475.0,50.9356055664,42.7080515379,Marls and Sandstones
REZOVACCKE-1_planed,689340.71,5072557.33,-335.84,480.0,480.0,50.9592955591,42.7190869349,Marls and Sandstones
REZOVACCKE-1_planed,689340.71,5072557.33,-340.84,485.0,485.0,50.9830749199,42.7301414705,Marls and Sandstones
REZOVACCKE-1_planed,689340.71,5072557.33,-345.84,490.0,490.0,51.0069442174,42.7412151185,Marls and Sandstones
REZOVACCKE-1_planed,689340.71,5072557.33,-350.84,495.0,495.0,51.0309040239,42.7523078515,Marls and Sandstones
REZOVACCKE-1_planed,689340.71,5072557.33,-355.84,500.0,500.0,51.0549549153,42.76341964,Marls and Sandstones
REZOVACCKE-1_planed,689340.71,5072557.33,-360.84,505.0,505.0,51.0790974714,42.7745504526,Marls and Sandstones
REZOVACCKE-1_planed,689340.71,5072557.33,-365.84,510.0,510.0,51.1033322757,42.7857002563,Marls and Sandstones
REZOVACCKE-1_planed,689340.71,5072557.33,-370.84,515.0,515.0,51.1276599153,42.796869016,Marls and Sandstones
REZOVACCKE-1_planed,689340.71,5072557.33,-375.84,520.0,520.0,51.1520809811,42.8080566948,Marls and Sandstones
REZOVACCKE-1_planed,689340.71,5072557.33,-380.84,525.0,525.0,51.1765960676,42.8192632537,Marls and Sandstones
REZOVACCKE-1_planed,689340.71,5072557.33,-385.84,530.0,530.0,51.201205773,42.8304886515,Marls and Sandstones
REZOVACCKE-1_planed,689340.71,5072557.33,-390.84,535.0,535.0,51.225910699,42.8417328451,Marls and Sandstones
REZOVACCKE-1_planed,689340.71,5072557.33,-395.84,540.0,540.0,51.2507114511,42.8529957891,Marls and Sandstones
REZOVACCKE-1_planed,689340.71,5072557.33,-400.84,545.0,545.0,51.2756086383,42.8642774361,Marls and Sandstones
REZOVACCKE-1_planed,689340.71,5072557.33,-405.84,550.0,550.0,51.3006028731,42.875577736,Marls and Sandstones
REZOVACCKE-1_planed,689340.71,5072557.33,-410.84,555.0,555.0,51.3256947716,42.8868966368,Marls and Sandstones
REZOVACCKE-1_planed,689340.71,5072557.33,-415.84,560.0,560.0,51.3508849534,42.8982340839,Marls and Sandstones
REZOVACCKE-1_planed,689340.71,5072557.33,-420.84,565.0,565.0,51.3761740415,42.9095900202,Marls and Sandstones
REZOVACCKE-1_planed,689340.71,5072557.33,-425.84,570.0,570.0,51.4015626626,42.9209643861,Marls and Sandstones
REZOVACCKE-1_planed,689340.71,5072557.33,-430.84,575.0,575.0,51.4270514465,42.9323571196,Marls and Sandstones
REZOVACCKE-1_planed,689340.71,5072557.33,-435.84,580.0,580.0,51.4526410264,42.9437681559,Marls and Sandstones
REZOVACCKE-1_planed,689340.71,5072557.33,-440.84,585.0,585.0,51.478332039,42.9551974275,Marls and Sandstones
REZOVACCKE-1_planed,689340.71,5072557.33,-445.84,590.0,590.0,51.5041251242,42.9666448642,Marls and Sandstones
REZOVACCKE-1_planed,689340.71,5072557.33,-450.84,595.0,595.0,51.5300209252,42.9781103929,Marls and Sandstones
REZOVACCKE-1_planed,689340.71,5072557.33,-455.84,600.0,600.0,51.5560200881,42.9895939376,Marls and Sandstones
REZOVACCKE-1_planed,689340.71,5072557.33,-460.84,605.0,605.0,51.5821232626,43.0010954193,Marls and Sandstones
REZOVACCKE-1_planed,689340.71,5072557.33,-465.84,610.0,610.0,51.6083311011,43.012614756,Marls and Sandstones
REZOVACCKE-1_planed,689340.71,5072557.33,-470.84,615.0,615.0,51.6346442594,43.0241518627,Marls and Sandstones
REZOVACCKE-1_planed,689340.71,5072557.33,-475.84,620.0,620.0,51.6610633959,43.035706651,Marls and Sandstones
REZOVACCKE-1_planed,689340.71,5072557.33,-480.84,625.0,625.0,51.6875891722,43.0472790292,Marls and Sandstones
REZOVACCKE-1_planed,689340.71,5072557.33,-485.84,630.0,630.0,51.7142222527,43.0588689025,Marls and Sandstones
REZOVACCKE-1_planed,689340.71,5072557.33,-490.84,635.0,635.0,51.7409633044,43.0704828155,Marls and Sandstones
REZOVACCKE-1_planed,689340.71,5072557.33,-495.84,640.0,640.0,51.7678129974,43.0821075181,Marls and Sandstones
REZOVACCKE-1_planed,689340.71,5072557.33,-500.84,645.0,645.0,51.7947720042,43.0937494132,Marls and Sandstones
REZOVACCKE-1_planed,689340.71,5072557.33,-505.84,650.0,650.0,51.8218409998,43.1054083915,Marls and Sandstones
REZOVACCKE-1_planed,689340.71,5072557.33,-510.84,655.0,655.0,51.8490206618,43.1170843405,Marls and Sandstones
REZOVACCKE-1_planed,689340.71,5072557.33,-515.84,660.0,660.0,51.87631167,43.1287771432,Marls and Sandstones
REZOVACCKE-1_planed,689340.71,5072557.33,-520.84,665.0,665.0,51.903714706,43.1404866789,Marls and Sandstones
REZOVACCKE-1_planed,689340.71,5072557.33,-525.84,670.0,670.0,51.9312304502,43.1522128212,Marls and Sandstones
REZOVACCKE-1_planed,689340.71,5072557.33,-530.84,675.0,675.0,51.9573137309,43.163306217,Marls and Sandstones
REZOVACCKE-1_planed,689340.71,5072557.33,-535.84,680.0,680.0,31.0419230869,34.3794370784,Marls and Sandstones
REZOVACCKE-1_planed,689340.71,5072557.33,-540.84,685.0,685.0,10.1279036209,25.5961141531,Marls and Sandstones
REZOVACCKE-1_planed,689340.71,5072557.33,-545.84,690.0,690.0,9.6931776668,25.445354052,Marls and Sandstones
REZOVACCKE-1_planed,689340.71,5072557.33,-550.84,695.0,695.0,9.25887238975,25.2947078583,Marls and Sandstones
REZOVACCKE-1_planed,689340.71,5072557.33,-555.84,700.0,700.0,9.56725310874,25.0456081543,Marls and Sandstones
REZOVACCKE-1_planed,689340.71,5072557.33,-560.84,705.0,705.0,9.87569939308,24.7965191758,Marls and Sandstones
REZOVACCKE-1_planed,689340.71,5072557.33,-565.84,710.0,710.0,9.35720820298,24.4974305517,Marls and Sandstones
REZOVACCKE-1_planed,689340.71,5072557.33,-570.84,715.0,715.0,8.83886334027,24.1983697057,Marls and Sandstones
REZOVACCKE-1_planed,689340.71,5072557.33,-575.84,720.0,720.0,8.82796212795,24.076716172,Marls and Sandstones
REZOVACCKE-1_planed,689340.71,5072557.33,-580.84,725.0,725.0,8.81719043692,23.9550883856,Marls and Sandstones
REZOVACCKE-1_planed,689340.71,5072557.33,-585.84,730.0,730.0,8.84676729083,24.0165196142,Marls and Sandstones
REZOVACCKE-1_planed,689340.71,5072557.33,-590.84,735.0,735.0,8.87648971827,24.0779969071,Marls and Sandstones
REZOVACCKE-1_planed,689340.71,5072557.33,-595.84,740.0,740.0,9.22209178175,24.5357456376,Marls and Sandstones
REZOVACCKE-1_planed,689340.71,5072557.33,-600.84,745.0,745.0,9.56775630695,24.993409361,Marls and Sandstones
REZOVACCKE-1_planed,689340.71,5072557.33,-605.84,750.0,750.0,9.03877355599,24.0417567788,Marls and Sandstones
REZOVACCKE-1_planed,689340.71,5072557.33,-610.84,755.0,755.0,8.50994243233,23.0901626784,Marls and Sandstones
REZOVACCKE-1_planed,689340.71,5072557.33,-615.84,760.0,760.0,8.49188270733,22.9768423353,Marls and Sandstones
REZOVACCKE-1_planed,689340.71,5072557.33,-620.84,765.0,765.0,8.47396162985,22.8635682201,Marls and Sandstones
REZOVACCKE-1_planed,689340.71,5072557.33,-625.84,770.0,770.0,8.54300596618,23.0571801512,Marls and Sandstones
REZOVACCKE-1_planed,689340.71,5072557.33,-630.84,775.0,775.0,8.61216891001,23.2507737785,Marls and Sandstones
REZOVACCKE-1_planed,689340.71,5072557.33,-635.84,780.0,780.0,8.54769130651,22.9709967267,Marls and Sandstones
REZOVACCKE-1_planed,689340.71,5072557.33,-640.84,785.0,785.0,8.48334232706,22.6912292228,Marls and Sandstones
REZOVACCKE-1_planed,689340.71,5072557.33,-645.84,790.0,790.0,8.4383877547,22.4507824576,Marls and Sandstones
REZOVACCKE-1_planed,689340.71,5072557.33,-650.84,795.0,795.0,8.39356767909,22.2103584383,Marls and Sandstones
REZOVACCKE-1_planed,689340.71,5072557.33,-655.84,800.0,800.0,8.40337655177,22.1102245233,Marls and Sandstones
REZOVACCKE-1_planed,689340.71,5072557.33,-660.84,805.0,805.0,8.41331624067,22.0101185036,Marls and Sandstones
REZOVACCKE-1_planed,689340.71,5072557.33,-665.84,810.0,810.0,8.40323060202,22.1106022104,Marls and Sandstones
REZOVACCKE-1_planed,689340.71,5072557.33,-670.84,815.0,815.0,8.39335574744,22.2111804451,Marls and Sandstones
REZOVACCKE-1_planed,689340.71,5072557.33,-675.84,820.0,820.0,9.44021758592,23.4126453919,Marls and Sandstones
REZOVACCKE-1_planed,689340.71,5072557.33,-680.84,825.0,825.0,10.4871121792,24.6139873175,Marls and Sandstones
REZOVACCKE-1_planed,689340.71,5072557.33,-685.84,830.0,830.0,9.98238930958,23.8283872033,Marls and Sandstones
REZOVACCKE-1_planed,689340.71,5072557.33,-690.84,835.0,835.0,9.47777918632,23.0427605302,Marls and Sandstones
REZOVACCKE-1_planed,689340.71,5072557.33,-695.84,840.0,840.0,8.91737882175,22.0953488374,Marls and Sandstones
REZOVACCKE-1_planed,689340.71,5072557.33,-700.84,845.0,845.0,8.35715895914,21.148031724,Marls and Sandstones
REZOVACCKE-1_planed,689340.71,5072557.33,-705.84,850.0,850.0,8.39348699028,21.3872983632,Marls and Sandstones
REZOVACCKE-1_planed,689340.71,5072557.33,-710.84,855.0,855.0,8.42995434593,21.6265311068,Marls and Sandstones
REZOVACCKE-1_planed,689340.71,5072557.33,-715.84,860.0,860.0,8.37911294838,21.0984060388,Marls and Sandstones
REZOVACCKE-1_planed,689340.71,5072557.33,-720.84,865.0,865.0,8.32841435364,20.5703238317,Marls and Sandstones
REZOVACCKE-1_planed,689340.71,5072557.33,-725.84,870.0,870.0,8.33240961655,20.647063374,Marls and Sandstones
REZOVACCKE-1_planed,689340.71,5072557.33,-730.84,875.0,875.0,8.33654715166,20.7238360654,Marls and Sandstones
REZOVACCKE-1_planed,689340.71,5072557.33,-735.84,880.0,880.0,8.34690535734,21.0573045129,Marls and Sandstones
REZOVACCKE-1_planed,689340.71,5072557.33,-740.84,885.0,885.0,8.35740577522,21.3907287812,Marls and Sandstones
REZOVACCKE-1_planed,689340.71,5072557.33,-745.84,890.0,890.0,8.36375689501,21.0013259048,Marls and Sandstones
REZOVACCKE-1_planed,689340.71,5072557.33,-750.84,895.0,895.0,8.37025103958,20.6119227079,Marls and Sandstones
REZOVACCKE-1_planed,689340.71,5072557.33,-755.84,900.0,900.0,8.36804923954,20.2666234793,Marls and Sandstones
REZOVACCKE-1_planed,689340.71,5072557.33,-760.84,905.0,905.0,8.36599380523,19.9213923952,Marls and Sandstones
REZOVACCKE-1_planed,689340.71,5072557.33,-765.84,910.0,910.0,8.38431173858,20.4325468152,Marls and Sandstones
REZOVACCKE-1_planed,689340.71,5072557.33,-770.84,915.0,915.0,8.40277605341,20.9436670951,Marls and Sandstones
REZOVACCKE-1_planed,689340.71,5072557.33,-775.84,920.0,920.0,8.42044069706,20.8033221998,Marls and Sandstones
REZOVACCKE-1_planed,689340.71,5072557.33,-780.84,925.0,925.0,8.43824769279,20.6629447078,Marls and Sandstones
REZOVACCKE-1_planed,689340.71,5072557.33,-785.84,930.0,930.0,8.38796914957,20.1535011563,Marls and Sandstones
REZOVACCKE-1_planed,689340.71,5072557.33,-790.84,935.0,935.0,8.33784212271,19.6441057638,Marls and Sandstones
REZOVACCKE-1_planed,689340.71,5072557.33,-795.84,940.0,940.0,8.33911265697,19.82591782,Marls and Sandstones
REZOVACCKE-1_planed,689340.71,5072557.33,-800.84,945.0,945.0,8.34054307854,20.007800933,Marls and Sandstones
REZOVACCKE-1_planed,689340.71,5072557.33,-805.84,950.0,950.0,8.47171060967,21.029395886,Marls and Sandstones
REZOVACCKE-1_planed,689340.71,5072557.33,-810.84,955.0,955.0,8.60300663154,22.0507900778,Marls and Sandstones
REZOVACCKE-1_planed,689340.71,5072557.33,-815.84,960.0,960.0,8.41093540906,20.2190297488,Marls and Sandstones
REZOVACCKE-1_planed,689340.71,5072557.33,-820.84,965.0,965.0,8.21903405381,18.3874297643,Marls and Sandstones
REZOVACCKE-1_planed,689340.71,5072557.33,-825.84,970.0,970.0,8.32480512558,19.2189300107,Marls and Sandstones
REZOVACCKE-1_planed,689340.71,5072557.33,-830.84,975.0,975.0,8.43072133084,20.0504119785,Marls and Sandstones
REZOVACCKE-1_planed,689340.71,5072557.33,-835.84,980.0,980.0,8.38289919521,20.229052792,Marls and Sandstones
REZOVACCKE-1_planed,689340.71,5072557.33,-840.84,985.0,985.0,8.33523174537,20.407617762,Marls and Sandstones
REZOVACCKE-1_planed,689340.71,5072557.33,-845.84,990.0,990.0,8.32460864498,19.7166907354,Marls and Sandstones
REZOVACCKE-1_planed,689340.71,5072557.33,-850.84,995.0,995.0,8.31413958066,19.0257964398,Marls and Sandstones
REZOVACCKE-1_planed,689340.71,5072557.33,-855.84,1000.0,1000.0,8.28784271064,18.9880265434,Marls and Sandstones
REZOVACCKE-1_planed,689340.71,5072557.33,-860.84,1005.0,1005.0,8.26170493305,18.9502476768,Marls and Sandstones
REZOVACCKE-1_planed,689340.71,5072557.33,-865.84,1010.0,1010.0,8.28506810265,18.7656740356,Marls and Sandstones
REZOVACCKE-1_planed,689340.71,5072557.33,-870.84,1015.0,1015.0,8.30858707746,18.5811075979,Marls and Sandstones
REZOVACCKE-1_planed,689340.71,5072557.33,-875.84,1020.0,1020.0,8.31507442128,18.6179690753,Marls and Sandstones
REZOVACCKE-1_planed,689340.71,5072557.33,-880.84,1025.0,1025.0,8.32171853446,18.654829718,Marls and Sandstones
REZOVACCKE-1_planed,689340.71,5072557.33,-885.84,1030.0,1030.0,8.32489660394,18.7608941051,Marls and Sandstones
REZOVACCKE-1_planed,689340.71,5072557.33,-890.84,1035.0,1035.0,8.32823242455,18.866951135,Marls and Sandstones
REZOVACCKE-1_planed,689340.71,5072557.33,-895.84,1040.0,1040.0,8.32943714811,19.0029959391,Marls and Sandstones
REZOVACCKE-1_planed,689340.71,5072557.33,-900.84,1045.0,1045.0,8.33079841838,19.1389907354,Marls and Sandstones
REZOVACCKE-1_planed,689340.71,5072557.33,-905.84,1050.0,1050.0,8.30456190339,18.7460886862,Marls and Sandstones
REZOVACCKE-1_planed,689340.71,5072557.33,-910.84,1055.0,1055.0,8.27848720876,18.3532058923,Marls and Sandstones
REZOVACCKE-1_planed,689340.71,5072557.33,-915.84,1060.0,1060.0,8.29235960279,18.4809343768,Marls and Sandstones
REZOVACCKE-1_planed,689340.71,5072557.33,-920.84,1065.0,1065.0,8.30638795177,18.6086226808,Marls and Sandstones
REZOVACCKE-1_planed,689340.71,5072557.33,-925.84,1070.0,1070.0,8.26250605455,18.2977418246,Marls and Sandstones
REZOVACCKE-1_planed,689340.71,5072557.33,-930.84,1075.0,1075.0,8.21878536924,17.9868509604,Marls and Sandstones
REZOVACCKE-1_planed,689340.71,5072557.33,-935.84,1080.0,1080.0,8.19818128362,17.824314486,Marls and Sandstones
REZOVACCKE-1_planed,689340.71,5072557.33,-940.84,1085.0,1085.0,8.17774047459,17.66179026,Marls and Sandstones
REZOVACCKE-1_planed,689340.71,5072557.33,-945.84,1090.0,1090.0,8.18957311196,17.8723225863,Marls and Sandstones
REZOVACCKE-1_planed,689340.71,5072557.33,-950.84,1095.0,1095.0,8.20156525735,18.0828083954,Marls and Sandstones
REZOVACCKE-1_planed,689340.71,5072557.33,-955.84,1100.0,1100.0,8.18878771109,17.8536525996,Marls and Sandstones
REZOVACCKE-1_planed,689340.71,5072557.33,-960.84,1105.0,1105.0,8.17617560336,17.6245435986,Marls and Sandstones
REZOVACCKE-1_planed,689340.71,5072557.33,-965.84,1110.0,1110.0,8.22505626311,18.3749470962,Marls and Sandstones
REZOVACCKE-1_planed,689340.71,5072557.33,-970.84,1115.0,1115.0,8.27408708762,19.1252122947,Marls and Sandstones
REZOVACCKE-1_planed,689340.71,5072557.33,-975.84,1120.0,1120.0,8.16095672042,18.1342742974,Marls and Sandstones
REZOVACCKE-1_planed,689340.71,5072557.33,-980.84,1125.0,1125.0,8.04799936013,17.14339248,Marls and Sandstones
REZOVACCKE-1_planed,689340.71,5072557.33,-985.84,1130.0,1130.0,8.1177963719,17.5166499526,Marls and Sandstones
REZOVACCKE-1_planed,689340.71,5072557.33,-990.84,1135.0,1135.0,8.18775062303,17.8898732172,Marls and Sandstones
REZOVACCKE-1_planed,689340.71,5072557.33,-995.84,1140.0,1140.0,8.1694759127,17.9114459701,Marls and Sandstones
REZOVACCKE-1_planed,689340.71,5072557.33,-1000.84,1145.0,1145.0,8.15125294049,17.9329601888,Marls and Sandstones
REZOVACCKE-1_planed,689340.71,5072557.33,-1005.84,1150.0,1150.0,6.66100726864,17.5784331675,Marls and Sandstones
REZOVACCKE-1_planed,689340.71,5072557.33,-1010.84,1155.0,1155.0,5.17101365534,17.2238980975,Marls and Sandstones
REZOVACCKE-1_planed,689340.71,5072557.33,-1015.84,1160.0,1160.0,5.15301889145,17.2031354874,Marls and Sandstones
REZOVACCKE-1_planed,689340.71,5072557.33,-1020.84,1165.0,1165.0,5.13520591375,17.1823755204,Marls and Sandstones
REZOVACCKE-1_planed,689340.71,5072557.33,-1025.84,1170.0,1170.0,5.15400642271,17.5449051588,Marls and Sandstones
REZOVACCKE-1_planed,689340.71,5072557.33,-1030.84,1175.0,1175.0,5.17296702217,17.9073543124,Marls and Sandstones
REZOVACCKE-1_planed,689340.71,5072557.33,-1035.84,1180.0,1180.0,5.17568423869,17.5585254792,Marls and Sandstones
REZOVACCKE-1_planed,689340.71,5072557.33,-1040.84,1185.0,1185.0,5.17856525669,17.2097518536,Marls and Sandstones
REZOVACCKE-1_planed,689340.71,5072557.33,-1045.84,1190.0,1190.0,5.2293002962,18.1727091651,Marls and Sandstones
REZOVACCKE-1_planed,689340.71,5072557.33,-1050.84,1195.0,1195.0,5.28015013218,19.1355198861,Marls and Sandstones
REZOVACCKE-1_planed,689340.71,5072557.33,-1055.84,1200.0,1200.0,4.7106287165,18.3638839385,Marls and Sandstones
REZOVACCKE-1_planed,689340.71,5072557.33,-1060.84,1205.0,1205.0,4.14129590267,17.5921944272,Marls and Sandstones
REZOVACCKE-1_planed,689340.71,5072557.33,-1065.84,1210.0,1210.0,4.06915342373,16.8708928486,Marls and Sandstones
REZOVACCKE-1_planed,689340.71,5072557.33,-1070.84,1215.0,1215.0,3.99717409523,16.1495685907,Marls and Sandstones
REZOVACCKE-1_planed,689340.71,5072557.33,-1075.84,1220.0,1220.0,3.90150257251,15.6233945749,Marls and Sandstones
REZOVACCKE-1_planed,689340.71,5072557.33,-1080.84,1225.0,1225.0,3.80599803388,15.0972444938,Marls and Sandstones
REZOVACCKE-1_planed,689340.71,5072557.33,-1085.84,1230.0,1230.0,3.83439185803,15.4138592355,Marls and Sandstones
REZOVACCKE-1_planed,689340.71,5072557.33,-1090.84,1235.0,1235.0,3.86294496687,15.7304074264,Marls and Sandstones
REZOVACCKE-1_planed,689340.71,5072557.33,-1095.84,1240.0,1240.0,3.89745941645,15.558034508,Marls and Sandstones
REZOVACCKE-1_planed,689340.71,5072557.33,-1100.84,1245.0,1245.0,3.93213079525,15.3856513346,Marls and Sandstones
REZOVACCKE-1_planed,689340.71,5072557.33,-1105.84,1250.0,1250.0,3.97218647962,15.7267038003,Marls and Sandstones
REZOVACCKE-1_planed,689340.71,5072557.33,-1110.84,1255.0,1255.0,4.01239828672,16.0677145673,Marls and Sandstones
REZOVACCKE-1_planed,689340.71,5072557.33,-1115.84,1260.0,1260.0,4.06010946262,16.3497503635,Marls and Sandstones
REZOVACCKE-1_planed,689340.71,5072557.33,-1120.84,1265.0,1265.0,4.10796468941,16.6316652585,Marls and Sandstones
REZOVACCKE-1_planed,689340.71,5072557.33,-1125.84,1270.0,1270.0,4.01345249885,15.8945617005,Marls and Sandstones
REZOVACCKE-1_planed,689340.71,5072557.33,-1130.84,1275.0,1275.0,3.91910525911,15.1575305753,Marls and Sandstones
REZOVACCKE-1_planed,689340.71,5072557.33,-1135.84,1280.0,1280.0,4.00533947445,16.196616461,Marls and Sandstones
REZOVACCKE-1_planed,689340.71,5072557.33,-1140.84,1285.0,1285.0,4.09172179407,17.2355855267,Marls and Sandstones
REZOVACCKE-1_planed,689340.71,5072557.33,-1145.84,1290.0,1290.0,4.09321426256,17.0417478685,Marls and Sandstones
REZOVACCKE-1_planed,689340.71,5072557.33,-1150.84,1295.0,1295.0,4.09484375639,16.8478925617,Marls and Sandstones
REZOVACCKE-1_planed,689340.71,5072557.33,-1155.84,1300.0,1300.0,3.92424607073,17.2771361836,Marls and Sandstones
REZOVACCKE-1_planed,689340.71,5072557.33,-1160.84,1305.0,1305.0,3.75380645597,17.7062969375,Marls and Sandstones
REZOVACCKE-1_planed,689340.71,5072557.33,-1165.84,1310.0,1310.0,3.72687121956,17.5827685072,Marls and Sandstones
REZOVACCKE-1_planed,689340.71,5072557.33,-1170.84,1315.0,1315.0,3.70008402902,17.4591466356,Marls and Sandstones
REZOVACCKE-1_planed,689340.71,5072557.33,-1175.84,1320.0,1320.0,3.64778388457,16.8467786467,Marls and Sandstones
REZOVACCKE-1_planed,689340.71,5072557.33,-1180.84,1325.0,1325.0,3.59564373967,16.2344879191,Marls and Sandstones
REZOVACCKE-1_planed,689340.71,5072557.33,-1185.84,1330.0,1330.0,3.72765014998,17.4469321561,Marls and Sandstones
REZOVACCKE-1_planed,689340.71,5072557.33,-1190.84,1335.0,1335.0,3.85978750525,18.6592115873,Marls and Sandstones
REZOVACCKE-1_planed,689340.71,5072557.33,-1195.84,1340.0,1340.0,3.76847042522,18.0448867069,Marls and Sandstones
REZOVACCKE-1_planed,689340.71,5072557.33,-1200.84,1345.0,1345.0,3.67729767033,17.4305079963,Marls and Sandstones
REZOVACCKE-1_planed,689340.71,5072557.33,-1205.84,1350.0,1350.0,3.62818941937,17.1043726835,Marls and Sandstones
REZOVACCKE-1_planed,689340.71,5072557.33,-1210.84,1355.0,1355.0,3.5792263971,16.7781752471,Marls and Sandstones
REZOVACCKE-1_planed,689340.71,5072557.33,-1215.84,1360.0,1360.0,3.56727879766,16.2851803012,Marls and Sandstones
REZOVACCKE-1_planed,689340.71,5072557.33,-1220.84,1365.0,1365.0,3.55547122893,15.792167902,Marls and Sandstones
REZOVACCKE-1_planed,689340.71,5072557.33,-1225.84,1370.0,1370.0,3.53385756226,15.817401161,Marls and Sandstones
REZOVACCKE-1_planed,689340.71,5072557.33,-1230.84,1375.0,1375.0,3.51238508494,15.8425875797,Marls and Sandstones
REZOVACCKE-1_planed,689340.71,5072557.33,-1235.84,1380.0,1380.0,3.52788922914,15.8775212208,Marls and Sandstones
REZOVACCKE-1_planed,689340.71,5072557.33,-1240.84,1385.0,1385.0,3.54352422323,15.9123730399,Marls and Sandstones
REZOVACCKE-1_planed,689340.71,5072557.33,-1245.84,1390.0,1390.0,3.47222227669,15.5677180422,Marls and Sandstones
REZOVACCKE-1_planed,689340.71,5072557.33,-1250.84,1395.0,1395.0,3.40105281634,15.2229985692,Marls and Sandstones
REZOVACCKE-1_planed,689340.71,5072557.33,-1255.84,1400.0,1400.0,3.30992121609,14.7964997569,Marls and Sandstones
REZOVACCKE-1_planed,689340.71,5072557.33,-1260.84,1405.0,1405.0,3.21894599683,14.3700743816,Marls and Sandstones
REZOVACCKE-1_planed,689340.71,5072557.33,-1265.84,1410.0,1410.0,3.44537870731,15.6770964146,Marls and Sandstones
REZOVACCKE-1_planed,689340.71,5072557.33,-1270.84,1415.0,1415.0,3.67191776486,16.9839346972,Marls and Sandstones
REZOVACCKE-1_planed,689340.71,5072557.33,-1275.84,1420.0,1420.0,3.50739204774,16.2340276251,Marls and Sandstones
REZOVACCKE-1_planed,689340.71,5072557.33,-1280.84,1425.0,1425.0,3.34299019916,15.484004771,Marls and Sandstones
REZOVACCKE-1_planed,689340.71,5072557.33,-1285.84,1430.0,1430.0,3.16720429304,14.2152222706,Marls and Sandstones
REZOVACCKE-1_planed,689340.71,5072557.33,-1290.84,1435.0,1435.0,2.99159012918,12.9466991723,Marls and Sandstones
REZOVACCKE-1_planed,689340.71,5072557.33,-1295.84,1440.0,1440.0,3.41589346276,15.9765574008,Marls and Sandstones
REZOVACCKE-1_planed,689340.71,5072557.33,-1300.84,1445.0,1445.0,3.84028966795,19.0061106222,Marls and Sandstones
REZOVACCKE-1_planed,689340.71,5072557.33,-1305.84,1450.0,1450.0,3.7207593936,17.8783436425,Marls and Sandstones
REZOVACCKE-1_planed,689340.71,5072557.33,-1310.84,1455.0,1455.0,3.60136593505,16.7506711457,Marls and Sandstones
REZOVACCKE-1_planed,689340.71,5072557.33,-1315.84,1460.0,1460.0,3.74788165417,18.257320059,Marls and Sandstones
REZOVACCKE-1_planed,689340.71,5072557.33,-1320.84,1465.0,1465.0,3.89450435987,19.7638101286,Marls and Sandstones
REZOVACCKE-1_planed,689340.71,5072557.33,-1325.84,1470.0,1470.0,3.79473333894,19.3314140813,Marls and Sandstones
REZOVACCKE-1_planed,689340.71,5072557.33,-1330.84,1475.0,1475.0,3.69506467075,18.898817275,Marls and Sandstones
REZOVACCKE-1_planed,689340.71,5072557.33,-1335.84,1480.0,1480.0,3.39627182994,16.6923486776,Marls and Sandstones
REZOVACCKE-1_planed,689340.71,5072557.33,-1340.84,1485.0,1485.0,3.09763265695,14.4860451417,Marls and Sandstones
REZOVACCKE-1_planed,689340.71,5072557.33,-1345.84,1490.0,1490.0,3.31244947352,15.4088853949,Marls and Sandstones
REZOVACCKE-1_planed,689340.71,5072557.33,-1350.84,1495.0,1495.0,3.52737439667,16.3316350871,Marls and Sandstones
REZOVACCKE-1_planed,689340.71,5072557.33,-1355.84,1500.0,1500.0,3.5458075285,16.082405373,Marls and Sandstones
REZOVACCKE-1_planed,689340.71,5072557.33,-1360.84,1505.0,1505.0,3.56435379171,15.8331457972,Marls and Sandstones
REZOVACCKE-1_planed,689340.71,5072557.33,-1365.84,1510.0,1510.0,3.59636425747,15.9132287237,Marls and Sandstones
REZOVACCKE-1_planed,689340.71,5072557.33,-1370.84,1515.0,1515.0,3.62848926099,15.9933462576,Marls and Sandstones
REZOVACCKE-1_planed,689340.71,5072557.33,-1375.84,1520.0,1520.0,3.68266792433,16.9938049945,Marls and Sandstones
REZOVACCKE-1_planed,689340.71,5072557.33,-1380.84,1525.0,1525.0,3.73716966737,17.99454241,Marls and Sandstones
REZOVACCKE-1_planed,689340.71,5072557.33,-1385.84,1530.0,1530.0,6.6611433907,23.087033596,Marls and Sandstones
REZOVACCKE-1_planed,689340.71,5072557.33,-1390.84,1535.0,1535.0,9.5849384765,28.1790798843,Marls and Sandstones
REZOVACCKE-1_planed,689340.71,5072557.33,-1395.84,1540.0,1540.0,8.13442103588,26.9965169917,Marls and Sandstones
REZOVACCKE-1_planed,689340.71,5072557.33,-1400.84,1545.0,1545.0,6.68396670155,25.8138259403,Marls and Sandstones
REZOVACCKE-1_planed,689340.71,5072557.33,-1405.84,1550.0,1550.0,5.35315665325,24.3162543777,Marls and Sandstones
REZOVACCKE-1_planed,689340.71,5072557.33,-1410.84,1555.0,1555.0,4.02255586696,22.8187691447,Marls and Sandstones
REZOVACCKE-1_planed,689340.71,5072557.33,-1415.84,1560.0,1560.0,4.07125994407,22.8814431813,Marls and Sandstones
REZOVACCKE-1_planed,689340.71,5072557.33,-1420.84,1565.0,1565.0,4.12007866719,22.9440665292,Marls and Sandstones
REZOVACCKE-1_planed,689340.71,5072557.33,-1425.84,1570.0,1570.0,4.07967785837,22.3518772799,Marls and Sandstones
REZOVACCKE-1_planed,689340.71,5072557.33,-1430.84,1575.0,1575.0,4.03938725353,21.7597093726,Marls and Sandstones
REZOVACCKE-1_planed,689340.71,5072557.33,-1435.84,1580.0,1580.0,4.11280672501,21.8024700175,Marls and Sandstones
REZOVACCKE-1_planed,689340.71,5072557.33,-1440.84,1585.0,1585.0,4.18632604239,21.8452718059,Marls and Sandstones
REZOVACCKE-1_planed,689340.71,5072557.33,-1445.84,1590.0,1590.0,4.21948651692,22.5236061362,Marls and Sandstones
REZOVACCKE-1_planed,689340.71,5072557.33,-1450.84,1595.0,1595.0,4.25274095133,23.201865399,Marls and Sandstones
REZOVACCKE-1_planed,689340.71,5072557.33,-1455.84,1600.0,1600.0,4.21029855023,22.884019269,Marls and Sandstones
REZOVACCKE-1_planed,689340.71,5072557.33,-1460.84,1605.0,1605.0,4.16799623704,22.5663177568,Marls and Sandstones
REZOVACCKE-1_planed,689340.71,5072557.33,-1465.84,1610.0,1610.0,4.69882926033,24.4382906457,Marls and Sandstones
REZOVACCKE-1_planed,689340.71,5072557.33,-1470.84,1615.0,1615.0,5.22973218261,26.3101157222,Marls and Sandstones
REZOVACCKE-1_planed,689340.71,5072557.33,-1475.84,1620.0,1620.0,5.29299757465,25.8217445933,Marls and Sandstones
REZOVACCKE-1_planed,689340.71,5072557.33,-1480.84,1625.0,1625.0,5.35638842657,25.3334312734,Marls and Sandstones
REZOVACCKE-1_planed,689340.71,5072557.33,-1485.84,1630.0,1630.0,5.89306751508,25.9575211471,Marls and Sandstones
REZOVACCKE-1_planed,689340.71,5072557.33,-1490.84,1635.0,1635.0,6.42974514121,26.5815573971,Marls and Sandstones
REZOVACCKE-1_planed,689340.71,5072557.33,-1495.84,1640.0,1640.0,5.58034006329,26.1683083136,Marls and Sandstones
REZOVACCKE-1_planed,689340.71,5072557.33,-1500.84,1645.0,1645.0,4.7310707976,25.7550675989,Marls and Sandstones
REZOVACCKE-1_planed,689340.71,5072557.33,-1505.84,1650.0,1650.0,4.67699982537,25.4308868908,Marls and Sandstones
REZOVACCKE-1_planed,689340.71,5072557.33,-1510.84,1655.0,1655.0,4.62303035231,25.1067278753,Marls and Sandstones
REZOVACCKE-1_planed,689340.71,5072557.33,-1515.84,1660.0,1660.0,4.5527534434,24.7957653572,Marls and Sandstones
REZOVACCKE-1_planed,689340.71,5072557.33,-1520.84,1665.0,1665.0,4.48256393616,24.4848193009,Marls and Sandstones
REZOVACCKE-1_planed,689340.71,5072557.33,-1525.84,1670.0,1670.0,4.35182795227,24.0567979979,Marls and Sandstones
REZOVACCKE-1_planed,689340.71,5072557.33,-1530.84,1675.0,1675.0,4.22119201259,23.6288433364,Marls and Sandstones
REZOVACCKE-1_planed,689340.71,5072557.33,-1535.84,1680.0,1680.0,4.22038221005,23.711733475,Marls and Sandstones
REZOVACCKE-1_planed,689340.71,5072557.33,-1540.84,1685.0,1685.0,4.21965895498,23.7946359947,Marls and Sandstones
REZOVACCKE-1_planed,689340.71,5072557.33,-1545.84,1690.0,1690.0,4.14538862777,23.4749960906,Marls and Sandstones
REZOVACCKE-1_planed,689340.71,5072557.33,-1550.84,1695.0,1695.0,4.07121067085,23.1554230815,Marls and Sandstones
REZOVACCKE-1_planed,689340.71,5072557.33,-1555.84,1700.0,1700.0,4.04599726419,23.2470146117,Marls and Sandstones
REZOVACCKE-1_planed,689340.71,5072557.33,-1560.84,1705.0,1705.0,4.02087333474,23.3386367957,Marls and Sandstones
REZOVACCKE-1_planed,689340.71,5072557.33,-1565.84,1710.0,1710.0,3.9944798498,23.1395920406,Marls and Sandstones
REZOVACCKE-1_planed,689340.71,5072557.33,-1570.84,1715.0,1715.0,3.96818990684,22.9406546402,Marls and Sandstones
REZOVACCKE-1_planed,689340.71,5072557.33,-1575.84,1720.0,1720.0,4.14783720043,23.5289403421,Marls and Sandstones
REZOVACCKE-1_planed,689340.71,5072557.33,-1580.84,1725.0,1725.0,4.32755062126,24.1172143737,Marls and Sandstones
REZOVACCKE-1_planed,689340.71,5072557.33,-1585.84,1730.0,1730.0,4.17971667254,23.6247803495,Marls and Sandstones
REZOVACCKE-1_planed,689340.71,5072557.33,-1590.84,1735.0,1735.0,4.03198127535,23.132440175,Marls and Sandstones
REZOVACCKE-1_planed,689340.71,5072557.33,-1595.84,1740.0,1740.0,4.0909068145,23.2197295585,Marls and Sandstones
REZOVACCKE-1_planed,689340.71,5072557.33,-1600.84,1745.0,1745.0,4.14991424636,23.3070636365,Marls and Sandstones
REZOVACCKE-1_planed,689340.71,5072557.33,-1605.84,1750.0,1750.0,4.10781126535,22.956281779,Marls and Sandstones
REZOVACCKE-1_planed,689340.71,5072557.33,-1610.84,1755.0,1755.0,4.06579084046,22.6055926841,Marls and Sandstones
REZOVACCKE-1_planed,689340.71,5072557.33,-1615.84,1760.0,1760.0,3.98795851784,22.5587277731,Marls and Sandstones
REZOVACCKE-1_planed,689340.71,5072557.33,-1620.84,1765.0,1765.0,3.9102198201,22.5119343684,Marls and Sandstones
REZOVACCKE-1_planed,689340.71,5072557.33,-1625.84,1770.0,1770.0,3.94069252518,22.2816242044,Marls and Sandstones
REZOVACCKE-1_planed,689340.71,5072557.33,-1630.84,1775.0,1775.0,3.97131140617,22.0514845028,Marls and Sandstones
REZOVACCKE-1_planed,689340.71,5072557.33,-1635.84,1780.0,1780.0,4.8025520073,22.9827420293,Marls and Sandstones
REZOVACCKE-1_planed,689340.71,5072557.33,-1640.84,1785.0,1785.0,5.63376392756,23.9139614641,Marls and Sandstones
REZOVACCKE-1_planed,689340.71,5072557.33,-1645.84,1790.0,1790.0,4.78625548327,22.8839919413,Marls and Sandstones
REZOVACCKE-1_planed,689340.71,5072557.33,-1650.84,1795.0,1795.0,3.93887326314,21.8541822182,Marls and Sandstones
REZOVACCKE-1_planed,689340.71,5072557.33,-1655.84,1800.0,1800.0,3.92408590578,21.9856963976,Marls and Sandstones
REZOVACCKE-1_planed,689340.71,5072557.33,-1660.84,1805.0,1805.0,3.90939446911,22.1172844957,Marls and Sandstones
REZOVACCKE-1_planed,689340.71,5072557.33,-1665.84,1810.0,1810.0,3.90490318386,21.6583279706,Marls and Sandstones
REZOVACCKE-1_planed,689340.71,5072557.33,-1670.84,1815.0,1815.0,3.90049723,21.1995014667,Marls and Sandstones
REZOVACCKE-1_planed,689340.71,5072557.33,-1675.84,1820.0,1820.0,3.90124334035,21.1283447643,Marls and Sandstones
REZOVACCKE-1_planed,689340.71,5072557.33,-1680.84,1825.0,1825.0,3.90207384929,21.0573014781,Marls and Sandstones
REZOVACCKE-1_planed,689340.71,5072557.33,-1685.84,1830.0,1830.0,3.89852940104,20.9179934286,Marls and Sandstones
REZOVACCKE-1_planed,689340.71,5072557.33,-1690.84,1835.0,1835.0,3.89506964624,20.7788041395,Marls and Sandstones
REZOVACCKE-1_planed,689340.71,5072557.33,-1695.84,1840.0,1840.0,3.89484042374,20.6515576192,Marls and Sandstones
REZOVACCKE-1_planed,689340.71,5072557.33,-1700.84,1845.0,1845.0,3.89469539655,20.5244369708,Marls and Sandstones
REZOVACCKE-1_planed,689340.71,5072557.33,-1705.84,1850.0,1850.0,3.89163156282,20.4269494026,Marls and Sandstones
REZOVACCKE-1_planed,689340.71,5072557.33,-1710.84,1855.0,1855.0,3.88864975726,20.3295314184,Marls and Sandstones
REZOVACCKE-1_planed,689340.71,5072557.33,-1715.84,1860.0,1860.0,3.8561343092,19.4331533403,Marls and Sandstones
REZOVACCKE-1_planed,689340.71,5072557.33,-1720.84,1865.0,1865.0,3.82372589612,18.5370603255,Marls and Sandstones
REZOVACCKE-1_planed,689340.71,5072557.33,-1725.84,1870.0,1870.0,4.10659745355,19.8371964149,Marls and Sandstones
REZOVACCKE-1_planed,689340.71,5072557.33,-1730.84,1875.0,1875.0,4.3895012987,21.1373840154,Marls and Sandstones
REZOVACCKE-1_planed,689340.71,5072557.33,-1735.84,1880.0,1880.0,3.91977313906,20.9169935357,Marls and Sandstones
REZOVACCKE-1_planed,689340.71,5072557.33,-1740.84,1885.0,1885.0,3.45015501524,20.6967593075,Marls and Sandstones
REZOVACCKE-1_planed,689340.71,5072557.33,-1745.84,1890.0,1890.0,3.45919480635,20.9332429401,Marls and Sandstones
REZOVACCKE-1_planed,689340.71,5072557.33,-1750.84,1895.0,1895.0,3.46832389292,21.1698475403,Marls and Sandstones
REZOVACCKE-1_planed,689340.71,5072557.33,-1755.84,1900.0,1900.0,3.47350678692,21.005864242,Marls and Sandstones
REZOVACCKE-1_planed,689340.71,5072557.33,-1760.84,1905.0,1905.0,3.47877202551,20.8420386215,Marls and Sandstones
REZOVACCKE-1_planed,689340.71,5072557.33,-1765.84,1910.0,1910.0,3.46749834778,20.8666980865,Marls and Sandstones
REZOVACCKE-1_planed,689340.71,5072557.33,-1770.84,1915.0,1915.0,3.45630634894,20.8914381165,Marls and Sandstones
REZOVACCKE-1_planed,689340.71,5072557.33,-1775.84,1920.0,1920.0,3.42366046343,19.9158666591,Marls and Sandstones
REZOVACCKE-1_planed,689340.71,5072557.33,-1780.84,1925.0,1925.0,3.39110015067,18.9405147666,Marls and Sandstones
REZOVACCKE-1_planed,689340.71,5072557.33,-1785.84,1930.0,1930.0,3.39287567612,19.0004105971,Marls and Sandstones
REZOVACCKE-1_planed,689340.71,5072557.33,-1790.84,1935.0,1935.0,3.39473934144,19.0605285788,Marls and Sandstones
REZOVACCKE-1_planed,689340.71,5072557.33,-1795.84,1940.0,1940.0,3.4589711264,19.8140233341,Marls and Sandstones
REZOVACCKE-1_planed,689340.71,5072557.33,-1800.84,1945.0,1945.0,3.52326951853,20.5675114618,Marls and Sandstones
REZOVACCKE-1_planed,689340.71,5072557.33,-1805.84,1950.0,1950.0,3.35635299613,18.9340778241,Marls and Sandstones
REZOVACCKE-1_planed,689340.71,5072557.33,-1810.84,1955.0,1955.0,3.18953173601,17.3009149259,Marls and Sandstones
REZOVACCKE-1_planed,689340.71,5072557.33,-1815.84,1960.0,1960.0,3.23122829656,17.5127258794,Marls and Sandstones
REZOVACCKE-1_planed,689340.71,5072557.33,-1820.84,1965.0,1965.0,3.27301111071,17.7247684476,Marls and Sandstones
REZOVACCKE-1_planed,689340.71,5072557.33,-1825.84,1970.0,1970.0,3.32961409977,18.5216687872,Marls and Sandstones
REZOVACCKE-1_planed,689340.71,5072557.33,-1830.84,1975.0,1975.0,3.38629616193,19.3186861592,Marls and Sandstones
REZOVACCKE-1_planed,689340.71,5072557.33,-1835.84,1980.0,1980.0,3.39868527415,19.328579583,Marls and Sandstones
REZOVACCKE-1_planed,689340.71,5072557.33,-1840.84,1985.0,1985.0,3.41115021972,19.3385753212,Marls and Sandstones
REZOVACCKE-1_planed,689340.71,5072557.33,-1845.84,1990.0,1990.0,3.34932711478,18.5640196078,Marls and Sandstones
REZOVACCKE-1_planed,689340.71,5072557.33,-1850.84,1995.0,1995.0,3.28758693346,17.7896433867,Marls and Sandstones
REZOVACCKE-1_planed,689340.71,5072557.33,-1855.84,2000.0,2000.0,3.257090474,17.2543647566,Marls and Sandstones
REZOVACCKE-1_planed,689340.71,5072557.33,-1860.84,2005.0,2005.0,3.2266807101,16.7193301021,Marls and Sandstones
REZOVACCKE-1_planed,689340.71,5072557.33,-1865.84,2010.0,2010.0,3.2661199777,17.1096031947,Marls and Sandstones
REZOVACCKE-1_planed,689340.71,5072557.33,-1870.84,2015.0,2015.0,3.30564014599,17.50004364,Marls and Sandstones
REZOVACCKE-1_planed,689340.71,5072557.33,-1875.84,2020.0,2020.0,3.33549134683,17.649343886,Marls and Sandstones
REZOVACCKE-1_planed,689340.71,5072557.33,-1880.84,2025.0,2025.0,3.36541852382,17.7987870742,Marls and Sandstones
REZOVACCKE-1_planed,689340.71,5072557.33,-1885.84,2030.0,2030.0,3.3378895371,17.5570710933,Marls and Sandstones
REZOVACCKE-1_planed,689340.71,5072557.33,-1890.84,2035.0,2035.0,3.31044284855,17.315540587,Marls and Sandstones
REZOVACCKE-1_planed,689340.71,5072557.33,-1895.84,2040.0,2040.0,3.32530164117,17.2748625066,Marls and Sandstones
REZOVACCKE-1_planed,689340.71,5072557.33,-1900.84,2045.0,2045.0,3.34023201222,17.2343453248,Marls and Sandstones
REZOVACCKE-1_planed,689340.71,5072557.33,-1905.84,2050.0,2050.0,3.24243195711,16.9580140188,Marls and Sandstones
REZOVACCKE-1_planed,689340.71,5072557.33,-1910.84,2055.0,2055.0,3.1447112794,16.6819052239,Marls and Sandstones
REZOVACCKE-1_planed,689340.71,5072557.33,-1915.84,2060.0,2060.0,3.07261431507,17.0737212531,Marls and Sandstones
REZOVACCKE-1_planed,689340.71,5072557.33,-1920.84,2065.0,2065.0,3.00060161478,17.4656697805,Marls and Sandstones
REZOVACCKE-1_planed,689340.71,5072557.33,-1925.84,2070.0,2070.0,3.00508482346,17.156677259,Marls and Sandstones
REZOVACCKE-1_planed,689340.71,5072557.33,-1930.84,2075.0,2075.0,3.00964163624,16.8478376579,Marls and Sandstones
REZOVACCKE-1_planed,689340.71,5072557.33,-1935.84,2080.0,2080.0,2.94583241998,16.3433648898,Marls and Sandstones
REZOVACCKE-1_planed,689340.71,5072557.33,-1940.84,2085.0,2085.0,2.88210716227,15.8391148872,Marls and Sandstones
REZOVACCKE-1_planed,689340.71,5072557.33,-1945.84,2090.0,2090.0,2.92257766548,16.0071676688,Marls and Sandstones
REZOVACCKE-1_planed,689340.71,5072557.33,-1950.84,2095.0,2095.0,2.96312219177,16.1753796135,Marls and Sandstones
REZOVACCKE-1_planed,689340.71,5072557.33,-1955.84,2100.0,2100.0,2.95353416474,16.0187094489,Marls and Sandstones
REZOVACCKE-1_planed,689340.71,5072557.33,-1960.84,2105.0,2105.0,2.94402343318,15.8622462353,Marls and Sandstones
REZOVACCKE-1_planed,689340.71,5072557.33,-1965.84,2110.0,2110.0,2.96336029501,16.2032398478,Marls and Sandstones
REZOVACCKE-1_planed,689340.71,5072557.33,-1970.84,2115.0,2115.0,2.98277140807,16.544364479,Marls and Sandstones
REZOVACCKE-1_planed,689340.71,5072557.33,-1975.84,2120.0,2120.0,2.98627993069,16.2311018004,Marls and Sandstones
REZOVACCKE-1_planed,689340.71,5072557.33,-1980.84,2125.0,2125.0,2.98986194774,15.9180385012,Marls and Sandstones
REZOVACCKE-1_planed,689340.71,5072557.33,-1985.84,2130.0,2130.0,2.98457476238,16.0817955276,Marls and Sandstones
REZOVACCKE-1_planed,689340.71,5072557.33,-1990.84,2135.0,2135.0,2.97936679155,16.2457574785,Marls and Sandstones
REZOVACCKE-1_planed,689340.71,5072557.33,-1995.84,2140.0,2140.0,3.05185319028,16.791855988,Marls and Sandstones
REZOVACCKE-1_planed,689340.71,5072557.33,-2000.84,2145.0,2145.0,3.12440371087,17.3380459169,Marls and Sandstones
REZOVACCKE-1_planed,689340.71,5072557.33,-2005.84,2150.0,2150.0,3.06645079902,16.7634596342,Marls and Sandstones
REZOVACCKE-1_planed,689340.71,5072557.33,-2010.84,2155.0,2155.0,3.00856529028,16.1890099457,Marls and Sandstones
REZOVACCKE-1_planed,689340.71,5072557.33,-2015.84,2160.0,2160.0,2.90987544606,15.375016399,Marls and Sandstones
REZOVACCKE-1_planed,689340.71,5072557.33,-2020.84,2165.0,2165.0,2.81127607406,14.5613960475,Marls and Sandstones
REZOVACCKE-1_planed,689340.71,5072557.33,-2025.84,2170.0,2170.0,2.98071263471,16.5907235292,Marls and Sandstones
REZOVACCKE-1_planed,689340.71,5072557.33,-2030.84,2175.0,2175.0,3.15021032727,18.6200722925,Marls and Sandstones
REZOVACCKE-1_planed,689340.71,5072557.33,-2035.84,2180.0,2180.0,3.15066564691,18.2404684992,Marls and Sandstones
REZOVACCKE-1_planed,689340.71,5072557.33,-2040.84,2185.0,2185.0,3.15119043273,17.8610413608,Marls and Sandstones
REZOVACCKE-1_planed,689340.71,5072557.33,-2045.84,2190.0,2190.0,3.1794092911,18.0711130678,Marls and Sandstones
REZOVACCKE-1_planed,689340.71,5072557.33,-2050.84,2195.0,2195.0,3.20769142481,18.2813075657,Marls and Sandstones
REZOVACCKE-1_planed,689340.71,5072557.33,-2055.84,2200.0,2200.0,3.15916225216,17.8837259611,Marls and Sandstones
REZOVACCKE-1_planed,689340.71,5072557.33,-2060.84,2205.0,2205.0,3.11069793087,17.4862648335,Marls and Sandstones
REZOVACCKE-1_planed,689340.71,5072557.33,-2065.84,2210.0,2210.0,3.0360838416,16.6764968134,Marls and Sandstones
REZOVACCKE-1_planed,689340.71,5072557.33,-2070.84,2215.0,2215.0,2.96154225025,15.8669305135,Marls and Sandstones
REZOVACCKE-1_planed,689340.71,5072557.33,-2075.84,2220.0,2220.0,2.96829155747,15.7437133508,Marls and Sandstones
REZOVACCKE-1_planed,689340.71,5072557.33,-2080.84,2225.0,2225.0,2.97510467011,15.6206298883,Marls and Sandstones
REZOVACCKE-1_planed,689340.71,5072557.33,-2085.84,2230.0,2230.0,2.94007809004,15.1125108079,Marls and Sandstones
REZOVACCKE-1_planed,689340.71,5072557.33,-2090.84,2235.0,2235.0,2.90512197533,14.6046135061,Marls and Sandstones
REZOVACCKE-1_planed,689340.71,5072557.33,-2095.84,2240.0,2240.0,2.95138506004,15.1144616441,Marls and Sandstones
REZOVACCKE-1_planed,689340.71,5072557.33,-2100.84,2245.0,2245.0,2.99771296135,15.6244902001,Marls and Sandstones
REZOVACCKE-1_planed,689340.71,5072557.33,-2105.84,2250.0,2250.0,3.04101869168,16.3938968295,Marls and Sandstones
REZOVACCKE-1_planed,689340.71,5072557.33,-2110.84,2255.0,2255.0,3.08438282289,17.1633927377,Marls and Sandstones
REZOVACCKE-1_planed,689340.71,5072557.33,-2115.84,2260.0,2260.0,3.06442050954,17.1174215673,Marls and Sandstones
REZOVACCKE-1_planed,689340.71,5072557.33,-2120.84,2265.0,2265.0,3.04451953305,17.0715604031,Marls and Sandstones
REZOVACCKE-1_planed,689340.71,5072557.33,-2125.84,2270.0,2270.0,3.02378743049,16.7039227885,Marls and Sandstones
REZOVACCKE-1_planed,689340.71,5072557.33,-2130.84,2275.0,2275.0,3.00312098258,16.3364908611,Marls and Sandstones
REZOVACCKE-1_planed,689340.71,5072557.33,-2135.84,2280.0,2280.0,3.04260361036,16.8980263543,Marls and Sandstones
REZOVACCKE-1_planed,689340.71,5072557.33,-2140.84,2285.0,2285.0,3.08214346768,17.4596786657,Marls and Sandstones
REZOVACCKE-1_planed,689340.71,5072557.33,-2145.84,2290.0,2290.0,3.07046792784,17.5765874794,Marls and Sandstones
REZOVACCKE-1_planed,689340.71,5072557.33,-2150.84,2295.0,2295.0,3.05885724613,17.6936889859,Marls and Sandstones
REZOVACCKE-1_planed,689340.71,5072557.33,-2155.84,2300.0,2300.0,3.13062428954,18.6581724941,Marls and Sandstones
REZOVACCKE-1_planed,689340.71,5072557.33,-2160.84,2305.0,2305.0,3.20244682065,19.6227366609,Marls and Sandstones
REZOVACCKE-1_planed,689340.71,5072557.33,-2165.84,2310.0,2310.0,3.22133075001,19.7414418089,Marls and Sandstones
REZOVACCKE-1_planed,689340.71,5072557.33,-2170.84,2315.0,2315.0,3.24027001022,19.8601875898,Marls and Sandstones
REZOVACCKE-1_planed,689340.71,5072557.33,-2175.84,2320.0,2320.0,3.23950000719,18.9088754505,Marls and Sandstones
REZOVACCKE-1_planed,689340.71,5072557.33,-2180.84,2325.0,2325.0,3.2387858546,17.9576993133,Marls and Sandstones
REZOVACCKE-1_planed,689340.71,5072557.33,-2185.84,2330.0,2330.0,3.23272214772,17.304205646,Marls and Sandstones
REZOVACCKE-1_planed,689340.71,5072557.33,-2190.84,2335.0,2335.0,3.22671116537,16.6508535089,Marls and Sandstones
REZOVACCKE-1_planed,689340.71,5072557.33,-2195.84,2340.0,2340.0,3.18340131746,16.1832693689,Marls and Sandstones
REZOVACCKE-1_planed,689340.71,5072557.33,-2200.84,2345.0,2345.0,3.1401508693,15.7158375901,Marls and Sandstones
REZOVACCKE-1_planed,689340.71,5072557.33,-2205.84,2350.0,2350.0,3.16802441644,15.6387987472,Marls and Sandstones
REZOVACCKE-1_planed,689340.71,5072557.33,-2210.84,2355.0,2355.0,3.19594953521,15.5618938596,Marls and Sandstones
REZOVACCKE-1_planed,689340.71,5072557.33,-2215.84,2360.0,2360.0,3.183700154,15.6319187716,Marls and Sandstones
REZOVACCKE-1_planed,689340.71,5072557.33,-2220.84,2365.0,2365.0,3.17150332902,15.702033419,Marls and Sandstones
REZOVACCKE-1_planed,689340.71,5072557.33,-2225.84,2370.0,2370.0,3.16344111933,15.4001508316,Marls and Sandstones
REZOVACCKE-1_planed,689340.71,5072557.33,-2230.84,2375.0,2375.0,3.15542951169,15.0984200273,Marls and Sandstones
REZOVACCKE-1_planed,689340.71,5072557.33,-2235.84,2380.0,2380.0,3.13027287028,15.3910537485,Marls and Sandstones
REZOVACCKE-1_planed,689340.71,5072557.33,-2240.84,2385.0,2385.0,3.10517329477,15.6838310519,Marls and Sandstones
REZOVACCKE-1_planed,689340.71,5072557.33,-2245.84,2390.0,2390.0,3.1664386468,16.3405247215,Marls and Sandstones
REZOVACCKE-1_planed,689340.71,5072557.33,-2250.84,2395.0,2395.0,3.22775272691,16.9973401179,Marls and Sandstones
REZOVACCKE-1_planed,689340.71,5072557.33,-2255.84,2400.0,2400.0,3.25772831643,17.8004709007,Marls and Sandstones
REZOVACCKE-1_planed,689340.71,5072557.33,-2260.84,2405.0,2405.0,3.28774693376,18.6035719668,Marls and Sandstones
REZOVACCKE-1_planed,689340.71,5072557.33,-2265.84,2410.0,2410.0,3.24090377741,17.5778837343,Marls and Sandstones
REZOVACCKE-1_planed,689340.71,5072557.33,-2270.84,2415.0,2415.0,3.1941099282,16.5523206817,Marls and Sandstones
REZOVACCKE-1_planed,689340.71,5072557.33,-2275.84,2420.0,2420.0,3.17520419021,16.1632092981,Marls and Sandstones
REZOVACCKE-1_planed,689340.71,5072557.33,-2280.84,2425.0,2425.0,3.15634146192,15.7741624753,Marls and Sandstones
REZOVACCKE-1_planed,689340.71,5072557.33,-2285.84,2430.0,2430.0,3.07482839512,14.8339356555,Marls and Sandstones
REZOVACCKE-1_planed,689340.71,5072557.33,-2290.84,2435.0,2435.0,2.99335756645,13.8938608443,Marls and Sandstones
REZOVACCKE-1_planed,689340.71,5072557.33,-2295.84,2440.0,2440.0,2.86572048761,13.8242600136,Marls and Sandstones
REZOVACCKE-1_planed,689340.71,5072557.33,-2300.84,2445.0,2445.0,2.73813206417,13.754765899,Marls and Sandstones
REZOVACCKE-1_planed,689340.71,5072557.33,-2305.84,2450.0,2450.0,2.66048019921,13.7483063421,Marls and Sandstones
REZOVACCKE-1_planed,689340.71,5072557.33,-2310.84,2455.0,2455.0,2.58288605407,13.7419721987,Marls and Sandstones
REZOVACCKE-1_planed,689340.71,5072557.33,-2315.84,2460.0,2460.0,2.67395237382,14.2263735397,Marls and Sandstones
REZOVACCKE-1_planed,689340.71,5072557.33,-2320.84,2465.0,2465.0,2.765057527,14.7108250572,Marls and Sandstones
REZOVACCKE-1_planed,689340.71,5072557.33,-2325.84,2470.0,2470.0,2.76107916704,14.6372929349,Marls and Sandstones
REZOVACCKE-1_planed,689340.71,5072557.33,-2330.84,2475.0,2475.0,2.7571443338,14.5638600508,Marls and Sandstones
REZOVACCKE-1_planed,689340.71,5072557.33,-2335.84,2480.0,2480.0,2.77690237706,14.8115507945,Marls and Sandstones
REZOVACCKE-1_planed,689340.71,5072557.33,-2340.84,2485.0,2485.0,2.79669587571,15.0592775904,Marls and Sandstones
REZOVACCKE-1_planed,689340.71,5072557.33,-2345.84,2490.0,2490.0,2.72277802428,14.6683289583,Marls and Sandstones
REZOVACCKE-1_planed,689340.71,5072557.33,-2350.84,2495.0,2495.0,2.64890209992,14.2774571471,Marls and Sandstones
REZOVACCKE-1_planed,689340.71,5072557.33,-2355.84,2500.0,2500.0,2.59985807432,14.0002263355,Marls and Sandstones
REZOVACCKE-1_planed,689340.71,5072557.33,-2360.84,2505.0,2505.0,2.55086672434,13.7231163155,Marls and Sandstones
REZOVACCKE-1_planed,689340.71,5072557.33,-2365.84,2510.0,2510.0,2.66414749157,14.0726896607,Marls and Sandstones
REZOVACCKE-1_planed,689340.71,5072557.33,-2370.84,2515.0,2515.0,2.7774647595,14.4223400744,Marls and Sandstones
REZOVACCKE-1_planed,689340.71,5072557.33,-2375.84,2520.0,2520.0,2.8225798035,14.7634114155,Marls and Sandstones
REZOVACCKE-1_planed,689340.71,5072557.33,-2380.84,2525.0,2525.0,2.86773005633,15.1045444019,Marls and Sandstones
REZOVACCKE-1_planed,689340.71,5072557.33,-2385.84,2530.0,2530.0,2.87653157652,15.3750375357,Marls and Sandstones
REZOVACCKE-1_planed,689340.71,5072557.33,-2390.84,2535.0,2535.0,2.88536536224,15.6455366303,Marls and Sandstones
REZOVACCKE-1_planed,689340.71,5072557.33,-2395.84,2540.0,2540.0,2.82394883354,15.1434224296,Marls and Sandstones
REZOVACCKE-1_planed,689340.71,5072557.33,-2400.84,2545.0,2545.0,2.76256233878,14.6413411219,Marls and Sandstones
REZOVACCKE-1_planed,689340.71,5072557.33,-2405.84,2550.0,2550.0,2.61747601028,13.8897497274,Marls and Sandstones
REZOVACCKE-1_planed,689340.71,5072557.33,-2410.84,2555.0,2555.0,2.4724376903,13.1383034073,Marls and Sandstones
REZOVACCKE-1_planed,689340.71,5072557.33,-2415.84,2560.0,2560.0,2.50055808944,13.6131554069,Marls and Sandstones
REZOVACCKE-1_planed,689340.71,5072557.33,-2420.84,2565.0,2565.0,2.52870994261,14.0880044546,Marls and Sandstones
REZOVACCKE-1_planed,689340.71,5072557.33,-2425.84,2570.0,2570.0,2.47443186657,13.5828105999,Marls and Sandstones
REZOVACCKE-1_planed,689340.71,5072557.33,-2430.84,2575.0,2575.0,2.42019853278,13.0777372686,Marls and Sandstones
REZOVACCKE-1_planed,689340.71,5072557.33,-2435.84,2580.0,2580.0,2.51682789423,13.6726683893,Marls and Sandstones
REZOVACCKE-1_planed,689340.71,5072557.33,-2440.84,2585.0,2585.0,2.613469883,14.267541667,Marls and Sandstones
REZOVACCKE-1_planed,689340.71,5072557.33,-2445.84,2590.0,2590.0,2.39841651602,13.1717343504,Marls and Sandstones
REZOVACCKE-1_planed,689340.71,5072557.33,-2450.84,2595.0,2595.0,2.18344836738,12.0762936733,Marls and Sandstones
REZOVACCKE-1_planed,689340.71,5072557.33,-2455.84,2600.0,2600.0,2.72757052391,15.6188246501,Marls and Sandstones
REZOVACCKE-1_planed,689340.71,5072557.33,-2460.84,2605.0,2605.0,3.27168233167,19.1611089319,Marls and Sandstones
REZOVACCKE-1_planed,689340.71,5072557.33,-2465.84,2610.0,2610.0,3.11436735114,18.0308751592,Marls and Sandstones
REZOVACCKE-1_planed,689340.71,5072557.33,-2470.84,2615.0,2615.0,2.95709503595,16.9007618343,Marls and Sandstones
REZOVACCKE-1_planed,689340.71,5072557.33,-2475.84,2620.0,2620.0,3.06876197725,17.6533712061,Marls and Sandstones
REZOVACCKE-1_planed,689340.71,5072557.33,-2480.84,2625.0,2625.0,3.18044490046,18.4058581135,Marls and Sandstones
REZOVACCKE-1_planed,689340.71,5072557.33,-2485.84,2630.0,2630.0,3.05025012315,16.7116253095,Marls and Sandstones
REZOVACCKE-1_planed,689340.71,5072557.33,-2490.84,2635.0,2635.0,2.92008594629,15.017483101,Marls and Sandstones
REZOVACCKE-1_planed,689340.71,5072557.33,-2495.84,2640.0,2640.0,2.84136639464,14.5221899442,Marls and Sandstones
REZOVACCKE-1_planed,689340.71,5072557.33,-2500.84,2645.0,2645.0,2.76267148469,14.0269410939,Marls and Sandstones
REZOVACCKE-1_planed,689340.71,5072557.33,-2505.84,2650.0,2650.0,2.61714572661,13.5456820162,Marls and Sandstones
REZOVACCKE-1_planed,689340.71,5072557.33,-2510.84,2655.0,2655.0,2.47165025041,13.0644471195,Marls and Sandstones
REZOVACCKE-1_planed,689340.71,5072557.33,-2515.84,2660.0,2660.0,2.36614009057,12.5647789365,Marls and Sandstones
REZOVACCKE-1_planed,689340.71,5072557.33,-2520.84,2665.0,2665.0,2.26068268442,12.0652521657,Marls and Sandstones
REZOVACCKE-1_planed,689340.71,5072557.33,-2525.84,2670.0,2670.0,2.49284186983,13.1854069013,Marls and Sandstones
REZOVACCKE-1_planed,689340.71,5072557.33,-2530.84,2675.0,2675.0,2.7249928305,14.3054080797,Marls and Sandstones
REZOVACCKE-1_planed,689340.71,5072557.33,-2535.84,2680.0,2680.0,2.43036087954,12.8233584744,Marls and Sandstones
REZOVACCKE-1_planed,689340.71,5072557.33,-2540.84,2685.0,2685.0,2.13577071996,11.3414092124,Marls and Sandstones
REZOVACCKE-1_planed,689340.71,5072557.33,-2545.84,2690.0,2690.0,2.14553065728,11.439084914,Marls and Sandstones
REZOVACCKE-1_planed,689340.71,5072557.33,-2550.84,2695.0,2695.0,2.15531897014,11.5367878282,Marls and Sandstones
REZOVACCKE-1_planed,689340.71,5072557.33,-2555.84,2700.0,2700.0,2.16120138705,11.5775799978,Marls and Sandstones
REZOVACCKE-1_planed,689340.71,5072557.33,-2560.84,2705.0,2705.0,2.16711494644,11.6184354944,Marls and Sandstones
REZOVACCKE-1_planed,689340.71,5072557.33,-2565.84,2710.0,2710.0,2.26824844919,12.4067565008,Marls and Sandstones
REZOVACCKE-1_planed,689340.71,5072557.33,-2570.84,2715.0,2715.0,2.36942349327,13.195183989,Marls and Sandstones
REZOVACCKE-1_planed,689340.71,5072557.33,-2575.84,2720.0,2720.0,2.7010017903,15.2276080553,Marls and Sandstones
REZOVACCKE-1_planed,689340.71,5072557.33,-2580.84,2725.0,2725.0,3.03262708869,17.2600830535,Marls and Sandstones
REZOVACCKE-1_planed,689340.71,5072557.33,-2585.84,2730.0,2730.0,3.65692744201,19.7466903376,Marls and Sandstones
REZOVACCKE-1_planed,689340.71,5072557.33,-2590.84,2735.0,2735.0,4.28132836771,22.2332323328,Marls and Sandstones
REZOVACCKE-1_planed,689340.71,5072557.33,-2595.84,2740.0,2740.0,5.92441673026,23.7744580547,Marls and Sandstones
REZOVACCKE-1_planed,689340.71,5072557.33,-2600.84,2745.0,2745.0,7.56734130434,25.3155066204,Marls and Sandstones
REZOVACCKE-1_planed,689340.71,5072557.33,-2605.84,2750.0,2750.0,6.53829200399,24.6712349785,Marls and Sandstones
REZOVACCKE-1_planed,689340.71,5072557.33,-2610.84,2755.0,2755.0,5.50921763352,24.0267298937,Marls and Sandstones
REZOVACCKE-1_planed,689340.71,5072557.33,-2615.84,2760.0,2760.0,4.30739434306,20.6832258124,Marls and Sandstones
REZOVACCKE-1_planed,689340.71,5072557.33,-2620.84,2765.0,2765.0,3.10566448993,17.3398288544,Marls and Sandstones
REZOVACCKE-1_planed,689340.71,5072557.33,-2625.84,2770.0,2770.0,2.93414283494,16.0395480996,Marls and Sandstones
REZOVACCKE-1_planed,689340.71,5072557.33,-2630.84,2775.0,2775.0,2.76267187846,14.7393885524,Marls and Sandstones
REZOVACCKE-1_planed,689340.71,5072557.33,-2635.84,2780.0,2780.0,2.85399668067,14.933144296,Marls and Sandstones
REZOVACCKE-1_planed,689340.71,5072557.33,-2640.84,2785.0,2785.0,2.94541420157,15.1270442788,Marls and Sandstones
REZOVACCKE-1_planed,689340.71,5072557.33,-2645.84,2790.0,2790.0,4.00577938944,17.2603641294,Marls and Sandstones
REZOVACCKE-1_planed,689340.71,5072557.33,-2650.84,2795.0,2795.0,5.06629839047,19.3936887764,Marls and Sandstones
REZOVACCKE-1_planed,689340.71,5072557.33,-2655.84,2800.0,2800.0,7.81662542582,21.5460829175,Marls and Sandstones
REZOVACCKE-1_planed,689340.71,5072557.33,-2660.84,2805.0,2805.0,10.5666442529,23.6983096542,Marls and Sandstones
REZOVACCKE-1_planed,689340.71,5072557.33,-2665.84,2810.0,2810.0,8.63857877091,23.8956395026,Marls and Sandstones
REZOVACCKE-1_planed,689340.71,5072557.33,-2670.84,2815.0,2815.0,6.71048744876,24.0927625223,Marls and Sandstones
REZOVACCKE-1_planed,689340.71,5072557.33,-2675.84,2820.0,2820.0,4.99108496398,22.1678881477,Marls and Sandstones
REZOVACCKE-1_planed,689340.71,5072557.33,-2680.84,2825.0,2825.0,3.27186275306,20.2432211593,Marls and Sandstones
REZOVACCKE-1_planed,689340.71,5072557.33,-2685.84,2830.0,2830.0,3.75600781995,21.8756316937,Marls and Sandstones
REZOVACCKE-1_planed,689340.71,5072557.33,-2690.84,2835.0,2835.0,4.24014330271,23.5078436604,Marls and Sandstones
REZOVACCKE-1_planed,689340.71,5072557.33,-2695.84,2840.0,2840.0,4.03567700025,22.299040716,Marls and Sandstones
REZOVACCKE-1_planed,689340.71,5072557.33,-2700.84,2845.0,2845.0,3.83124362318,21.0902255867,Marls and Sandstones
REZOVACCKE-1_planed,689340.71,5072557.33,-2705.84,2850.0,2850.0,4.0010548732,20.660482697,Marls and Sandstones
REZOVACCKE-1_planed,689340.71,5072557.33,-2710.84,2855.0,2855.0,4.17088689131,20.2307758509,Marls and Sandstones
REZOVACCKE-1_planed,689340.71,5072557.33,-2715.84,2860.0,2860.0,4.38384550795,20.6729804774,Marls and Sandstones
REZOVACCKE-1_planed,689340.71,5072557.33,-2720.84,2865.0,2865.0,4.59675925384,21.1150547584,Marls and Sandstones
REZOVACCKE-1_planed,689340.71,5072557.33,-2725.84,2870.0,2870.0,4.02722238449,20.1960238886,Marls and Sandstones
REZOVACCKE-1_planed,689340.71,5072557.33,-2730.84,2875.0,2875.0,3.45770709408,19.2768829921,Marls and Sandstones
REZOVACCKE-1_planed,689340.71,5072557.33,-2735.84,2880.0,2880.0,3.151015394,17.6759535444,Marls and Sandstones
REZOVACCKE-1_planed,689340.71,5072557.33,-2740.84,2885.0,2885.0,2.84436783265,16.0751249791,Marls and Sandstones
REZOVACCKE-1_planed,689340.71,5072557.33,-2745.84,2890.0,2890.0,2.94202256331,16.5714942969,Marls and Sandstones
REZOVACCKE-1_planed,689340.71,5072557.33,-2750.84,2895.0,2895.0,3.039717571,17.0680242549,Marls and Sandstones
REZOVACCKE-1_planed,689340.71,5072557.33,-2755.84,2900.0,2900.0,3.47432099605,20.0450416904,Marls and Sandstones
REZOVACCKE-1_planed,689340.71,5072557.33,-2760.84,2905.0,2905.0,3.90907757555,23.0218390402,Marls and Sandstones
REZOVACCKE-1_planed,689340.71,5072557.33,-2765.84,2910.0,2910.0,6.22906653268,23.2896135224,Marls and Sandstones
REZOVACCKE-1_planed,689340.71,5072557.33,-2770.84,2915.0,2915.0,8.54879067323,23.5572560732,Marls and Sandstones
REZOVACCKE-1_planed,689340.71,5072557.33,-2775.84,2920.0,2920.0,6.84362912404,23.1972914427,Marls and Sandstones
REZOVACCKE-1_planed,689340.71,5072557.33,-2780.84,2925.0,2925.0,5.13848016702,22.8371221993,Marls and Sandstones
REZOVACCKE-1_planed,689340.71,5072557.33,-2785.84,2930.0,2930.0,4.15020112121,20.5495386461,Marls and Sandstones
REZOVACCKE-1_planed,689340.71,5072557.33,-2790.84,2935.0,2935.0,3.16200961659,18.262012586,Marls and Sandstones
REZOVACCKE-1_planed,689340.71,5072557.33,-2795.84,2940.0,2940.0,3.1301088101,17.8395518002,Marls and Sandstones
REZOVACCKE-1_planed,689340.71,5072557.33,-2800.84,2945.0,2945.0,3.09824409752,17.4171215839,Marls and Sandstones
REZOVACCKE-1_planed,689340.71,5072557.33,-2805.84,2950.0,2950.0,3.29320345941,17.8941371056,Marls and Sandstones
REZOVACCKE-1_planed,689340.71,5072557.33,-2810.84,2955.0,2955.0,3.48814755743,18.3710704173,Marls and Sandstones
REZOVACCKE-1_planed,689340.71,5072557.33,-2815.84,2960.0,2960.0,3.34142111514,18.4030402173,Marls and Sandstones
REZOVACCKE-1_planed,689340.71,5072557.33,-2820.84,2965.0,2965.0,3.19470248861,18.4348511529,Marls and Sandstones
REZOVACCKE-1_planed,689340.71,5072557.33,-2825.84,2970.0,2970.0,3.11934196341,17.2275870155,Marls and Sandstones
REZOVACCKE-1_planed,689340.71,5072557.33,-2830.84,2975.0,2975.0,3.04396517651,16.0201791562,Marls and Sandstones
REZOVACCKE-1_planed,689340.71,5072557.33,-2835.84,2980.0,2980.0,2.65173672752,13.9305496071,Marls and Sandstones
REZOVACCKE-1_planed,689340.71,5072557.33,-2840.84,2985.0,2985.0,2.25954203846,11.8410090676,Marls and Sandstones
REZOVACCKE-1_planed,689340.71,5072557.33,-2845.84,2990.0,2990.0,2.2981443297,11.9819073491,Marls and Sandstones
REZOVACCKE-1_planed,689340.71,5072557.33,-2850.84,2995.0,2995.0,2.33676966259,12.1228488653,Marls and Sandstones
REZOVACCKE-1_planed,689340.71,5072557.33,-2855.84,3000.0,3000.0,2.5430988069,13.377063412,Marls and Sandstones
REZOVACCKE-1_planed,689340.71,5072557.33,-2860.84,3005.0,3005.0,2.74941364826,14.6310940009,Marls and Sandstones
REZOVACCKE-1_planed,689340.71,5072557.33,-2865.84,3010.0,3010.0,2.66628112609,14.1204444053,Marls and Sandstones
REZOVACCKE-1_planed,689340.71,5072557.33,-2870.84,3015.0,3015.0,2.58315626975,13.6097368404,Marls and Sandstones
REZOVACCKE-1_planed,689340.71,5072557.33,-2875.84,3020.0,3020.0,2.5886930603,13.529906007,Marls and Sandstones
REZOVACCKE-1_planed,689340.71,5072557.33,-2880.84,3025.0,3025.0,2.59423971853,13.4500327839,Marls and Sandstones
REZOVACCKE-1_planed,689340.71,5072557.33,-2885.84,3030.0,3030.0,2.66051171129,13.661066874,Marls and Sandstones
REZOVACCKE-1_planed,689340.71,5072557.33,-2890.84,3035.0,3035.0,2.72678116147,13.8720130975,Marls and Sandstones
REZOVACCKE-1_planed,689340.71,5072557.33,-2895.84,3040.0,3040.0,2.6946520448,13.7906829195,Marls and Sandstones
REZOVACCKE-1_planed,689340.71,5072557.33,-2900.84,3045.0,3045.0,2.66250263331,13.7092058162,Marls and Sandstones
REZOVACCKE-1_planed,689340.71,5072557.33,-2905.84,3050.0,3050.0,2.32182574328,12.6396255222,Marls and Sandstones
REZOVACCKE-1_planed,689340.71,5072557.33,-2910.84,3055.0,3055.0,1.98120156854,11.5701596929,Marls and Sandstones
REZOVACCKE-1_planed,689340.71,5072557.33,-2915.84,3060.0,3060.0,2.35958437705,13.1745753083,Marls and Sandstones
REZOVACCKE-1_planed,689340.71,5072557.33,-2920.84,3065.0,3065.0,2.73794220742,14.7787657451,Marls and Sandstones
REZOVACCKE-1_planed,689340.71,5072557.33,-2925.84,3070.0,3070.0,2.61655129319,13.8550563304,Marls and Sandstones
REZOVACCKE-1_planed,689340.71,5072557.33,-2930.84,3075.0,3075.0,2.49517380215,12.9313823436,Marls and Sandstones
REZOVACCKE-1_planed,689340.71,5072557.33,-2935.84,3080.0,3080.0,2.59872933246,13.8716975993,Marls and Sandstones
REZOVACCKE-1_planed,689340.71,5072557.33,-2940.84,3085.0,3085.0,2.70231014626,14.812014648,Marls and Sandstones
REZOVACCKE-1_planed,689340.71,5072557.33,-2945.84,3090.0,3090.0,3.0746588612,16.4357127647,Marls and Sandstones
REZOVACCKE-1_planed,689340.71,5072557.33,-2950.84,3095.0,3095.0,3.44696093134,18.0591587008,Marls and Sandstones
REZOVACCKE-1_planed,689340.71,5072557.33,-2955.84,3100.0,3100.0,3.10895119346,17.1190414162,Marls and Sandstones
REZOVACCKE-1_planed,689340.71,5072557.33,-2960.84,3105.0,3105.0,2.77096141604,16.1788622467,Marls and Sandstones
REZOVACCKE-1_planed,689340.71,5072557.33,-2965.84,3110.0,3110.0,2.78893642492,15.7860908979,Marls and Sandstones
REZOVACCKE-1_planed,689340.71,5072557.33,-2970.84,3115.0,3115.0,2.80691813857,15.3932412558,Marls and Sandstones
REZOVACCKE-1_planed,689340.71,5072557.33,-2975.84,3120.0,3120.0,2.8271533226,14.8066196264,Marls and Sandstones
REZOVACCKE-1_planed,689340.71,5072557.33,-2980.84,3125.0,3125.0,2.8473757238,14.2199128418,Marls and Sandstones
REZOVACCKE-1_planed,689340.71,5072557.33,-2985.84,3130.0,3130.0,2.6659725961,13.4620437622,Marls and Sandstones
REZOVACCKE-1_planed,689340.71,5072557.33,-2990.84,3135.0,3135.0,2.48457476667,12.7041272019,Marls and Sandstones
REZOVACCKE-1_planed,689340.71,5072557.33,-2995.84,3140.0,3140.0,2.38158316667,12.2730564149,Marls and Sandstones
REZOVACCKE-1_planed,689340.71,5072557.33,-3000.84,3145.0,3145.0,2.27861161588,11.841987648,Marls and Sandstones
REZOVACCKE-1_planed,689340.71,5072557.33,-3005.84,3150.0,3150.0,2.40876313642,12.3157144275,Marls and Sandstones
REZOVACCKE-1_planed,689340.71,5072557.33,-3010.84,3155.0,3155.0,2.5389010848,12.7893146271,Marls and Sandstones
REZOVACCKE-1_planed,689340.71,5072557.33,-3015.84,3160.0,3160.0,2.4220175576,12.318033914,Marls and Sandstones
REZOVACCKE-1_planed,689340.71,5072557.33,-3020.84,3165.0,3165.0,2.30515078571,11.846753714,Marls and Sandstones
REZOVACCKE-1_planed,689340.71,5072557.33,-3025.84,3170.0,3170.0,2.43202421278,12.4440472281,Marls and Sandstones
REZOVACCKE-1_planed,689340.71,5072557.33,-3030.84,3175.0,3175.0,2.55889540196,13.0412563693,Marls and Sandstones
REZOVACCKE-1_planed,689340.71,5072557.33,-3035.84,3180.0,3180.0,2.59150965441,13.2091143761,Marls and Sandstones
REZOVACCKE-1_planed,689340.71,5072557.33,-3040.84,3185.0,3185.0,2.62410606674,13.3768184677,Marls and Sandstones
REZOVACCKE-1_planed,689340.71,5072557.33,-3045.84,3190.0,3190.0,2.40702633495,12.403473948,Marls and Sandstones
REZOVACCKE-1_planed,689340.71,5072557.33,-3050.84,3195.0,3195.0,2.18996947161,11.4301619876,Marls and Sandstones
REZOVACCKE-1_planed,689340.71,5072557.33,-3055.84,3200.0,3200.0,2.30025719099,11.940896928,Marls and Sandstones
REZOVACCKE-1_planed,689340.71,5072557.33,-3060.84,3205.0,3205.0,2.41054366436,12.4515594356,Marls and Sandstones
REZOVACCKE-1_planed,689340.71,5072557.33,-3065.84,3210.0,3210.0,2.4258399372,12.5702344262,Marls and Sandstones
REZOVACCKE-1_planed,689340.71,5072557.33,-3070.84,3215.0,3215.0,2.44115346574,12.6889324927,Marls and Sandstones
REZOVACCKE-1_planed,689340.71,5072557.33,-3075.84,3220.0,3220.0,2.68130018492,14.0638393275,Marls and Sandstones
REZOVACCKE-1_planed,689340.71,5072557.33,-3080.84,3225.0,3225.0,2.92146326534,15.4388962825,Marls and Sandstones
REZOVACCKE-1_planed,689340.71,5072557.33,-3085.84,3230.0,3230.0,3.32073139917,19.4298529824,Marls and Sandstones
REZOVACCKE-1_planed,689340.71,5072557.33,-3090.84,3235.0,3235.0,3.71996739155,23.4204047975,Marls and Sandstones
REZOVACCKE-1_planed,689340.71,5072557.33,-3095.84,3240.0,3240.0,3.6311169482,22.2592530619,Marls and Sandstones
REZOVACCKE-1_planed,689340.71,5072557.33,-3100.84,3245.0,3245.0,3.54225485127,21.0980021831,Marls and Sandstones
REZOVACCKE-1_planed,689340.71,5072557.33,-3105.84,3250.0,3250.0,3.34856598459,20.1840725719,Marls and Sandstones
REZOVACCKE-1_planed,689340.71,5072557.33,-3110.84,3255.0,3255.0,3.15490461344,19.2702950671,Marls and Sandstones
REZOVACCKE-1_planed,689340.71,5072557.33,-3115.84,3260.0,3260.0,3.32209148654,21.0886296514,Marls and Sandstones
REZOVACCKE-1_planed,689340.71,5072557.33,-3120.84,3265.0,3265.0,3.48927895184,22.906762358,Marls and Sandstones
REZOVACCKE-1_planed,689340.71,5072557.33,-3125.84,3270.0,3270.0,3.57439848723,22.2228769262,Marls and Sandstones
REZOVACCKE-1_planed,689340.71,5072557.33,-3130.84,3275.0,3275.0,3.65949395621,21.5388634821,Marls and Sandstones
REZOVACCKE-1_planed,689340.71,5072557.33,-3135.84,3280.0,3280.0,3.39992017498,20.1884647625,Marls and Sandstones
REZOVACCKE-1_planed,689340.71,5072557.33,-3140.84,3285.0,3285.0,3.14036729349,18.8380920453,Marls and Sandstones
REZOVACCKE-1_planed,689340.71,5072557.33,-3145.84,3290.0,3290.0,3.18498397814,18.5738742423,Marls and Sandstones
REZOVACCKE-1_planed,689340.71,5072557.33,-3150.84,3295.0,3295.0,3.22960223859,18.3096969647,Marls and Sandstones
REZOVACCKE-1_planed,689340.71,5072557.33,-3155.84,3300.0,3300.0,3.20924484476,19.0071711059,Marls and Sandstones
REZOVACCKE-1_planed,689340.71,5072557.33,-3160.84,3305.0,3305.0,3.18889102289,19.7045615514,Marls and Sandstones
REZOVACCKE-1_planed,689340.71,5072557.33,-3165.84,3310.0,3310.0,3.18942193521,19.6685450921,Marls and Sandstones
REZOVACCKE-1_planed,689340.71,5072557.33,-3167.84,3312.0,3312.0,3.18963523464,19.6541239996,Marls and Sandstones
