holeid,Depth,PERM
Unknown-2,0,25.79915682785468
Unknown-2,1,26.05848828123407
Unknown-2,2,26.00160203251334
Unknown-2,3,25.944715783792606
Unknown-2,4,25.88782953507187
Unknown-2,5,25.830943286351143
Unknown-2,6,25.774057037630413
Unknown-2,7,25.71717078890968
Unknown-2,8,25.660284540188936
Unknown-2,9,25.603398291468206
Unknown-2,10,25.54651204274748
Unknown-2,11,25.489625794026743
Unknown-2,12,25.432739545306017
Unknown-2,13,25.37585329658528
Unknown-2,14,25.31896704786455
Unknown-2,15,25.262080799143817
Unknown-2,16,25.20519455042309
Unknown-2,17,25.148308301702357
Unknown-2,18,25.091422052981617
Unknown-2,19,25.03453580426089
Unknown-2,20,24.977649555540157
Unknown-2,21,24.920763306819428
Unknown-2,22,24.86387705809869
Unknown-2,23,24.80699080937796
Unknown-2,24,24.750104560657228
Unknown-2,25,24.693218311936494
Unknown-2,26,24.636332063215757
Unknown-2,27,24.579445814495028
Unknown-2,28,24.5225595657743
Unknown-2,29,24.465673317053568
Unknown-2,30,24.40878706833283
Unknown-2,31,24.351900819612098
Unknown-2,32,24.295014570891368
Unknown-2,33,24.23812832217064
Unknown-2,34,24.181242073449905
Unknown-2,35,24.124355824729168
Unknown-2,36,24.067469576008442
Unknown-2,37,24.01058332728771
Unknown-2,38,23.95369707856698
Unknown-2,39,23.896810829846242
Unknown-2,40,23.839924581125516
Unknown-2,41,23.78303833240478
Unknown-2,42,23.726152083684042
Unknown-2,43,23.669265834963316
Unknown-2,44,23.612379586242586
Unknown-2,45,23.555493337521852
Unknown-2,46,23.498607088801116
Unknown-2,47,23.441720840080386
Unknown-2,48,23.384834591359652
Unknown-2,49,23.327948342638916
Unknown-2,50,23.27106209391819
Unknown-2,51,23.214175845197452
Unknown-2,52,23.157289596476726
Unknown-2,53,23.100403347755993
Unknown-2,54,23.043517099035256
Unknown-2,55,22.98663085031453
Unknown-2,56,22.929744601593796
Unknown-2,57,22.87285835287306
Unknown-2,58,22.815972104152326
Unknown-2,59,22.7590858554316
Unknown-2,60,22.70219960671086
Unknown-2,61,22.64531335799013
Unknown-2,62,22.588427109269404
Unknown-2,63,22.531540860548667
Unknown-2,64,22.47465461182793
Unknown-2,65,22.417768363107204
Unknown-2,66,22.360882114386474
Unknown-2,67,22.30399586566574
Unknown-2,68,22.247109616945007
Unknown-2,69,22.190223368224274
Unknown-2,70,22.13333711950354
Unknown-2,71,22.076450870782807
Unknown-2,72,22.019564622062077
Unknown-2,73,21.96267837334134
Unknown-2,74,21.90579212462061
Unknown-2,75,50.625551364980886
Unknown-2,76,50.6320209613272
Unknown-2,77,50.63849055767353
Unknown-2,78,50.64496015401986
Unknown-2,79,50.65142975036618
Unknown-2,80,50.6578993467125
Unknown-2,81,50.66436894305882
Unknown-2,82,50.67083853940514
Unknown-2,83,50.67730813575145
Unknown-2,84,50.68377773209779
Unknown-2,85,50.6902473284441
Unknown-2,86,50.69671692479043
Unknown-2,87,50.70318652113674
Unknown-2,88,50.709656117483064
Unknown-2,89,50.7161257138294
Unknown-2,90,50.722595310175706
Unknown-2,91,50.729064906522034
Unknown-2,92,50.735534502868354
Unknown-2,93,50.742004099214675
Unknown-2,94,50.748473695560996
Unknown-2,95,50.75494329190731
Unknown-2,96,50.76141288825364
Unknown-2,97,50.767882484599966
Unknown-2,98,50.77435208094629
Unknown-2,99,50.78082167729261
Unknown-2,100,50.78729127363893
Unknown-2,101,50.793760869985256
Unknown-2,102,50.80023046633158
Unknown-2,103,50.8067000626779
Unknown-2,104,50.81316965902421
Unknown-2,105,50.81963925537054
Unknown-2,106,50.82610885171686
Unknown-2,107,50.832578448063174
Unknown-2,108,50.8390480444095
Unknown-2,109,50.84551764075584
Unknown-2,110,50.85198723710214
Unknown-2,111,50.85845683344848
Unknown-2,112,50.86492642979479
Unknown-2,113,50.86104864825442
Unknown-2,114,50.85429416836193
Unknown-2,115,50.80361958182294
Unknown-2,116,50.65766789357769
Unknown-2,117,50.45068936707596
Unknown-2,118,49.99366741917985
Unknown-2,119,49.05263189388914
Unknown-2,120,47.62557028138871
Unknown-2,121,46.162790897684246
Unknown-2,122,44.7000115139797
Unknown-2,123,43.237232130275224
Unknown-2,124,41.77445274657076
Unknown-2,125,40.311673362866216
Unknown-2,126,38.84889397916175
Unknown-2,127,37.386114595457286
Unknown-2,128,35.92333521175281
Unknown-2,129,34.460555828048264
Unknown-2,130,32.997776444343806
Unknown-2,131,31.534997060639338
Unknown-2,132,30.072217676934873
Unknown-2,133,28.60943829323032
Unknown-2,134,27.146658909525854
Unknown-2,135,25.68387952582139
Unknown-2,136,24.221100142116914
Unknown-2,137,22.75832075841238
Unknown-2,138,21.295541374707906
Unknown-2,139,19.832761991003448
Unknown-2,140,18.36998260729898
Unknown-2,141,16.90949466164127
Unknown-2,142,15.672128871871386
Unknown-2,143,14.927607563684624
Unknown-2,144,14.662406814805937
Unknown-2,145,14.413871153792478
Unknown-2,146,14.188315223170957
Unknown-2,147,13.996201756203199
Unknown-2,148,13.850632196837523
Unknown-2,149,13.750027245263471
Unknown-2,150,13.668300971979608
Unknown-2,151,13.597577549195416
Unknown-2,152,13.526854126411216
Unknown-2,153,13.456130703627021
Unknown-2,154,13.385407280842827
Unknown-2,155,13.314683858058633
Unknown-2,156,13.255082256366926
Unknown-2,157,13.203602749558177
Unknown-2,158,13.15212324274944
Unknown-2,159,13.100643735940697
Unknown-2,160,13.049164229131947
Unknown-2,161,12.997684722323205
Unknown-2,162,12.94620521551446
Unknown-2,163,12.89472570870572
Unknown-2,164,12.843246201896974
Unknown-2,165,12.79176669508823
Unknown-2,166,12.740287188279483
Unknown-2,167,12.688807681470742
Unknown-2,168,12.637328174661993
Unknown-2,169,12.585848667853252
Unknown-2,170,12.534369161044507
Unknown-2,171,12.482889654235763
Unknown-2,172,12.431410147427023
Unknown-2,173,12.379930640618275
Unknown-2,174,12.32845113380953
Unknown-2,175,12.276971627000787
Unknown-2,176,12.22549212019204
Unknown-2,177,12.174012613383297
Unknown-2,178,12.122533106574554
Unknown-2,179,12.071053599765811
Unknown-2,180,12.019574092957065
Unknown-2,181,11.968094586148323
Unknown-2,182,11.916615079339579
Unknown-2,183,11.865135572530832
Unknown-2,184,11.813656065722093
Unknown-2,185,11.762176558913344
Unknown-2,186,11.710697052104601
Unknown-2,187,11.659217545295856
Unknown-2,188,11.607738038487113
Unknown-2,189,11.55625853167837
Unknown-2,190,11.504779024869624
Unknown-2,191,11.453299518060877
Unknown-2,192,11.401820011252138
Unknown-2,193,11.350340504443391
Unknown-2,194,11.298860997634646
Unknown-2,195,11.247381490825905
Unknown-2,196,11.195901984017159
Unknown-2,197,11.144422477208416
Unknown-2,198,11.09294297039967
Unknown-2,199,11.041463463590926
Unknown-2,200,10.989983956782185
Unknown-2,201,10.938504449973438
Unknown-2,202,10.887024943164697
Unknown-2,203,10.83554543635595
Unknown-2,204,10.784065929547207
Unknown-2,205,10.73258642273846
Unknown-2,206,10.68110691592972
Unknown-2,207,10.629627409120975
Unknown-2,208,10.578147902312232
Unknown-2,209,10.526668395503487
Unknown-2,210,10.475188888694742
Unknown-2,211,10.423709381885995
Unknown-2,212,10.372229875077254
Unknown-2,213,10.320750368268508
Unknown-2,214,10.269270861459765
Unknown-2,215,10.21779135465102
Unknown-2,216,10.166311847842277
Unknown-2,217,10.114832341033534
Unknown-2,218,10.063352834224787
Unknown-2,219,10.011873327416044
Unknown-2,220,9.960393820607297
Unknown-2,221,9.908914313798554
Unknown-2,222,9.857434806989811
Unknown-2,223,9.805955300181068
Unknown-2,224,9.754475793372324
Unknown-2,225,9.702996286563579
Unknown-2,226,9.651516779754832
Unknown-2,227,9.60003727294609
Unknown-2,228,9.548557766137346
Unknown-2,229,9.497078259328603
Unknown-2,230,9.445598752519858
Unknown-2,231,9.394119245711114
Unknown-2,232,9.342639738902367
Unknown-2,233,9.291160232093628
Unknown-2,234,9.23968072528488
Unknown-2,235,9.188201218476136
Unknown-2,236,9.136721711667391
Unknown-2,237,9.085242204858647
Unknown-2,238,9.033762698049904
Unknown-2,239,8.982283191241162
Unknown-2,240,8.930803684432416
Unknown-2,241,8.87932417762367
Unknown-2,242,8.82784467081493
Unknown-2,243,8.776365164006185
Unknown-2,244,8.724885657197436
Unknown-2,245,8.673406150388693
Unknown-2,246,8.62192664357995
Unknown-2,247,8.570447136771204
Unknown-2,248,8.518967629962464
Unknown-2,249,8.46748812315372
Unknown-2,250,8.416008616344975
Unknown-2,251,8.364529109536228
Unknown-2,252,8.313049602727485
Unknown-2,253,8.261570095918744
Unknown-2,254,8.21009058911
Unknown-2,255,8.15861108230125
Unknown-2,256,8.107131575492513
Unknown-2,257,8.055652068683761
Unknown-2,258,8.004172561875022
Unknown-2,259,7.952693055066275
Unknown-2,260,7.90121354825753
Unknown-2,261,7.849734041448791
Unknown-2,262,7.798254534640048
Unknown-2,263,7.746775027831301
Unknown-2,264,7.695295521022556
Unknown-2,265,7.643816014213811
Unknown-2,266,7.592336507405067
Unknown-2,267,7.540857000596324
Unknown-2,268,7.489377493787577
Unknown-2,269,7.440303309051412
Unknown-2,270,7.391695920806736
Unknown-2,271,7.3431053728424445
Unknown-2,272,7.299539240721354
Unknown-2,273,7.262463022275169
Unknown-2,274,7.228546547486168
Unknown-2,275,7.198035373004224
Unknown-2,276,7.1686482474318804
Unknown-2,277,7.139372647893444
Unknown-2,278,7.113217039288816
Unknown-2,279,7.0870614306841935
Unknown-2,280,7.061669571092086
Unknown-2,281,7.037103349494888
Unknown-2,282,7.012794003379109
Unknown-2,283,6.990040176292428
Unknown-2,284,6.967286349205745
Unknown-2,285,6.945220341048519
Unknown-2,286,6.9245401805877265
Unknown-2,287,6.903860020126933
Unknown-2,288,6.883179859666138
Unknown-2,289,6.862499699205346
Unknown-2,290,6.841819538744552
Unknown-2,291,6.82113937828376
Unknown-2,292,6.800459217822965
Unknown-2,293,6.779779057362168
Unknown-2,294,6.759098896901374
Unknown-2,295,6.7384187364405825
Unknown-2,296,6.717738575979787
Unknown-2,297,6.697058415518997
Unknown-2,298,6.676378255058204
Unknown-2,299,6.6556980945974065
Unknown-2,300,6.6350179341366164
Unknown-2,301,6.6143377736758175
Unknown-2,302,6.5936576132150275
Unknown-2,303,6.572977452754231
Unknown-2,304,6.55229729229344
Unknown-2,305,6.5316171318326415
Unknown-2,306,6.51093697137185
Unknown-2,307,6.490256810911058
Unknown-2,308,6.469576650450265
Unknown-2,309,6.448896489989472
Unknown-2,310,6.428216329528675
Unknown-2,311,6.407536169067884
Unknown-2,312,6.386856008607093
Unknown-2,313,6.366175848146297
Unknown-2,314,6.345495687685501
Unknown-2,315,6.324815527224709
Unknown-2,316,6.304135366763916
Unknown-2,317,6.283455206303121
Unknown-2,318,6.262775045842328
Unknown-2,319,6.2420948853815315
Unknown-2,320,6.221414724920738
Unknown-2,321,6.200734564459946
Unknown-2,322,6.180054403999149
Unknown-2,323,6.159374243538358
Unknown-2,324,6.1386940830775645
Unknown-2,325,6.118013922616768
Unknown-2,326,6.097299845448045
Unknown-2,327,6.07654892407103
Unknown-2,328,6.0557980026940115
Unknown-2,329,6.035047081316998
Unknown-2,330,6.014296159939982
Unknown-2,331,5.993545238562968
Unknown-2,332,5.972794317185949
Unknown-2,333,5.945094780583677
Unknown-2,334,5.917150562370527
Unknown-2,335,5.889206344157381
Unknown-2,336,5.861262125944235
Unknown-2,337,5.833317907731086
Unknown-2,338,5.805373689517937
Unknown-2,339,5.777429471304787
Unknown-2,340,5.74948525309164
Unknown-2,341,5.721541034878493
Unknown-2,342,5.693982873995406
Unknown-2,343,5.666698229537711
Unknown-2,344,5.6394135850800176
Unknown-2,345,5.612128940622323
Unknown-2,346,5.5848442961646265
Unknown-2,347,5.557559651706932
Unknown-2,348,5.530275007249239
Unknown-2,349,5.502990362791544
Unknown-2,350,5.4757057183338445
Unknown-2,351,5.448421073876155
Unknown-2,352,5.421136429418455
Unknown-2,353,5.3938517849607654
Unknown-2,354,5.366567140503069
Unknown-2,355,5.339282496045371
Unknown-2,356,5.311997851587676
Unknown-2,357,5.284713207129985
Unknown-2,358,5.257428562672289
Unknown-2,359,5.230143918214596
Unknown-2,360,5.2028592737569
Unknown-2,361,5.175574629299205
Unknown-2,362,5.148289984841506
Unknown-2,363,5.121005340383814
Unknown-2,364,5.093720695926119
Unknown-2,365,5.066436051468424
Unknown-2,366,5.039151407010731
Unknown-2,367,5.0118667625530335
Unknown-2,368,4.984582118095341
Unknown-2,369,4.957297473637645
Unknown-2,370,4.930012829179953
Unknown-2,371,4.902728184722255
Unknown-2,372,4.875443540264562
Unknown-2,373,4.848158895806864
Unknown-2,374,4.820874251349171
Unknown-2,375,4.793589606891476
Unknown-2,376,4.766304962433786
Unknown-2,377,4.739020317976087
Unknown-2,378,4.711735673518389
Unknown-2,379,4.684451029060698
Unknown-2,380,4.657166384603002
Unknown-2,381,4.629881740145309
Unknown-2,382,4.603132908219072
Unknown-2,383,4.576826795339256
Unknown-2,384,4.550520682459442
Unknown-2,385,4.524214569579634
Unknown-2,386,4.49790845669982
Unknown-2,387,4.4716023438200105
Unknown-2,388,4.445296230940201
Unknown-2,389,4.4197204500127105
Unknown-2,390,4.39606244634682
Unknown-2,391,4.3724044426809225
Unknown-2,392,4.348746439015032
Unknown-2,393,4.325088435349136
Unknown-2,394,4.3033540155202745
Unknown-2,395,4.281868007328694
Unknown-2,396,4.260381999137109
Unknown-2,397,4.238895990945529
Unknown-2,398,4.217409982753945
Unknown-2,399,4.1959239745623655
Unknown-2,400,4.1744379663707765
Unknown-2,401,4.152951958179202
Unknown-2,402,4.131465949987615
Unknown-2,403,4.109550080599533
Unknown-2,404,4.085277365720386
Unknown-2,405,4.061004650841242
Unknown-2,406,4.036731935962096
Unknown-2,407,4.012459221082949
Unknown-2,408,3.988186506203805
Unknown-2,409,3.963913791324658
Unknown-2,410,3.9396410764455165
Unknown-2,411,3.915368361566367
Unknown-2,412,3.891095646687223
Unknown-2,413,3.867362783638379
Unknown-2,414,3.843729083051832
Unknown-2,415,3.820095382465282
Unknown-2,416,3.7964616818787347
Unknown-2,417,3.772827981292189
Unknown-2,418,3.7491942807056464
Unknown-2,419,3.725560580119094
Unknown-2,420,3.701926879532545
Unknown-2,421,3.6782931789459994
Unknown-2,422,3.6546594783594513
Unknown-2,423,3.6310257777729023
Unknown-2,424,3.6073920771863577
Unknown-2,425,3.583758376599813
Unknown-2,426,3.5601246760132614
Unknown-2,427,3.536490975426717
Unknown-2,428,3.5130191707169587
Unknown-2,429,3.490212849651633
Unknown-2,430,3.4674065285863147
Unknown-2,431,3.4446643635246987
Unknown-2,432,3.423299277806051
Unknown-2,433,3.4019341920874018
Unknown-2,434,3.3805691063687524
Unknown-2,435,3.3592040206501013
Unknown-2,436,3.3378389349314563
Unknown-2,437,3.3164738492128034
Unknown-2,438,3.2951087634941496
Unknown-2,439,3.274267551783254
Unknown-2,440,3.2536046507673317
Unknown-2,441,3.23428595696375
Unknown-2,442,3.2209447710916788
Unknown-2,443,3.208051655640716
Unknown-2,444,3.1951585401897544
Unknown-2,445,3.182265424738792
Unknown-2,446,3.169372309287831
Unknown-2,447,3.1564791938368746
Unknown-2,448,3.1435860783859146
Unknown-2,449,3.130971241613576
Unknown-2,450,3.1183606189140685
Unknown-2,451,3.1057499962145565
Unknown-2,452,3.0931393735150445
Unknown-2,453,3.0805287508155326
Unknown-2,454,3.067918128116025
Unknown-2,455,3.055307505416514
Unknown-2,456,3.0426968827169993
Unknown-2,457,3.030086260017491
Unknown-2,458,3.017475637317978
Unknown-2,459,3.004865888289931
Unknown-2,460,2.993173242341154
Unknown-2,461,2.981644541572571
Unknown-2,462,2.9702796861672267
Unknown-2,463,2.9598066649166537
Unknown-2,464,2.9493336436660877
Unknown-2,465,2.9388606224155165
Unknown-2,466,2.928387601164949
Unknown-2,467,2.9179145799143775
Unknown-2,468,2.9074415586638036
Unknown-2,469,2.8969685374132332
Unknown-2,470,2.8864955161626673
Unknown-2,471,2.876022494912095
Unknown-2,472,2.866018801250406
Unknown-2,473,2.8564233625822792
Unknown-2,474,2.846833960909647
Unknown-2,475,2.8378196650678085
Unknown-2,476,2.8288053692259663
Unknown-2,477,2.8197910733841285
Unknown-2,478,2.8107767775422863
Unknown-2,479,2.801940756352564
Unknown-2,480,2.793249747454663
Unknown-2,481,2.7845587385567603
Unknown-2,482,2.7758677296588576
Unknown-2,483,2.7671767207609568
Unknown-2,484,2.758485711863057
Unknown-2,485,2.7497947029651506
Unknown-2,486,2.7411036940672515
Unknown-2,487,2.732412685169348
Unknown-2,488,2.7237216762714445
Unknown-2,489,2.7150306673735445
Unknown-2,490,2.7063396584756436
Unknown-2,491,2.69764864957774
Unknown-2,492,2.688957640679841
Unknown-2,493,2.6802666317819366
Unknown-2,494,2.671773388715704
Unknown-2,495,2.6643473241575304
Unknown-2,496,2.656921259599354
Unknown-2,497,2.6500326579411793
Unknown-2,498,2.6435914279748225
Unknown-2,499,2.6371245525835114
Unknown-2,500,2.6306214725937513
Unknown-2,501,2.6241183926039966
Unknown-2,502,2.6176153126142374
Unknown-2,503,2.611112232624481
Unknown-2,504,2.6046091526347244
Unknown-2,505,2.5981060726449696
Unknown-2,506,2.591602992655212
Unknown-2,507,2.5850999126654566
Unknown-2,508,2.5785968326756965
Unknown-2,509,2.572093752685941
Unknown-2,510,2.5655906726961826
Unknown-2,511,2.5590875927064314
Unknown-2,512,2.552584512716672
Unknown-2,513,2.5460814327269166
Unknown-2,514,2.539578352737162
Unknown-2,515,2.533552916208305
Unknown-2,516,2.527557837844446
Unknown-2,517,2.5215627594805854
Unknown-2,518,2.5155676811167202
Unknown-2,519,2.5095726027528578
Unknown-2,520,2.5035775243889944
Unknown-2,521,2.49758244602513
Unknown-2,522,2.4915873676612703
Unknown-2,523,2.485592289297407
Unknown-2,524,2.4795972109335436
Unknown-2,525,2.474307795751887
Unknown-2,526,2.4720766061085797
Unknown-2,527,2.4703739267660145
Unknown-2,528,2.4686712474234502
Unknown-2,529,2.466968568080887
Unknown-2,530,2.4652658887383216
Unknown-2,531,2.463563209395761
Unknown-2,532,2.4618605300531966
Unknown-2,533,2.460157850710633
Unknown-2,534,2.4584551713680716
Unknown-2,535,2.4567524920255064
Unknown-2,536,2.455049812682944
Unknown-2,537,2.4533471333403787
Unknown-2,538,2.4516444539978153
Unknown-2,539,2.4499417746552483
Unknown-2,540,2.4482390953126876
Unknown-2,541,2.4465364159701277
Unknown-2,542,2.444833736627565
Unknown-2,543,2.443131057284999
Unknown-2,544,2.441889792882538
Unknown-2,545,2.4408735770371415
Unknown-2,546,2.439857361191736
Unknown-2,547,2.4396579050049416
Unknown-2,548,2.4394872449528133
Unknown-2,549,2.439316584900679
Unknown-2,550,2.439145924848547
Unknown-2,551,2.438975264796417
Unknown-2,552,2.4388046047442815
Unknown-2,553,2.4386339446921514
Unknown-2,554,2.438463284640018
Unknown-2,555,2.438292624587885
Unknown-2,556,2.438121964535754
Unknown-2,557,2.4379513044836196
Unknown-2,558,2.4377806444314896
Unknown-2,559,2.437609984379355
Unknown-2,560,2.4374393243272223
Unknown-2,561,2.4372686642750923
Unknown-2,562,2.4370980042229604
Unknown-2,563,2.436927344170826
Unknown-2,564,2.436756684118694
Unknown-2,565,2.436586024066562
Unknown-2,566,2.436415364014432
Unknown-2,567,2.436218372860349
Unknown-2,568,2.435974637705181
Unknown-2,569,2.435730902550005
Unknown-2,570,2.4354871673948324
Unknown-2,571,2.435243432239665
Unknown-2,572,2.434999697084492
Unknown-2,573,2.4347559619293238
Unknown-2,574,2.4345122267741486
Unknown-2,575,2.4342684916189787
Unknown-2,576,2.4340247564638053
Unknown-2,577,2.4337810213086355
Unknown-2,578,2.4335372861534648
Unknown-2,579,2.4332935509982923
Unknown-2,580,2.4330498158431233
Unknown-2,581,2.432806080687949
Unknown-2,582,2.4325623455327783
Unknown-2,583,2.4323186103776058
Unknown-2,584,2.432074875222437
Unknown-2,585,2.431831140067265
Unknown-2,586,2.4315874049120936
Unknown-2,587,2.431343669756921
Unknown-2,588,2.4310999346017494
Unknown-2,589,2.4308561994465787
Unknown-2,590,2.430612464291408
Unknown-2,591,2.4303687291362372
Unknown-2,592,2.4301249939810656
Unknown-2,593,2.4298812588258967
Unknown-2,594,2.4296375236707197
Unknown-2,595,2.4293937885155508
Unknown-2,596,2.429150053360379
Unknown-2,597,2.4289063182052084
Unknown-2,598,2.426812353305591
Unknown-2,599,2.422913120487361
Unknown-2,600,2.4190138876691307
Unknown-2,601,2.415114654850898
Unknown-2,602,2.411215422032667
Unknown-2,603,2.407316189214435
Unknown-2,604,2.403416956396204
Unknown-2,605,2.3995177235779748
Unknown-2,606,2.395618490759742
Unknown-2,607,2.39171925794151
Unknown-2,608,2.387820025123278
Unknown-2,609,2.383920792305047
Unknown-2,610,2.3800215594868153
Unknown-2,611,2.376122326668586
Unknown-2,612,2.372223093850354
Unknown-2,613,2.3683238610321222
Unknown-2,614,2.364424628213892
Unknown-2,615,2.3605253953956593
Unknown-2,616,2.3566261625774265
Unknown-2,617,2.3527269297591964
Unknown-2,618,2.348827696940967
Unknown-2,619,2.3449284641227344
Unknown-2,620,2.341018630118631
Unknown-2,621,2.3371080894134266
Unknown-2,622,2.3331975487082204
Unknown-2,623,2.329287008003015
Unknown-2,624,2.3253764672978106
Unknown-2,625,2.3214659265926034
Unknown-2,626,2.317555385887398
Unknown-2,627,2.313644845182191
Unknown-2,628,2.3097343044769865
Unknown-2,629,2.305823763771781
Unknown-2,630,2.301913223066574
Unknown-2,631,2.2980026823613686
Unknown-2,632,2.2940921416561633
Unknown-2,633,2.2903613394600493
Unknown-2,634,2.2867496298482184
Unknown-2,635,2.2831379202363875
Unknown-2,636,2.2795262106245575
Unknown-2,637,2.275980016742089
Unknown-2,638,2.2727043506856637
Unknown-2,639,2.2694286846292373
Unknown-2,640,2.266153018572812
Unknown-2,641,2.2628773525163863
Unknown-2,642,2.2596016864599573
Unknown-2,643,2.2563260204035327
Unknown-2,644,2.253050354347107
Unknown-2,645,2.249774688290681
Unknown-2,646,2.2464990222342553
Unknown-2,647,2.24322335617783
Unknown-2,648,2.2399476901214035
Unknown-2,649,2.2366720240649762
Unknown-2,650,2.2333963580085516
Unknown-2,651,2.2301206919521244
Unknown-2,652,2.226845025895697
Unknown-2,653,2.2235693598392734
Unknown-2,654,2.220293693782847
Unknown-2,655,2.2170180277264206
Unknown-2,656,2.2137423616699943
Unknown-2,657,2.210466695613569
Unknown-2,658,2.2071910295571433
Unknown-2,659,2.203915363500717
Unknown-2,660,2.2006396974442906
Unknown-2,661,2.1974674952164914
Unknown-2,662,2.1947952183244404
Unknown-2,663,2.192122941432393
Unknown-2,664,2.1894301443069484
Unknown-2,665,2.186729667001604
Unknown-2,666,2.1840291896962585
Unknown-2,667,2.181328712390912
Unknown-2,668,2.178628235085565
Unknown-2,669,2.1759277577802187
Unknown-2,670,2.17322728047487
Unknown-2,671,2.1705268031695253
Unknown-2,672,2.167826325864178
Unknown-2,673,2.165125848558832
Unknown-2,674,2.1624253712534847
Unknown-2,675,2.1597248939481375
Unknown-2,676,2.157024416642792
Unknown-2,677,2.1543239393374476
Unknown-2,678,2.1516234620321004
Unknown-2,679,2.148922984726755
Unknown-2,680,2.146222507421406
Unknown-2,681,2.14352203011606
Unknown-2,682,2.1408215528107144
Unknown-2,683,2.1381210755053655
Unknown-2,684,2.135420598200022
Unknown-2,685,2.1327201208946738
Unknown-2,686,2.1300196435893284
Unknown-2,687,2.127319166283983
Unknown-2,688,2.124618688978635
Unknown-2,689,2.1219182116732878
Unknown-2,690,2.1192177343679433
Unknown-2,691,2.116517257062597
Unknown-2,692,2.113816779757249
Unknown-2,693,2.1111163024519035
Unknown-2,694,2.1084158251465563
Unknown-2,695,2.105715347841209
Unknown-2,696,2.103014870535863
Unknown-2,697,2.1003143932305193
Unknown-2,698,2.0976139159251685
Unknown-2,699,2.094913438619824
Unknown-2,700,2.0922129613144795
Unknown-2,701,2.0895124840091315
Unknown-2,702,2.086812006703785
Unknown-2,703,2.08411152939844
Unknown-2,704,2.0814110520930926
Unknown-2,705,2.0787105747877463
Unknown-2,706,2.076010097482401
Unknown-2,707,2.073309620177052
Unknown-2,708,2.0706091428717057
Unknown-2,709,2.0679086655663603
Unknown-2,710,2.0652081882610123
Unknown-2,711,2.062507710955666
Unknown-2,712,2.0598072336503215
Unknown-2,713,2.0571067563449743
Unknown-2,714,2.054406279039627
Unknown-2,715,2.051705801734281
Unknown-2,716,2.049005324428938
Unknown-2,717,3.505319803036759
Unknown-2,718,3.5114139402484064
Unknown-2,719,3.517508077460053
Unknown-2,720,3.523610618732948
Unknown-2,721,3.529719645906349
Unknown-2,722,3.5358286730797523
Unknown-2,723,3.5419377002531514
Unknown-2,724,3.548046727426554
Unknown-2,725,3.554155754599959
Unknown-2,726,3.560264781773358
Unknown-2,727,3.5663738089467616
Unknown-2,728,3.5724828361201606
Unknown-2,729,3.578591863293564
Unknown-2,730,3.584700890466973
Unknown-2,731,3.5908099176403674
Unknown-2,732,3.59691894481377
Unknown-2,733,3.6030279719871663
Unknown-2,734,3.6091369991605715
Unknown-2,735,3.615246026333974
Unknown-2,736,3.615866650187062
Unknown-2,737,3.6148190626915246
Unknown-2,738,3.613771967463097
Unknown-2,739,3.6128071335673155
Unknown-2,740,3.611842299671536
Unknown-2,741,3.6108774657757543
Unknown-2,742,3.6099126318799755
Unknown-2,743,3.608947797984194
Unknown-2,744,3.607982964088416
Unknown-2,745,3.607018130192632
Unknown-2,746,3.606053296296853
Unknown-2,747,3.6050884624010724
Unknown-2,748,3.6041236285052936
Unknown-2,749,3.603158794609512
Unknown-2,750,3.6021939607137305
Unknown-2,751,3.60122912681795
Unknown-2,752,3.600264292922171
Unknown-2,753,3.5992994590263905
Unknown-2,754,3.59833462513061
Unknown-2,755,3.597369791234831
Unknown-2,756,3.5964049573390504
Unknown-2,757,3.595440123443268
Unknown-2,758,3.5944752895474874
Unknown-2,759,3.593510455651706
Unknown-2,760,3.5926417115220133
Unknown-2,761,3.592124310764982
Unknown-2,762,3.5916069100079513
Unknown-2,763,3.5910895092509225
Unknown-2,764,3.5905721084938884
Unknown-2,765,3.5900547077368596
Unknown-2,766,3.5895373069798273
Unknown-2,767,3.5890199062227968
Unknown-2,768,3.5885322001805777
Unknown-2,769,3.588380981410719
Unknown-2,770,3.5882297626408626
Unknown-2,771,3.5886127578730553
Unknown-2,772,3.589007350125275
Unknown-2,773,3.5894019423775
Unknown-2,774,3.589796534629717
Unknown-2,775,3.590191126881945
Unknown-2,776,3.5905857191341655
Unknown-2,777,3.590980311386387
Unknown-2,778,3.5913749036386102
Unknown-2,779,3.59176949589083
Unknown-2,780,3.5921640881430523
Unknown-2,781,3.5925586803952747
Unknown-2,782,3.5923067803270987
Unknown-2,783,3.5916457479027475
Unknown-2,784,3.5909847154783945
Unknown-2,785,3.5903236830540415
Unknown-2,786,3.5896626506296876
Unknown-2,787,3.5890016182053355
Unknown-2,788,3.5883405857809834
Unknown-2,789,3.5876795533566304
Unknown-2,790,3.5870185209322765
Unknown-2,791,3.5863574885079252
Unknown-2,792,3.585696456083574
Unknown-2,793,3.58503542365922
Unknown-2,794,3.5843743912348653
Unknown-2,795,3.5837133588105132
Unknown-2,796,3.5830523263861602
Unknown-2,797,3.582391293961807
Unknown-2,798,3.5817302615374533
Unknown-2,799,3.581069229113101
Unknown-2,800,3.5804081966887464
Unknown-2,801,3.579747164264397
Unknown-2,802,3.579086131840043
Unknown-2,803,3.578425099415691
Unknown-2,804,3.577764066991338
Unknown-2,805,3.577103034566984
Unknown-2,806,3.5764420021426337
Unknown-2,807,3.5757809697182807
Unknown-2,808,3.575119937293926
Unknown-2,809,3.574458904869573
Unknown-2,810,3.573797872445221
Unknown-2,811,3.5731368400208705
Unknown-2,812,3.572539476462387
Unknown-2,813,3.571944124470379
Unknown-2,814,3.571348772478369
Unknown-2,815,3.5707534204863567
Unknown-2,816,3.5701580684943464
Unknown-2,817,3.569562716502336
Unknown-2,818,3.5689673645103275
Unknown-2,819,3.5684039043629205
Unknown-2,820,3.567843112227127
Unknown-2,821,3.5672823200913326
Unknown-2,822,3.566721527955539
Unknown-2,823,3.5661607358197447
Unknown-2,824,3.5655999436839494
Unknown-2,825,3.5650391515481576
Unknown-2,826,3.564478359412364
Unknown-2,827,3.5639175672765697
Unknown-2,828,3.563356775140777
Unknown-2,829,3.562795983004981
Unknown-2,830,3.5622351908691874
Unknown-2,831,3.5616743987333948
Unknown-2,832,3.5611136065976003
Unknown-2,833,3.5605528144618077
Unknown-2,834,3.560648153819141
Unknown-2,835,3.561508660091973
Unknown-2,836,3.5623735484360335
Unknown-2,837,3.5634283631187493
Unknown-2,838,3.5644831778014616
Unknown-2,839,3.5655379924841784
Unknown-2,840,3.5665928071668898
Unknown-2,841,3.5676476218496056
Unknown-2,842,3.5687024365323206
Unknown-2,843,3.5697572512150364
Unknown-2,844,3.5708120658977496
Unknown-2,845,3.57433465296136
Unknown-2,846,3.5798262067068176
Unknown-2,847,3.586988476658677
Unknown-2,848,3.596649218414658
Unknown-2,849,3.6112310209966196
Unknown-2,850,3.6284246683335244
Unknown-2,851,3.645618315670439
Unknown-2,852,3.6631069414925435
Unknown-2,853,3.6812672564338715
Unknown-2,854,3.699565398740373
Unknown-2,855,3.71793199136018
Unknown-2,856,3.736298583979993
Unknown-2,857,3.754665176599808
Unknown-2,858,3.7730317692196182
Unknown-2,859,3.791398361839434
Unknown-2,860,3.8097649544592427
Unknown-2,861,3.8281315470790567
Unknown-2,862,3.846498139698869
Unknown-2,863,3.864864732318681
Unknown-2,864,3.883231324938496
Unknown-2,865,3.9015979175583047
Unknown-2,866,3.9199645101781204
Unknown-2,867,3.9383311027979326
Unknown-2,868,3.956697695417745
Unknown-2,869,3.975064288037558
Unknown-2,870,3.9934308806573675
Unknown-2,871,4.011797473277186
Unknown-2,872,4.030164065896993
Unknown-2,873,4.048530658516805
Unknown-2,874,4.066897251136618
Unknown-2,875,4.085263843756431
Unknown-2,876,4.1036304363762435
Unknown-2,877,4.121997028996053
Unknown-2,878,4.140363621615867
Unknown-2,879,4.159490580688496
Unknown-2,880,4.179388098634675
Unknown-2,881,4.2017092215824245
Unknown-2,882,4.237304651236723
Unknown-2,883,4.275052332099203
Unknown-2,884,4.312800012961669
Unknown-2,885,4.350547693824145
Unknown-2,886,4.388295374686619
Unknown-2,887,4.426043055549087
Unknown-2,888,4.4637907364115685
Unknown-2,889,4.5015384172740305
Unknown-2,890,4.539286098136511
Unknown-2,891,4.577033778998981
Unknown-2,892,4.6147814598614545
Unknown-2,893,4.652529140723933
Unknown-2,894,4.690276821586405
Unknown-2,895,4.728024502448878
Unknown-2,896,4.765772183311356
Unknown-2,897,4.8035198641738255
Unknown-2,898,4.841267545036298
Unknown-2,899,4.879015225898776
Unknown-2,900,4.916762906761248
Unknown-2,901,4.954510587623717
Unknown-2,902,4.992258268486195
Unknown-2,903,5.030005949348669
Unknown-2,904,5.06775363021114
Unknown-2,905,5.105501311073615
Unknown-2,906,5.143248991936091
Unknown-2,907,5.181353919551017
Unknown-2,908,5.219586097195361
Unknown-2,909,5.257818274839696
Unknown-2,910,5.29605045248403
Unknown-2,911,5.3310034037829315
Unknown-2,912,5.364041069981264
Unknown-2,913,5.397078736179591
Unknown-2,914,5.428880445760109
Unknown-2,915,5.45945116258385
Unknown-2,916,5.490021879407594
Unknown-2,917,5.520592596231346
Unknown-2,918,5.551163313055085
Unknown-2,919,5.581734029878821
Unknown-2,920,4.1559983356473555
Unknown-2,921,4.187167787076377
Unknown-2,922,4.218446847936397
Unknown-2,923,4.249815427445235
Unknown-2,924,4.281184006954076
Unknown-2,925,4.312552586462905
Unknown-2,926,4.343921165971744
Unknown-2,927,4.375289745480579
Unknown-2,928,4.406658324989415
Unknown-2,929,4.438026904498253
Unknown-2,930,4.469395484007089
Unknown-2,931,4.500764063515922
Unknown-2,932,4.532132643024761
Unknown-2,933,4.563501222533596
Unknown-2,934,4.5948698020424334
Unknown-2,935,4.6262383815512695
Unknown-2,936,4.657606961060104
Unknown-2,937,4.688975540568942
Unknown-2,938,4.7203441200777805
Unknown-2,939,4.751712699586607
Unknown-2,940,4.783081279095448
Unknown-2,941,4.814449858604285
Unknown-2,942,4.845818438113116
Unknown-2,943,4.87718701762196
Unknown-2,944,4.908555597130793
Unknown-2,945,4.939924176639627
Unknown-2,946,4.9712927561484666
Unknown-2,947,5.002661335657297
Unknown-2,948,5.034029915166139
Unknown-2,949,5.065398494674975
Unknown-2,950,5.096767074183811
Unknown-2,951,5.128135653692647
Unknown-2,952,5.159504233201478
Unknown-2,953,5.190872812710318
Unknown-2,954,5.222241392219157
Unknown-2,955,5.253609971727988
Unknown-2,956,5.2849785512368275
Unknown-2,957,5.316347130745662
Unknown-2,958,5.3477157102545
Unknown-2,959,5.379084289763336
Unknown-2,960,5.4104528692721665
Unknown-2,961,5.4418214487810035
Unknown-2,962,5.473190028289847
Unknown-2,963,5.504558607798677
Unknown-2,964,5.5359271873075135
Unknown-2,965,5.567295766816351
Unknown-2,966,5.598664346325187
Unknown-2,967,5.6300329258340245
Unknown-2,968,5.661401505342862
Unknown-2,969,5.692770084851696
Unknown-2,970,5.724138664360538
Unknown-2,971,5.755507243869367
Unknown-2,972,5.786875823378207
Unknown-2,973,5.818244402887041
Unknown-2,974,5.849612982395875
Unknown-2,975,5.880981561904713
Unknown-2,976,5.912350141413552
Unknown-2,977,5.943718720922383
Unknown-2,978,5.975087300431221
Unknown-2,979,6.006455879940052
Unknown-2,980,6.037824459448892
Unknown-2,981,6.069193038957726
Unknown-2,982,6.100561618466563
Unknown-2,983,6.1319301979754055
Unknown-2,984,6.163298777484237
Unknown-2,985,6.194667356993076
Unknown-2,986,6.227246692055166
Unknown-2,987,6.261432776235522
Unknown-2,988,6.2956188604158685
Unknown-2,989,6.329804944596225
Unknown-2,990,6.363991028776566
Unknown-2,991,6.398177112956924
Unknown-2,992,6.432363197137276
Unknown-2,993,6.466549281317626
Unknown-2,994,6.500735365497977
Unknown-2,995,6.534921449678332
Unknown-2,996,6.569107533858678
Unknown-2,997,6.603293618039036
Unknown-2,998,6.63747970221938
Unknown-2,999,6.671665786399736
Unknown-2,1000,6.7058518705800845
Unknown-2,1001,6.740037954760433
Unknown-2,1002,6.774224038940788
Unknown-2,1003,6.80841012312114
Unknown-2,1004,6.842596207301493
Unknown-2,1005,6.876782291481843
Unknown-2,1006,6.910968375662192
Unknown-2,1007,6.945154459842555
Unknown-2,1008,6.979340544022895
Unknown-2,1009,7.013526628203253
Unknown-2,1010,7.047712712383603
Unknown-2,1011,7.0818987965639515
Unknown-2,1012,7.116084880744302
Unknown-2,1013,7.150270964924658
Unknown-2,1014,7.184457049105011
Unknown-2,1015,7.2186431332853624
Unknown-2,1016,7.25282921746571
Unknown-2,1017,7.2870153016460595
Unknown-2,1018,7.321201385826415
Unknown-2,1019,7.355387470006763
Unknown-2,1020,7.389573554187114
Unknown-2,1021,7.423759638367468
Unknown-2,1022,7.457945722547825
Unknown-2,1023,7.492131806728166
Unknown-2,1024,7.526317890908524
Unknown-2,1025,7.560503975088869
Unknown-2,1026,7.594690059269224
Unknown-2,1027,7.628876143449579
Unknown-2,1028,7.663062227629927
Unknown-2,1029,7.697248311810283
Unknown-2,1030,7.731434395990632
Unknown-2,1031,7.765620480170984
Unknown-2,1032,7.7998065643513375
Unknown-2,1033,7.833992648531684
Unknown-2,1034,7.868178732712032
Unknown-2,1035,7.902364816892391
Unknown-2,1036,7.936550901072737
Unknown-2,1037,7.97073698525309
Unknown-2,1038,8.004923069433444
Unknown-2,1039,8.039109153613797
Unknown-2,1040,8.073295237794143
Unknown-2,1041,8.1074813219745
Unknown-2,1042,8.141667406154848
Unknown-2,1043,8.175853490335204
Unknown-2,1044,8.210039574515548
Unknown-2,1045,8.244225658695903
Unknown-2,1046,8.278411742876257
Unknown-2,1047,8.31259782705661
Unknown-2,1048,8.346783911236956
Unknown-2,1049,8.38096999541731
Unknown-2,1050,8.415156079597665
Unknown-2,1051,8.449342163778018
Unknown-2,1052,8.483528247958361
Unknown-2,1053,8.517714332138713
Unknown-2,1054,8.55190041631907
Unknown-2,1055,8.586086500499416
Unknown-2,1056,8.620272584679768
Unknown-2,1057,8.654458668860128
Unknown-2,1058,8.688644753040474
Unknown-2,1059,8.722830837220823
Unknown-2,1060,8.757016921401181
Unknown-2,1061,8.791203005581528
Unknown-2,1062,8.825389089761885
Unknown-2,1063,8.859575173942229
Unknown-2,1064,8.893761258122584
Unknown-2,1065,8.92794734230293
Unknown-2,1066,8.962133426483284
Unknown-2,1067,8.99631951066363
Unknown-2,1068,5.549634524549032
Unknown-2,1069,5.559457204642998
Unknown-2,1070,5.569279884736965
Unknown-2,1071,5.579102564830928
Unknown-2,1072,5.588925244924894
Unknown-2,1073,5.598747925018861
Unknown-2,1074,5.608570605112824
Unknown-2,1075,5.61839328520679
Unknown-2,1076,5.628215965300761
Unknown-2,1077,5.638038645394724
Unknown-2,1078,5.647861325488687
Unknown-2,1079,5.657684005582654
Unknown-2,1080,5.667506685676618
Unknown-2,1081,5.677351394412081
Unknown-2,1082,5.687206391753522
Unknown-2,1083,5.697061389094972
Unknown-2,1084,5.7069163864364185
Unknown-2,1085,5.716771383777857
Unknown-2,1086,5.726626381119305
Unknown-2,1087,5.736481378460752
Unknown-2,1088,5.746336375802197
Unknown-2,1089,5.75619137314364
Unknown-2,1090,5.76604637048509
Unknown-2,1091,5.775901367826533
Unknown-2,1092,5.78575636516798
Unknown-2,1093,5.795611362509425
Unknown-2,1094,5.805466359850869
Unknown-2,1095,5.815321357192314
Unknown-2,1096,5.82517635453376
Unknown-2,1097,5.8350313518752035
Unknown-2,1098,5.844886349216651
Unknown-2,1099,5.854741346558096
Unknown-2,1100,5.864596343899542
Unknown-2,1101,5.874451341240984
Unknown-2,1102,5.884306338582432
Unknown-2,1103,5.894161335923878
Unknown-2,1104,5.904016333265325
Unknown-2,1105,5.920542927016962
Unknown-2,1106,5.938945882490002
Unknown-2,1107,5.957348837963045
Unknown-2,1108,5.975751793436078
Unknown-2,1109,5.994154748909117
Unknown-2,1110,6.01255770438216
Unknown-2,1111,6.0309606598552055
Unknown-2,1112,6.049363615328245
Unknown-2,1113,6.0677665708012825
Unknown-2,1114,6.086169526274322
